patient	ref	tgt	L1_atlas	L1_zero	L1_atlas_oracle	alpha_oracle	cos	ratio_atlas	ratio_oracle
P1	1	2	0.1726294308900833	0.21054400503635406	0.1733321100473404	1.1523346864146842	0.7055128712401698	0.8199209037572732	0.8232583493289757
P1	1	3	0.41756781935691833	0.5616698861122131	0.4126788377761841	1.2845964784649573	0.785382236105151	0.7434399274051424	0.7347355590535205
P1	1	4	0.5780249238014221	0.7969322204589844	0.5705202221870422	1.293420726653559	0.8020929523340137	0.7253125284211938	0.715895539847112
P1	1	5	0.6860138773918152	0.9658169150352478	0.672192394733429	1.3288257069424083	0.8181357796507933	0.7102939146254017	0.695983249277527
P1	1	6	0.7201129794120789	1.0368024110794067	0.7051900029182434	1.3287357277777745	0.8269549405666435	0.6945517986039162	0.6801585291300352
P1	1	7	0.5072740316390991	0.7829532027244568	0.5081709623336792	1.0588812275754067	0.8373287813489606	0.6478982777948008	0.6490438516189566
P1	1	8	0.37351420521736145	0.5349130034446716	0.35797742009162903	0.8433445636853439	0.7857326231562569	0.6982709390350345	0.6692254960832266
P1	1	9	0.26722756028175354	0.3231978416442871	0.25284358859062195	0.681326648238712	0.6413595068505143	0.8268234680102391	0.7823183078954551
P1	1	10	0.12603525817394257	0.11608152836561203	0.11388184875249863	0.15945279452103123	0.11633890013655619	1.085747749435036	0.9810505629613588
P1	2	1	0.16966813802719116	0.2083354890346527	0.1706022173166275	1.2313187644665347	0.7231782666769595	0.8143986356494934	0.818882169846017
P1	2	3	0.1836194097995758	0.26547014713287354	0.18356800079345703	1.1107366426803689	0.8065309304091043	0.691676302524782	0.6914826498422713
P1	2	4	0.35823753476142883	0.5196976661682129	0.351816326379776	1.2522419047381055	0.8314427571230509	0.6893191139432142	0.6769634525660965
P1	2	5	0.48374316096305847	0.7056230902671814	0.473369300365448	1.293542437084137	0.8366809203341945	0.6855546078854804	0.6708529056017832
P1	2	6	0.5807445645332336	0.829675018787384	0.5725565552711487	1.2931303474469116	0.8185732903153801	0.699966313776717	0.6900973782577807
P1	2	7	0.4457370936870575	0.6379350423812866	0.44485247135162354	0.9834216621540649	0.7788492322768464	0.6987186219198873	0.6973319253494468
P1	2	8	0.4212314486503601	0.49692103266716003	0.40988895297050476	0.6919393562720304	0.5479076585122938	0.8476828730501791	0.8248573234473057
P1	2	9	0.3845735788345337	0.40583664178848267	0.3842754662036896	0.49555109955639204	0.24076080216051612	0.9476068428413839	0.9468722797188172
P1	2	10	0.3116123676300049	0.34813955426216125	0.31305018067359924	1.8787745127150808	0.5348885352040913	0.89507889527356	0.8992088857500562
P1	3	1	0.4081766903400421	0.5563861131668091	0.3968084752559662	1.3892295269785666	0.8038624727988888	0.7336212760897348	0.7131890352141118
P1	3	2	0.19186417758464813	0.2769666910171509	0.18880288302898407	1.223292038442204	0.8262524656721719	0.6927337611610745	0.681680827162327
P1	3	4	0.14819198846817017	0.19494503736495972	0.14993220567703247	1.172701355796485	0.7825037352165594	0.7601731773799277	0.7690998842732375
P1	3	5	0.2842792868614197	0.3961801826953888	0.2831275463104248	1.318347816043679	0.8111793272340254	0.7175504966637708	0.7146433836851279
P1	3	6	0.39232969284057617	0.5347200632095337	0.39209479093551636	1.324297510357353	0.7846796356239538	0.7337104399743444	0.7332711411314136
P1	3	7	0.3715737462043762	0.4638760983943939	0.36724913120269775	0.8827453942222491	0.6199329610375978	0.8010193831725709	0.7916966027649422
P1	3	8	0.47031164169311523	0.5075492858886719	0.4732828140258789	0.6300016633377904	0.2669695770772103	0.9266324567271197	0.9324864149837281
P1	3	9	0.512884259223938	0.5905018448829651	0.4937332570552826	2.1232450290895954	0.5812463471516196	0.8685565738166143	0.836124834043725
P1	3	10	0.5121655464172363	0.6435048580169678	0.49519380927085876	1.787532008581428	0.74787388201241	0.7959000464977557	0.7695261397044522
P1	4	1	0.5496833324432373	0.768595814704895	0.5328164100646973	1.3687019261458464	0.8206120225227128	0.71517866988944	0.6932335564034706
P1	4	2	0.36714115738868713	0.5311154127120972	0.35139593482017517	1.3280078395414796	0.8388967389263315	0.6912643628884935	0.661618786443799
P1	4	3	0.15799376368522644	0.21323055028915405	0.1575319468975067	1.3357490439149196	0.7996879254185951	0.7409527549920822	0.7387869453222509
P1	4	5	0.12229792773723602	0.1562378704547882	0.12364093959331512	1.1411063349214963	0.7431838859468926	0.7827675030467491	0.7913634462208962
P1	4	6	0.24037966132164001	0.304650217294693	0.24306537210941315	1.2313661718499231	0.718843411137285	0.7890349248926252	0.797850644151329
P1	4	7	0.3312302827835083	0.3668863773345947	0.3300968408584595	0.679486573850185	0.3532486994213437	0.9028143404774918	0.8997249864020332
P1	4	8	0.5229573249816895	0.5756041407585144	0.5176231861114502	1.5654831907331699	0.40910223000280677	0.9085364193046831	0.899269392727685
P1	4	9	0.6145429611206055	0.7383968234062195	0.5929577946662903	2.0205664658763656	0.7001084102331533	0.8322665288370594	0.8030340541431097
P1	4	10	0.6383230686187744	0.8379920721054077	0.6149144172668457	1.650376180735155	0.7854836633917153	0.76172924526007	0.7337950294946204
P1	5	1	0.6613359451293945	0.9317993521690369	0.6350104212760925	1.3851219188723958	0.8237175266015502	0.7097407221736534	0.6814883695700358
P1	5	2	0.4958092272281647	0.7177234888076782	0.4728458821773529	1.3559709909086746	0.8370208382369079	0.6908081384543096	0.658813442155656
P1	5	3	0.29548054933547974	0.4134257435798645	0.2850039005279541	1.4442052962761254	0.8220266382285366	0.7147125062336608	0.6893714408302147
P1	5	4	0.1253112405538559	0.16104143857955933	0.12750138342380524	1.2797736099145511	0.762300563108941	0.7781304095339932	0.791730281028356
P1	5	6	0.12180298566818237	0.12823110818862915	0.11971443891525269	0.8740128532427269	0.4619540588224572	0.9498708027151185	0.9335834385767893
P1	5	7	0.3071248531341553	0.33317291736602783	0.30723270773887634	0.9497145921757456	0.28404861453772856	0.9218181824687274	0.9221419020722706
P1	5	8	0.5528771877288818	0.6365214586257935	0.5382635593414307	2.211227890671918	0.6059395629889146	0.8685915930038024	0.8456330136983993
P1	5	9	0.698806643486023	0.8673068284988403	0.6755588054656982	1.8712073735580157	0.7301128432291988	0.8057202140279901	0.7789155847359981
P1	5	10	0.7516571879386902	1.0041530132293701	0.7196425199508667	1.596945815014448	0.7865921245940223	0.7485484562968647	0.7166661957588379
P1	6	1	0.7082301378250122	1.0130274295806885	0.6831280589103699	1.3716549706544716	0.8249988265509407	0.6991223703766465	0.6743431016405249
P1	6	2	0.5740909576416016	0.8252907395362854	0.5575786232948303	1.3473614614985712	0.8242767914266983	0.6956226819704435	0.6756147822622156
P1	6	3	0.3964177072048187	0.5433089733123779	0.3921079635620117	1.4007905790576252	0.7869028501225667	0.7296358548764417	0.7217034557177606
P1	6	4	0.24673959612846375	0.3175366520881653	0.24805660545825958	1.362423959472476	0.7335440866098178	0.777042884674477	0.7811904667603087
P1	6	5	0.1244284063577652	0.14007903635501862	0.12495876848697662	1.0489958934808152	0.5199591127176699	0.8882728607756253	0.8920590242374246
P1	6	7	0.20447365939617157	0.22555387020111084	0.21076303720474243	1.644603477011778	0.5001983696339204	0.9065402389852877	0.9344243883592844
P1	6	8	0.5276207327842712	0.6221195459365845	0.5167166590690613	2.188637362877393	0.6694771363688037	0.8481018418894912	0.830574545429461
P1	6	9	0.7036910653114319	0.8958055973052979	0.6764539480209351	1.7824529725317375	0.7513049582109128	0.785539929007173	0.7551347636761797
P1	6	10	0.7712871432304382	1.0470194816589355	0.7373437285423279	1.552929290215861	0.7982738539898132	0.7366502311956822	0.704231145130226
P1	7	1	0.5400996804237366	0.8163893222808838	0.538145899772644	1.1471267068680824	0.8335932379378046	0.661571220597018	0.6591780233836665
P1	7	2	0.45288920402526855	0.6471830606460571	0.453711599111557	1.040511775529724	0.7848004916321	0.6997853181960098	0.7010560484364884
P1	7	3	0.36500275135040283	0.4801296293735504	0.36495542526245117	0.9952256703027409	0.6550223839673582	0.7602170935100183	0.7601185241132214
P1	7	4	0.3308389186859131	0.37188422679901123	0.3298078775405884	0.7914382558677624	0.3940147443963023	0.8896288006985531	0.8868563218703991
P1	7	5	0.29427942633628845	0.3130565583705902	0.29400521516799927	0.9328373713728049	0.2870652512870435	0.9400200010757361	0.9391440853315766
P1	7	6	0.186983123421669	0.1989709883928299	0.19128771126270294	1.2839697094190992	0.4294955725879816	0.939750688942183	0.9613849376123227
P1	7	8	0.2314605712890625	0.2865739166736603	0.22993174195289612	1.6230452427941802	0.7367564136729211	0.8076819201680563	0.8023470685042625
P1	7	9	0.44429731369018555	0.6009567379951477	0.4322693347930908	1.4466423501898655	0.784403419924972	0.7393166356240654	0.7193019188622212
P1	7	10	0.5334605574607849	0.7759274840354919	0.5255588889122009	1.2541065598598022	0.8213324900483109	0.6875134190199451	0.6773299048241487
P1	8	1	0.3624388873577118	0.5390722155570984	0.3561536967754364	0.8954026246686395	0.7952871177709491	0.672338282141203	0.6606790082983097
P1	8	2	0.4183746576309204	0.5164951086044312	0.4136980473995209	0.7590528580294624	0.5716691542727849	0.8100263693907344	0.8009718591862994
P1	8	3	0.4696543514728546	0.5050653219223022	0.47183331847190857	0.6816784662689749	0.2845124250233617	0.9298883354044744	0.9342025634943395
P1	8	4	0.5257604718208313	0.5754151344299316	0.5214550495147705	1.6044112863723785	0.40776910939721495	0.9137063666942066	0.9062240777371631
P1	8	5	0.5666584372520447	0.6453139185905457	0.5592111349105835	2.1410512790337135	0.5851933926062897	0.878112839235987	0.866572250807758
P1	8	6	0.5404823422431946	0.6274868249893188	0.5381331443786621	2.035761749093924	0.6465361136695248	0.8613445266398936	0.857600706417736
P1	8	7	0.2238016426563263	0.2717379331588745	0.22475183010101318	1.4304606190084455	0.7156125196806833	0.8235936737086987	0.8270903789115435
P1	8	9	0.1677246242761612	0.23093673586845398	0.16856719553470612	1.0516950241550538	0.8087659876403349	0.7262795312552628	0.7299280250965582
P1	8	10	0.3062879145145416	0.4749017059803009	0.3070510923862457	1.0556088416309948	0.8373603575577803	0.6449501247469651	0.6465571475520923
P1	9	1	0.2641167938709259	0.3441850244998932	0.2575845718383789	0.7680199523807918	0.6753313041860113	0.7673686391634621	0.7483898296059038
P1	9	2	0.39739280939102173	0.4239855706691742	0.39907675981521606	0.5280789979071725	0.24926265617205232	0.9372790889176222	0.941250805269989
P1	9	3	0.5335723757743835	0.6078640818595886	0.5186253786087036	2.0754448462635318	0.5599854331977191	0.8777823722403032	0.8531929983790383
P1	9	4	0.6329088807106018	0.7574048042297363	0.6165218353271484	1.9265092668785522	0.6757240972742327	0.8356282890947013	0.813992506892186
P1	9	5	0.7257146239280701	0.8945488929748535	0.7131413817405701	1.7958185287714483	0.7109001320575572	0.8112632295756141	0.7972078299364874
P1	9	6	0.7303795218467712	0.9213516116142273	0.7141085267066956	1.7035077808235304	0.73400704093747	0.7927261564856125	0.7750662371508338
P1	9	7	0.45086973905563354	0.6052778959274292	0.4457532465457916	1.334739177670818	0.7696116939843612	0.7448970829585545	0.736443953339469
P1	9	8	0.1843501329421997	0.24795229732990265	0.18446657061576843	1.005484612118989	0.7847602337235593	0.7434903202244595	0.7439599172994719
P1	9	10	0.14525184035301208	0.21077802777290344	0.14197827875614166	0.9025440482918092	0.8039701961049043	0.6891223050512143	0.6735914566442
P1	10	1	0.1304258555173874	0.12205556780099869	0.12022532522678375	0.15893709203459494	0.11581081340307177	1.0685776803728917	0.9850048415882265
P1	10	2	0.327859103679657	0.3632638156414032	0.327750027179718	1.8279173078891313	0.5150058912343	0.9025371907762593	0.9022369227747619
P1	10	3	0.5271278619766235	0.6596536636352539	0.5125202536582947	1.707942402201133	0.736887493089504	0.799097907031547	0.7769535468564993
P1	10	4	0.6791362166404724	0.8801599740982056	0.6653944849967957	1.5604801021860684	0.7640987930015263	0.7716054315424896	0.7559926656271159
P1	10	5	0.7759993672370911	1.033815622329712	0.7583141326904297	1.5422872456393137	0.7854577992967224	0.7506167932424644	0.7335100343923635
P1	10	6	0.7949343919754028	1.0824484825134277	0.7706876993179321	1.5055863945396843	0.8009901829441741	0.7343854278677339	0.7119855695380605
P1	10	7	0.5410754680633545	0.786264955997467	0.5388312935829163	1.1933318271613533	0.8210206925733052	0.6881592063033489	0.6853049846274112
P1	10	8	0.2975407540798187	0.47214940190315247	0.2974715828895569	0.9973950544517923	0.8412905684975986	0.6301834819243305	0.6300369791648586
P1	10	9	0.15276925265789032	0.20738500356674194	0.14438025653362274	0.8268602281786205	0.7789418377105897	0.7366456109673579	0.6961942958771239
P2	1	2	0.18962134420871735	0.13155412673950195	0.12520970404148102	0.2676056592146458	0.3695687751937036	1.4413941159306822	0.9517732901637977
P2	1	3	0.44511666893959045	0.3099147379398346	0.284826397895813	0.3308521558731758	0.5165712112204366	1.4362552484548292	0.9190476057679705
P2	1	4	0.6672492623329163	0.47675660252571106	0.4336211085319519	0.35322231136507165	0.5384723112796237	1.3995595630936901	0.9095230275464661
P2	1	5	0.8524473905563354	0.5973273515701294	0.5559597611427307	0.3370506303737204	0.504853905083334	1.427102556605854	0.9307455278606275
P2	1	6	0.9470804333686829	0.6668640375137329	0.6252734661102295	0.3325533076591628	0.4794555101019287	1.4202001908810076	0.9376326071524783
P2	1	7	0.8786367774009705	0.70693439245224	0.6538437008857727	0.3889124776576955	0.47164060586785	1.2428830550358754	0.9249001150130717
P2	1	8	0.6466025114059448	0.6558286547660828	0.5694577693939209	0.5832779360162348	0.5535774102596474	0.9859320825750917	0.8683026660325354
P2	1	9	0.3603939414024353	0.4507640302181244	0.35544589161872864	0.8780301174083378	0.6651570757008218	0.7995179678113201	0.7885409389181489
P2	1	10	0.1480182409286499	0.18038304150104523	0.14885157346725464	1.4069815516832784	0.6664788433232689	0.8205773652385843	0.825197159492358
P2	2	1	0.19443534314632416	0.12920767068862915	0.12467387318611145	0.24519499354182583	0.35191012772459124	1.5048281739780278	0.9649107713314988
P2	2	3	0.22040143609046936	0.17513582110404968	0.1539812535047531	0.4448204234837175	0.6344008125353199	1.2584600608891254	0.8792105037910636
P2	2	4	0.43378424644470215	0.3624195158481598	0.31611019372940063	0.4628137516025536	0.6271335335139542	1.1969119417576881	0.8722217758875849
P2	2	5	0.6271124482154846	0.4982156455516815	0.44700270891189575	0.42107249832074556	0.5686455303322395	1.2587168905967892	0.8972072894598143
P2	2	6	0.7319325804710388	0.5936715006828308	0.5329921245574951	0.41846898723123355	0.5369970331231435	1.2328915564065017	0.8977896428318636
P2	2	7	0.6821462512016296	0.6488731503486633	0.5649207234382629	0.501465439967421	0.5232399016210406	1.0512782827199545	0.870618121792696
P2	2	8	0.5234951376914978	0.6217078566551208	0.509015679359436	0.7832357184117356	0.5782788159289899	0.8420275408903117	0.8187377301261959
P2	2	9	0.3582202196121216	0.45699983835220337	0.35372239351272583	1.3122767746370674	0.6292622001497562	0.7838519613130503	0.7740098875923823
P2	2	10	0.2849333584308624	0.23469537496566772	0.2342468649148941	0.08673479424590412	0.05800836932512034	1.2140561290248848	0.9980889693678914
P2	3	1	0.4448018968105316	0.303251713514328	0.2813418507575989	0.32339078914469066	0.5070098701951137	1.4667745539037678	0.927750242520249
P2	3	2	0.22567349672317505	0.1737096607685089	0.1543360948562622	0.4355523236652999	0.6294984563478216	1.2991418883945367	0.8884715690161612
P2	3	4	0.1880279779434204	0.17508092522621155	0.1552027463912964	0.5395099017101838	0.6006434989601999	1.073948962175524	0.8864629095989083
P2	3	5	0.37721145153045654	0.3337951898574829	0.30165159702301025	0.4729861960664765	0.5264842082493165	1.1300685659715786	0.9037026481771752
P2	3	6	0.49232006072998047	0.44251105189323425	0.3968495726585388	0.4459584957862825	0.47587950336723067	1.112559920534513	0.8968127936255199
P2	3	7	0.4961002469062805	0.5250946879386902	0.45893099904060364	0.5811817112297141	0.4524390710449303	0.9447824521968978	0.8739966516175997
P2	3	8	0.453556627035141	0.5214959979057312	0.45354658365249634	0.8607153362705828	0.40650352611260326	0.8697221625028245	0.8697029037114148
P2	3	9	0.44218307733535767	0.3821121156215668	0.38099777698516846	0.03928501626078143	0.026213589137866214	1.1572076865871572	0.9970837390628515
P2	3	10	0.49111947417259216	0.31459182500839233	0.30439212918281555	0.1525820312583426	0.21461795243437243	1.5611323471596588	0.967578001032593
P2	4	1	0.651235044002533	0.46947839856147766	0.42791715264320374	0.3529185590530762	0.5255872891424367	1.387145917677945	0.9114735714239012
P2	4	2	0.4407772421836853	0.3559044599533081	0.31338176131248474	0.4390563424174132	0.6031776809139349	1.2384706902563454	0.8805221529215959
P2	4	3	0.19606271386146545	0.1721750944852829	0.15602511167526245	0.5119379369488951	0.5731956156918937	1.1387402716263613	0.9062002384357576
P2	4	5	0.1683375984430313	0.14480984210968018	0.13347025215625763	0.4420724771925691	0.42195900973546785	1.162473461683157	0.9216932372260039
P2	4	6	0.2902493476867676	0.2765655517578125	0.24838730692863464	0.43808312831562524	0.3911507151691527	1.0494775862068966	0.8981136853448276
P2	4	7	0.3365192711353302	0.3781582713127136	0.3324764370918274	0.655180462001022	0.3876686930884346	0.8898900187140147	0.8791991668929802
P2	4	8	0.4231419265270233	0.40495795011520386	0.399318665266037	0.16787227834276405	0.09178374468854535	1.0449033693662426	0.9860743940264352
P2	4	9	0.5461903810501099	0.36999884247779846	0.36782538890838623	0.04220577026530923	0.04900704973532907	1.47619483723894	0.9941257827866241
P2	4	10	0.6751965880393982	0.45732757449150085	0.4294029474258423	0.23650863238115422	0.3514982011357453	1.4763959701973892	0.9389395509406846
P2	5	1	0.8286304473876953	0.5811704397201538	0.5398250222206116	0.33168544623307755	0.49565916928416104	1.425795929653096	0.9288583612073406
P2	5	2	0.6306740641593933	0.49150601029396057	0.44245195388793945	0.40155822519754686	0.5525493280611306	1.283146189366431	0.9001964261297989
P2	5	3	0.37678101658821106	0.3326236605644226	0.3012876510620117	0.46113300872259977	0.5189274357041439	1.1327547052691882	0.9057913996579876
P2	5	4	0.17810232937335968	0.14843416213989258	0.13970597088336945	0.40392868969220236	0.4115706278878711	1.1998742527040789	0.941198231386268
P2	5	6	0.12880724668502808	0.12768317759037018	0.11767032742500305	0.48607144420429577	0.34293641373405204	1.0088035802043094	0.9215805061063714
P2	5	7	0.2309037148952484	0.23740284144878387	0.2245112657546997	0.38668327445445716	0.21227949010383562	0.9726240574296683	0.9456974667387655
P2	5	8	0.4286104440689087	0.3002334535121918	0.30386391282081604	-0.07781475855056952	-0.07992445867566875	1.4275905601289158	1.012092121201533
P2	5	9	0.6686184406280518	0.41372087597846985	0.4082467257976532	0.07853555411329564	0.1149458314976438	1.6161099897285502	0.9867684941740732
P2	5	10	0.8527705073356628	0.5663889646530151	0.541599690914154	0.23704363724369898	0.3586923083915196	1.5056269817299364	0.956232774143035
P2	6	1	0.9367766380310059	0.6363523006439209	0.5999976992607117	0.31060065227769	0.4642297617324223	1.472103797036779	0.942870323016948
P2	6	2	0.7365330457687378	0.5753926634788513	0.5201386213302612	0.38453661717360865	0.5129123439409483	1.2800528969480147	0.903971590783724
P2	6	3	0.49233031272888184	0.44131457805633545	0.396517276763916	0.43120236145069213	0.46819545734333506	1.1155994775818034	0.8984912270749849
P2	6	4	0.3005019724369049	0.2781966030597687	0.2536911368370056	0.4128853805925372	0.3920307451263775	1.0801784390312776	0.9119131364177793
P2	6	5	0.134738489985466	0.12486837804317474	0.11736069619655609	0.4158799681252101	0.33918735333271816	1.0790441270797844	0.9398752353135973
P2	6	7	0.1629214733839035	0.09864707291126251	0.10050162672996521	-0.12089192983425473	-0.14800865818917136	1.6515591246225696	1.0187998869502286
P2	6	8	0.4242159128189087	0.20721088349819183	0.20867469906806946	-0.06846016181452676	-0.12120578481497798	2.047266560796313	1.0070643758916766
P2	6	9	0.746308445930481	0.4278280735015869	0.4226589500904083	0.09436537868611168	0.1531005482007806	1.74441204809743	0.9879177554458464
P2	6	10	0.9327352046966553	0.6014196872711182	0.5814392566680908	0.23534420617367935	0.35764988186821434	1.5508890454332285	0.9667778906711775
P2	7	1	0.8710748553276062	0.6726906299591064	0.6251863837242126	0.3626082052967986	0.46316128481549573	1.2949115336727073	0.9293817334161744
P2	7	2	0.6764864921569824	0.6312504410743713	0.5503600835800171	0.4796277213097089	0.5191071232446005	1.0716610209501327	0.8718569489524933
P2	7	3	0.4956000745296478	0.5195949673652649	0.4565352201461792	0.558396298743771	0.45075339944437554	0.9538200053066543	0.8786367244108507
P2	7	4	0.33977505564689636	0.37855276465415955	0.3353889584541321	0.6177770759901613	0.3838906226174207	0.897563265605285	0.8859767772678631
P2	7	5	0.22996565699577332	0.23484349250793457	0.2218441665172577	0.45608306759439243	0.25546111754488693	0.9792294201552276	0.9446468545844945
P2	7	6	0.15803010761737823	0.09567362815141678	0.09750726819038391	-0.11494065928238563	-0.13758178797610013	1.651762462350374	1.0191655744053643
P2	7	8	0.27719423174858093	0.14191652834415436	0.14191731810569763	-0.0003412728844894529	-0.0005892434663714715	1.9532202131972372	1.0000055649722586
P2	7	9	0.6303829550743103	0.4134689271450043	0.4071018695831299	0.15027270976588442	0.20482971781357395	1.5246199017350435	0.9846008801535854
P2	7	10	0.8508796691894531	0.6140943169593811	0.594060480594635	0.29028971183421226	0.3717036857907198	1.3855846662162385	0.967376613312526
P2	8	1	0.6205342411994934	0.6211273670196533	0.5365833640098572	0.5468814464013149	0.5534548289073977	0.9990450818114714	0.8638862051507046
P2	8	2	0.5136228799819946	0.6124751567840576	0.49810588359832764	0.7620481225461643	0.5858318715003374	0.8386019813095609	0.8132670820703124
P2	8	3	0.44608810544013977	0.5179466605186462	0.4464004337787628	0.8894740317219387	0.4372666655005106	0.8612626346378006	0.8618656471918545
P2	8	4	0.41820523142814636	0.4003410339355469	0.3943891227245331	0.18394742666965808	0.10146142038046413	1.0446224493077458	0.9851328974387071
P2	8	5	0.43383800983428955	0.2936067581176758	0.29831504821777344	-0.08358813876411754	-0.08571536373397079	1.4776158853278505	1.0160360413032816
P2	8	6	0.4273364543914795	0.19569849967956543	0.19870781898498535	-0.0813496858243936	-0.143499988618798	2.183647064700013	1.0153773243553086
P2	8	7	0.2722460925579071	0.13139864802360535	0.13161887228488922	-0.018356563558349588	-0.0307754520964169	2.0719093891209517	1.0016760009680183
P2	8	9	0.333553284406662	0.2759760618209839	0.2670535147190094	0.35528777988474447	0.3595911067011078	1.2086312204245688	0.9676691266514187
P2	8	10	0.602375328540802	0.5230516195297241	0.4891009032726288	0.45731984017323246	0.4623506302691493	1.151655603480203	0.9350910789883025
P2	9	1	0.3573550879955292	0.4381266236305237	0.3493982255458832	0.833510387577777	0.6643101140743862	0.815643397870498	0.7974822955304675
P2	9	2	0.35517221689224243	0.4555831253528595	0.3527967035770416	1.277409640804291	0.6391274024431866	0.7795991491501215	0.7743849232865957
P2	9	3	0.4449350833892822	0.37848344445228577	0.37727800011634827	0.03799823694753686	0.025355635543778267	1.175573436331305	0.9968150672014678
P2	9	4	0.5501471757888794	0.3621029257774353	0.35995540022850037	0.0337599450831644	0.039657319087212296	1.5193116007215708	0.9940692952305641
P2	9	5	0.6753740906715393	0.4001801013946533	0.3945392966270447	0.07417851836578668	0.11246661303008888	1.6876753449704702	0.9859043347034246
P2	9	6	0.7503125667572021	0.42260608077049255	0.4166276156902313	0.09390028242575917	0.15265254634538433	1.7754419562284511	0.9858533387182661
P2	9	7	0.6402124762535095	0.4159308969974518	0.4095737338066101	0.15848981698729012	0.21005849606342464	1.539227984444329	0.9847158188133337
P2	9	8	0.33668383955955505	0.279457151889801	0.27070993185043335	0.3651679973549698	0.3564005764797047	1.2047780394338248	0.9686992443019781
P2	9	10	0.2619016170501709	0.26638296246528625	0.2365250587463379	0.6699303427980224	0.5785375686667257	0.9831770569196994	0.8879136133834411
P2	10	1	0.14904753863811493	0.1782696396112442	0.15061399340629578	1.3496308289725982	0.6666009259680885	0.8360792054280559	0.844866202314328
P2	10	2	0.28328070044517517	0.2332502007484436	0.23246796429157257	0.09529157079309476	0.06338984062017788	1.214492847321013	0.9966463631998557
P2	10	3	0.49324357509613037	0.3059595823287964	0.2953912019729614	0.14185016518390514	0.20849228917038687	1.6121200432482978	0.9654582468854407
P2	10	4	0.6811195611953735	0.45358723402023315	0.42390698194503784	0.2368909707880433	0.36451267452051533	1.5016285955812214	0.9345655039447796
P2	10	5	0.8613600730895996	0.562796413898468	0.5352828502655029	0.24313509649981635	0.3779810687967361	1.5305002871695526	0.9511127595103535
P2	10	6	0.9461633563041687	0.616239607334137	0.5921276211738586	0.2537959488947142	0.3841423835346953	1.5353822523633096	0.9608723849078978
P2	10	7	0.863258957862854	0.6378633975982666	0.6130480170249939	0.31612968014130927	0.3937505317443919	1.35336023530001	0.9610960894343373
P2	10	8	0.6049928665161133	0.5373860001564026	0.49990198016166687	0.4843079646374267	0.4764494796853373	1.1258068992121755	0.9302474943823876
P2	10	9	0.26026567816734314	0.27200964093208313	0.23873965442180634	0.6989978111634085	0.5920713082579628	0.9568251966198791	0.8776882084169074
P3	1	2	0.24802468717098236	0.2865368723869324	0.25169867277145386	1.4307709518988827	0.61942814000029	0.8655943128884854	0.8784163471693309
P3	1	3	0.4747709333896637	0.6038203239440918	0.47535240650177	1.3738510214921824	0.7310359809308915	0.7862784914037162	0.7872414816990878
P3	1	4	0.6906902194023132	0.891513466835022	0.6885306239128113	1.4131916233097725	0.7429571302274413	0.774738963679758	0.7723165712315891
P3	1	5	0.8724982142448425	1.12416672706604	0.8678063154220581	1.4195548727566512	0.7350026239468056	0.7761288367980552	0.7719551686847588
P3	1	6	0.9702378511428833	1.236781358718872	0.9698517322540283	1.3643432832377105	0.7116502609008101	0.7844861537595541	0.7841739571969741
P3	1	7	0.7843087315559387	0.9988840222358704	0.7890298366546631	1.0835045561664902	0.6628965719565189	0.7851849805349442	0.7899113601682443
P3	1	8	0.5098202228546143	0.6555743217468262	0.5090538263320923	0.986921408472066	0.6817593568966162	0.777669603495391	0.7765005575198259
P3	1	9	0.3174735903739929	0.4012570083141327	0.31661444902420044	0.9737872930514392	0.6538525756199607	0.7911976209657923	0.789056496120641
P3	1	10	0.1517781913280487	0.16011638939380646	0.14982125163078308	0.801526079969971	0.39931078603569714	0.947924143822342	0.9357021613964672
P3	2	1	0.24025805294513702	0.28305310010910034	0.24105112254619598	1.5937492327416023	0.6549701184368747	0.8488091204531293	0.8516109608171928
P3	2	3	0.30154186487197876	0.3681303858757019	0.3014928102493286	1.3738356912593879	0.6925332610014779	0.8191170206031116	0.8189837672110195
P3	2	4	0.5258229374885559	0.6581997275352478	0.5265421867370605	1.3783831061769731	0.6985975790100096	0.7988805152770245	0.7999732675502562
P3	2	5	0.6872930526733398	0.8712269067764282	0.690443217754364	1.3699736231130066	0.7068914329388775	0.7888795069660435	0.792495287259928
P3	2	6	0.788936972618103	0.9998354911804199	0.7901991009712219	1.317529228644116	0.6913778006660114	0.7890667810628256	0.7903291170813528
P3	2	7	0.6191664934158325	0.7778134346008301	0.6183134913444519	0.9831587622820736	0.6410358807817572	0.7960347120175234	0.7949380453447262
P3	2	8	0.387149453163147	0.4664938151836395	0.37378284335136414	0.8025375561100979	0.6219386152174228	0.8299133676847186	0.8012600192871178
P3	2	9	0.26907432079315186	0.2712593376636505	0.24993519484996796	0.5608421062816461	0.4161264782002481	0.9919449155582324	0.9213883547849566
P3	2	10	0.24357999861240387	0.25977933406829834	0.24415360391139984	1.0421199550095788	0.44153809739892325	0.9376419394021716	0.9398499876330025
P3	3	1	0.4665072560310364	0.5950747132301331	0.4642068147659302	1.4610242696691116	0.7434490869414175	0.7839473693963268	0.7800815669786453
P3	3	2	0.29949110746383667	0.3709385097026825	0.298299103975296	1.4697903999033015	0.7004755008112762	0.8073874769807187	0.8041739969635157
P3	3	4	0.2548918128013611	0.3060009777545929	0.2583065927028656	1.4440295288566523	0.649610667310245	0.8329771188044359	0.8441364945899705
P3	3	5	0.4027814567089081	0.5028389096260071	0.4094263017177582	1.3241511860457065	0.6742823948782485	0.8010148956223018	0.8142295551914912
P3	3	6	0.5092043876647949	0.6346684098243713	0.5150691866874695	1.2278689000458705	0.64051742151544	0.8023156340894682	0.811556363471757
P3	3	7	0.4702035188674927	0.5173312425613403	0.4532376825809479	0.7427044859988368	0.4655829658779345	0.908902227786369	0.8761073086112853
P3	3	8	0.35904690623283386	0.3513590693473816	0.33450040221214294	0.4759619646115479	0.3090791444082529	1.0218802858845561	0.9520186936783726
P3	3	9	0.4024270474910736	0.43480706214904785	0.4051113724708557	1.1907918021177486	0.474296111299748	0.9255301546899101	0.9317037549219641
P3	3	10	0.45665886998176575	0.5574347376823425	0.4583468735218048	1.454158811860862	0.6920657683013395	0.8192149486062268	0.8222431121309065
P3	4	1	0.6746084094047546	0.8646547794342041	0.6706640124320984	1.470752036403945	0.7466223031546292	0.7802054940888568	0.7756436769723917
P3	4	2	0.5038295984268188	0.6412592530250549	0.5023583769798279	1.441606656884632	0.7213716970381587	0.7856878416179883	0.783393572272087
P3	4	3	0.2492028921842575	0.3022253215312958	0.2513437867164612	1.5335086836897598	0.6662615087527481	0.8245599373395067	0.8316437068971213
P3	4	5	0.21386919915676117	0.2480037361383438	0.21605414152145386	1.2198223538239263	0.563489143711031	0.8623628114919148	0.8711729302373593
P3	4	6	0.3049659729003906	0.3698572516441345	0.3063132166862488	1.1077915960205087	0.5696035900648041	0.8245504760139722	0.8281930807753206
P3	4	7	0.3635095953941345	0.34626340866088867	0.3371412754058838	0.4031863371936931	0.22390459396673412	1.0498065527626566	0.9736555089944875
P3	4	8	0.4199575185775757	0.42287853360176086	0.41446760296821594	0.8320038569567426	0.3218407304983568	0.9930925436216727	0.9801102918090759
P3	4	9	0.530117392539978	0.6163977980613708	0.5323607325553894	1.5769516378201283	0.6413395626264499	0.8600247992566605	0.8636642347356108
P3	4	10	0.6530653834342957	0.8151987791061401	0.6520839333534241	1.5052592997874141	0.7231646042555316	0.8011118271673289	0.799907887581026
P3	5	1	0.844802975654602	1.081828236579895	0.8372958898544312	1.4930589058415857	0.7444826490375469	0.7809030556693293	0.7739637971564401
P3	5	2	0.6731551885604858	0.8615084886550903	0.67033451795578	1.4452696493956794	0.7269920250314802	0.7813680276225197	0.7780939210503266
P3	5	3	0.3826456367969513	0.4864157736301422	0.38766318559646606	1.3917795983983448	0.6952800776489575	0.7866637094049195	0.7969790590944836
P3	5	4	0.21120180189609528	0.2531452476978302	0.21288880705833435	1.3826716491612006	0.5950329124878078	0.8343107517001417	0.8409749303785137
P3	5	6	0.1806045025587082	0.1986202448606491	0.18073074519634247	1.0785433311709498	0.3914338369115198	0.9092955387574884	0.9099311367939465
P3	5	7	0.37233975529670715	0.368066668510437	0.36723142862319946	0.7039459394667854	0.2020656111256459	1.0116095456390095	0.9977307375030242
P3	5	8	0.5147841572761536	0.567070722579956	0.518867015838623	1.836293158935677	0.5698216665106188	0.9077953362396871	0.9149952469384692
P3	5	9	0.6796490550041199	0.8269080519676208	0.6687970757484436	1.719210754774587	0.693391928645144	0.8219161167761042	0.8087925545736875
P3	5	10	0.8323726058006287	1.0490769147872925	0.8212050199508667	1.5649629730995083	0.7360948222931765	0.7934333451321802	0.7827881906231553
P3	6	1	0.9383331537246704	1.205067753791809	0.9252662062644958	1.4921923988182448	0.7387307569592388	0.7786559309816031	0.7678126008708615
P3	6	2	0.7659618258476257	0.978554368019104	0.761402428150177	1.413878844536787	0.7148375845059665	0.7827483590903271	0.7780890393361489
P3	6	3	0.5017382502555847	0.6317434310913086	0.5071670413017273	1.335846064349048	0.6600140506247577	0.7942120575576928	0.8028054053931655
P3	6	4	0.3007752001285553	0.37127378582954407	0.3037238121032715	1.2472787386040707	0.6021444064626658	0.8101169853845931	0.8180588657091844
P3	6	5	0.18069924414157867	0.2027732878923416	0.18047644197940826	1.2279382315790786	0.43437754594531464	0.8911392916680292	0.8900405169502829
P3	6	7	0.3399156630039215	0.35527464747428894	0.34183269739151	2.4283119707887533	0.4196519070591558	0.956768701117411	0.9621646234023729
P3	6	8	0.550968587398529	0.6202219128608704	0.5498982071876526	1.9850686360912178	0.6181605416900953	0.8883410533773315	0.8866152513882672
P3	6	9	0.7500345706939697	0.9107531309127808	0.7454738616943359	1.6743482852133214	0.6955346462839483	0.823532245167541	0.8185246214275458
P3	6	10	0.9094463586807251	1.144047737121582	0.898274302482605	1.5337869584269253	0.7263585698876444	0.7949374219024176	0.7851720460045297
P3	7	1	0.7699924111366272	0.9946310520172119	0.7751428484916687	1.214588389244342	0.6914339966927069	0.7741487756439989	0.7793270146951485
P3	7	2	0.62064129114151	0.7807157039642334	0.6230378746986389	1.0650095934450483	0.6516184374046134	0.794964528047899	0.7980342543835673
P3	7	3	0.4647659659385681	0.5216624140739441	0.4565660059452057	0.8450369147851388	0.4900090468114227	0.8909324371463897	0.8752135358567137
P3	7	4	0.35803109407424927	0.3436887860298157	0.3353242874145508	0.43495648532912234	0.23398901437779698	1.0417305091915026	0.9756625791842413
P3	7	5	0.3783179819583893	0.3728466033935547	0.37244313955307007	0.6472868434873622	0.17694362876563838	1.0146746101883066	0.9989178824835404
P3	7	6	0.35708752274513245	0.36613306403160095	0.3621005713939667	2.0751825989062094	0.33660350914364273	0.975294388365625	0.9889862647387502
P3	7	8	0.31971898674964905	0.3636649250984192	0.32551223039627075	1.4134822076126368	0.5474583276475073	0.8791581609447846	0.8950883297534864
P3	7	9	0.5141324400901794	0.6288103461265564	0.5219826698303223	1.2391807065210438	0.6546253068547968	0.8176271959537756	0.8301114525957026
P3	7	10	0.7114097476005554	0.8985799551010132	0.7176072001457214	1.2084590262553112	0.6826537064993391	0.791704448293177	0.7986013888603293
P3	8	1	0.5081005096435547	0.658214807510376	0.5123814940452576	1.0882284828173625	0.7001473672718195	0.7719372214754453	0.7784411535548453
P3	8	2	0.3837341368198395	0.45937642455101013	0.3726336658000946	0.8516848782490783	0.6358417038462874	0.8353370271338965	0.811172811413435
P3	8	3	0.3579736053943634	0.3538624942302704	0.3371089696884155	0.5453273322017744	0.335289007744703	1.0116178211342675	0.9526552691652234
P3	8	4	0.42477697134017944	0.42962393164634705	0.4200042188167572	0.8325947886854379	0.3125087839685152	0.9887181324196869	0.9776089921417401
P3	8	5	0.5231720805168152	0.5766968131065369	0.5291334986686707	1.8407661319918256	0.5698429220424174	0.907187396612449	0.9175245755535681
P3	8	6	0.5780623555183411	0.6428312659263611	0.587531328201294	1.8811583135177234	0.5901926603357885	0.8992443058682221	0.9139744118616004
P3	8	7	0.32800400257110596	0.36406078934669495	0.33359041810035706	1.2640454742549352	0.5153922222302609	0.9009594336146645	0.9163041663975492
P3	8	9	0.27604496479034424	0.3274950087070465	0.278869092464447	1.1344259451621574	0.6433788541220713	0.8428982349385185	0.8515216569724984
P3	8	10	0.4406489133834839	0.56404048204422	0.44547101855278015	1.1063890934332552	0.7014739484923151	0.7812363250709683	0.7897855432969718
P3	9	1	0.31279250979423523	0.39976149797439575	0.31533098220825195	1.0745238857940071	0.6800905509739614	0.7824478129563873	0.7887977801915494
P3	9	2	0.2623094618320465	0.2735467255115509	0.2469981461763382	0.6329422256678368	0.4584332977926229	0.958920130889924	0.902946820929532
P3	9	3	0.40588146448135376	0.4399499297142029	0.40836936235427856	1.1707262996782943	0.4732323834471346	0.9225628578802583	0.928217814739874
P3	9	4	0.5530012845993042	0.6326909065246582	0.5630374550819397	1.512139238117613	0.6208094928944161	0.874046519234668	0.8899091946408371
P3	9	5	0.7124583721160889	0.8489794135093689	0.7163134813308716	1.635161776735902	0.6745660085052257	0.8391939318894056	0.8437348066779321
P3	9	6	0.7738632559776306	0.9240058660507202	0.7804386019706726	1.5501662643799359	0.6725595299681167	0.8375090293367813	0.8446251594768913
P3	9	7	0.5513857007026672	0.6523899435997009	0.558249294757843	1.1464248344291592	0.6278305003081571	0.845178111821097	0.8556988044260512
P3	9	8	0.28193986415863037	0.32936662435531616	0.28300386667251587	1.042160649115562	0.6244439487012805	0.856006174610083	0.8592366249204875
P3	9	10	0.24481119215488434	0.3107207417488098	0.2463400661945343	1.1466151178476245	0.6640357017696663	0.7878817190543156	0.7928021309683871
P3	10	1	0.15326890349388123	0.16115839779376984	0.15174919366836548	0.8434853686224177	0.402261632788865	0.9510450934739089	0.9416151795114949
P3	10	2	0.24799196422100067	0.25950369238853455	0.24697865545749664	0.9461932515811373	0.4170083848617076	0.955639443656554	0.9517346484909157
P3	10	3	0.4858831763267517	0.5807603001594543	0.48962223529815674	1.3961871353916497	0.6697781759424868	0.8366329037872371	0.8430711175741961
P3	10	4	0.6875886917114258	0.849814236164093	0.687655508518219	1.451563575245769	0.7121190755924206	0.8091046989458263	0.8091833241370149
P3	10	5	0.8644456267356873	1.0809229612350464	0.8592885136604309	1.4848140079953316	0.7198313389781678	0.7997291738053048	0.7949581463961324
P3	10	6	0.9606057405471802	1.1941416263580322	0.9588006138801575	1.4396479514299034	0.7045259752514864	0.8044320031593704	0.802920351084626
P3	10	7	0.7367819547653198	0.9251977205276489	0.7416151165962219	1.1224484742360077	0.6650605237968044	0.7963508106625319	0.8015747338561015
P3	10	8	0.45545557141304016	0.5752519965171814	0.45643705129623413	1.0194496108989812	0.6797512289842306	0.7917496578378878	0.7934558316349998
P3	10	9	0.25121989846229553	0.31409335136413574	0.2521381974220276	1.0636301617278014	0.6439478717998341	0.7998255848817711	0.8027492346685107
P4	1	2	0.3993074893951416	0.4703316390514374	0.33406245708465576	3.465346536343833	0.8039268088032904	0.8489913419400469	0.7102700081125551
P4	1	3	0.7136378884315491	0.9566752910614014	0.5159975290298462	2.655246248677177	0.8936119302161931	0.7459562247497686	0.5393653769999255
P4	1	4	0.8449431657791138	1.2203737497329712	0.6390697956085205	2.2235509236031317	0.9004924276401121	0.6923642580512691	0.5236672746757743
P4	1	5	0.8788506984710693	1.3707059621810913	0.6537708640098572	1.995086918865005	0.9156791293201985	0.6411664665648836	0.47695923272235974
P4	1	6	0.9243045449256897	1.4616570472717285	0.712970495223999	1.9370456500825821	0.9140253278281397	0.6323675903666733	0.4877823402930268
P4	1	7	0.9103950262069702	1.3928706645965576	0.7002055048942566	2.0272588246552443	0.9052387000903162	0.6536105966957559	0.5027067643046885
P4	1	8	0.701297402381897	1.0748262405395508	0.5765092968940735	2.0266833633741155	0.8827245576184826	0.652475140567701	0.5363744158355049
P4	1	9	0.45211589336395264	0.6581152677536011	0.36957934498786926	2.126974369763471	0.867763548766409	0.6869858754488358	0.56157236140317
P4	1	10	0.22387036681175232	0.25740060210227966	0.21731887757778168	1.9424754592691165	0.5871809431299686	0.8697352103426553	0.8442827087538386
P4	2	1	0.396677166223526	0.4681176543235779	0.32552284002304077	3.4373573324830877	0.7989264933898506	0.8473877508352421	0.6953868050403179
P4	2	3	0.34503352642059326	0.4737131893634796	0.2761356234550476	2.2243339292903648	0.8804812010341869	0.7283595520829997	0.5829173213988117
P4	2	4	0.42827123403549194	0.6846440434455872	0.3677581250667572	1.7021767850900182	0.8990305724875609	0.6255385380703006	0.5371523035765449
P4	2	5	0.4939868152141571	0.8636326789855957	0.4227653741836548	1.5592025581949824	0.9118095001422847	0.571987173753526	0.48951989019246683
P4	2	6	0.5122061371803284	0.9420016407966614	0.4571056365966797	1.479907418430171	0.9140116391867505	0.543742298311869	0.4852492997890113
P4	2	7	0.5257664918899536	0.9071661233901978	0.47202473878860474	1.5549085042140138	0.8993494549627621	0.5795702444499314	0.5203288864277548
P4	2	8	0.3911239504814148	0.6416051387786865	0.3713758587837219	1.4316038391644643	0.8571508005065336	0.609602272241663	0.5788230740960809
P4	2	9	0.3630455434322357	0.45788490772247314	0.3503243625164032	1.473585438957692	0.6726940158353062	0.7928751031302387	0.7650926173979443
P4	2	10	0.41761600971221924	0.47507596015930176	0.3860900104045868	3.0712603447325098	0.6850986186132009	0.8790510249606923	0.8126911121226249
P4	3	1	0.6844041347503662	0.9226334095001221	0.514532208442688	2.5720960038018155	0.8769038083506492	0.7417942247735997	0.5576778416483518
P4	3	2	0.34459251165390015	0.4744071960449219	0.27275896072387695	2.2585514883746725	0.8806511093646091	0.7263644281257288	0.5749469295530021
P4	3	4	0.1830342411994934	0.2561247944831848	0.18331556022167206	1.180743812025286	0.7566909225421384	0.7146291383808607	0.7157275053810034
P4	3	5	0.19866156578063965	0.37633317708969116	0.19965440034866333	1.0695162736963375	0.8826933382310567	0.5278874621604058	0.53052564191299
P4	3	6	0.2709202468395233	0.47044864296913147	0.2723710238933563	1.0512010999337458	0.8655272131672958	0.5758763488606763	0.5789601648637935
P4	3	7	0.28403258323669434	0.44286859035491943	0.28467538952827454	1.023610177361626	0.8147580975118557	0.6413473193234763	0.6427987798821604
P4	3	8	0.35332775115966797	0.4075903296470642	0.3522450923919678	0.8905426712714768	0.5193027969597033	0.8668698088730843	0.8642135663448631
P4	3	9	0.4630495607852936	0.5597416758537292	0.42424261569976807	2.297494355498034	0.7497471938345361	0.8272558231063304	0.7579257253852051
P4	3	10	0.6803492903709412	0.8812300562858582	0.508507490158081	2.68607509261114	0.8708549777785312	0.772045035820074	0.577042835217514
P4	4	1	0.7819219827651978	1.139390468597412	0.6229448914527893	2.1350101915644015	0.8836796399217811	0.6862634051412967	0.546735213802195
P4	4	2	0.4423149824142456	0.7018625140190125	0.3831116557121277	1.7511978680240214	0.8893768508986267	0.6302017468940704	0.5458500034691264
P4	4	3	0.18522240221500397	0.26368728280067444	0.1851975917816162	1.2386344497651995	0.7722504131942282	0.7024320636464544	0.7023379732787877
P4	4	5	0.13921096920967102	0.19393081963062286	0.1394864022731781	1.0323674242179741	0.7000865988026093	0.7178382965370026	0.719258561062423
P4	4	6	0.16140830516815186	0.2694661319255829	0.16095693409442902	0.9677571564066171	0.8258554688609048	0.5989929198698973	0.5973178630807663
P4	4	7	0.25643405318260193	0.3192635774612427	0.2571796774864197	1.0904755039316802	0.6602797725118785	0.8032048479245397	0.8055402984940876
P4	4	8	0.3789137601852417	0.45776110887527466	0.3684883713722229	1.677520920482142	0.660024523374274	0.8277543741455844	0.8049796372557815
P4	4	9	0.5458338260650635	0.740041971206665	0.4464910626411438	2.09600681285231	0.8540945837861474	0.7375714450020474	0.6033320811698343
P4	4	10	0.7703971266746521	1.096706748008728	0.5847508311271667	2.2029509326623504	0.887481919182369	0.7024641072679175	0.5331879576640601
P4	5	1	0.8161731958389282	1.2785019874572754	0.6532959938049316	1.91505527039098	0.8974682969378404	0.6383824224334285	0.5109855129003179
P4	5	2	0.49242863059043884	0.8621730804443359	0.42772814631462097	1.5649799470944534	0.9072695887579149	0.5711482320193263	0.49610473351149376
P4	5	3	0.21181988716125488	0.3825530707836151	0.21303653717041016	1.0848387071361925	0.8687164399425553	0.5537006583880419	0.5568810014621757
P4	5	4	0.13533827662467957	0.19855770468711853	0.1358681172132492	1.115589537527993	0.752711570421547	0.6816067744031474	0.6842752207845384
P4	5	6	0.13115614652633667	0.14749197661876678	0.12972941994667053	0.7193989510696067	0.41799218368005586	0.8892425848040906	0.87956933604593
P4	5	7	0.18996195495128632	0.2262541502714157	0.18996630609035492	1.0673712016996464	0.5715747774015459	0.8395954492918999	0.8396146804930221
P4	5	8	0.3799300491809845	0.5025056600570679	0.3535076677799225	1.6957594318093236	0.7840433083302432	0.756071183631717	0.7034899223618214
P4	5	9	0.551124632358551	0.8244877457618713	0.4531857967376709	1.7811309552251695	0.8815301042106245	0.6684449043560763	0.549657407362559
P4	5	10	0.7959591746330261	1.2256190776824951	0.6085647344589233	1.93170968085955	0.9032833937663826	0.6494343871817772	0.4965366038603522
P4	6	1	0.8379849791526794	1.3548158407211304	0.6911805272102356	1.8365614034114894	0.8996156872976123	0.6185231630497054	0.5101656671229499
P4	6	2	0.5169269442558289	0.9496985673904419	0.47033965587615967	1.4991154335145327	0.9027561988396395	0.5443063325621601	0.4952515166665432
P4	6	3	0.27610552310943604	0.47208845615386963	0.27807143330574036	1.0526795089180936	0.8555094125972812	0.5848597217540178	0.58902400531291
P4	6	4	0.16716423630714417	0.2811547517776489	0.16736197471618652	1.0164695895282017	0.835080707824954	0.5945630840319067	0.5952663921132824
P4	6	5	0.13225577771663666	0.15769773721694946	0.13200929760932922	0.9033934705444293	0.5302719296122917	0.8386662995340792	0.8371033087666953
P4	6	7	0.2006128430366516	0.23336736857891083	0.2008180469274521	1.2592049248571517	0.5237143298581879	0.8596439350466275	0.860523252031046
P4	6	8	0.36462175846099854	0.5154602527618408	0.33475401997566223	1.6223079095792103	0.8320682709775366	0.707371240570639	0.6494274159492358
P4	6	9	0.578879177570343	0.8816075921058655	0.48659881949424744	1.690662657474821	0.8834109591297611	0.6566177319181138	0.5519449059324973
P4	6	10	0.803260326385498	1.2733020782470703	0.6397837996482849	1.8394699053154842	0.9029863953908642	0.6308482017804687	0.5024603435259154
P4	7	1	0.8458124399185181	1.3270702362060547	0.6874780654907227	1.9195572972973935	0.8881673630218838	0.6373531836088806	0.5180419594490684
P4	7	2	0.5624833106994629	0.9430676102638245	0.5077665448188782	1.5791402110521116	0.8808591635807004	0.5964400691718247	0.5384200870569924
P4	7	3	0.2950241267681122	0.454555481672287	0.2956926226615906	1.0431982783076539	0.806601946725533	0.6490387613030936	0.650509419826491
P4	7	4	0.2574543058872223	0.3223448097705841	0.2583688795566559	1.1070396360910715	0.6733420111839765	0.7986922639469672	0.8015295166084402
P4	7	5	0.18803252279758453	0.22379174828529358	0.18807841837406158	1.0428586709269676	0.574368658438277	0.8402120464150333	0.8404171280448463
P4	7	6	0.19148175418376923	0.22178798913955688	0.19129116833209991	1.2936818554541942	0.5420822329172978	0.8633549315571012	0.8624956160801508
P4	7	8	0.299946129322052	0.39404281973838806	0.2647637128829956	1.8628417045996124	0.8048016092029177	0.7612018651201194	0.6719160954608356
P4	7	9	0.4971674680709839	0.751949667930603	0.4071207046508789	1.7710476979478036	0.8850460722161639	0.6611712050345199	0.5414201535207698
P4	7	10	0.805767297744751	1.2222901582717896	0.6304479837417603	1.948809199273948	0.8931354789241008	0.6592275101715904	0.5157924077807826
P4	8	1	0.6724196672439575	1.038526177406311	0.5675134658813477	1.9651648608688237	0.866540314331564	0.6474749331050144	0.5464604342460544
P4	8	2	0.40716996788978577	0.6610138416290283	0.3878672420978546	1.4337315666203574	0.8430414387022557	0.6159779754177919	0.5867762786055727
P4	8	3	0.3627135157585144	0.41764330863952637	0.3614933490753174	0.8728423493895618	0.5112443593224262	0.8684767797191679	0.8655552276244589
P4	8	4	0.3823509216308594	0.45326828956604004	0.37682202458381653	1.5657898099367502	0.6293643178524106	0.8435421811592487	0.8313443345983604
P4	8	5	0.3694373667240143	0.4928404986858368	0.3448405861854553	1.670498942139241	0.789491209308549	0.7496083777796712	0.6997001811031673
P4	8	6	0.3746442198753357	0.5155566334724426	0.3481755256652832	1.6058827233143593	0.8212915185982309	0.726679079564905	0.6753390472744131
P4	8	7	0.2964416742324829	0.3903983235359192	0.2628665268421173	1.836151452291582	0.8013332358014045	0.7593313197340315	0.673329035999131
P4	8	9	0.277259886264801	0.4138626456260681	0.24373029172420502	1.7463312661402353	0.8492702967622278	0.6699321361689404	0.5889158983060758
P4	8	10	0.5799842476844788	0.8954566717147827	0.46081382036209106	1.9909610192910252	0.8792386676260926	0.6476966066641949	0.5146131967274767
P4	9	1	0.4554995000362396	0.6663262844085693	0.37009263038635254	2.106280347086892	0.8568015029678392	0.683598277142167	0.5554225295417341
P4	9	2	0.3693596124649048	0.4646216928958893	0.3575538098812103	1.4511961073032755	0.6709404893722857	0.7949685047264238	0.7695590097239168
P4	9	3	0.46689262986183167	0.5648691058158875	0.4299175441265106	2.2536338349534177	0.741864936260322	0.8265501247186458	0.761092330417938
P4	9	4	0.5577048659324646	0.7511939406394958	0.4549542963504791	2.1125777187534127	0.8556717063837757	0.742424606697023	0.6056415949830131
P4	9	5	0.5597964525222778	0.8339885473251343	0.4610215127468109	1.7754249471642967	0.8832079989051628	0.6712279854654151	0.5527911794777676
P4	9	6	0.5940892696380615	0.9007701873779297	0.4930483400821686	1.7159760593079105	0.8890468788746738	0.6595347825258383	0.5473630755003038
P4	9	7	0.4760422706604004	0.7434301972389221	0.38314151763916016	1.7784754322221181	0.9008790996722513	0.6403321689492939	0.5153698613025628
P4	9	8	0.26861339807510376	0.4106512665748596	0.23327258229255676	1.7665057805567779	0.8698878914202532	0.654115596222414	0.5680551876491835
P4	9	10	0.3483414947986603	0.4973050057888031	0.2718520164489746	2.332712944185755	0.8642636513591622	0.7004584525469163	0.546650472616448
P4	10	1	0.2295142263174057	0.26807084679603577	0.2173297256231308	2.1328997758454338	0.6222901644246592	0.8561700351252062	0.810717495843508
P4	10	2	0.41622427105903625	0.4735228419303894	0.38740167021751404	3.100852185232158	0.6868518503741808	0.8789951280116359	0.8181266792499617
P4	10	3	0.7077755331993103	0.9141534566879272	0.5189775824546814	2.7594560837982183	0.8795696104255343	0.774241488692341	0.5677138544495484
P4	10	4	0.791129469871521	1.1296107769012451	0.5838276743888855	2.2506631278380493	0.9011179922757391	0.7003558093184556	0.5168396817091679
P4	10	5	0.8512361645698547	1.293099045753479	0.6374514102935791	1.9964998798466134	0.9085277141199851	0.6582915418314658	0.49296410231448357
P4	10	6	0.8626917004585266	1.353695273399353	0.6695243716239929	1.9149189810082243	0.9109982168942837	0.6372864834581012	0.4945901672114924
P4	10	7	0.8441537022590637	1.2738903760910034	0.6418859362602234	2.029415509149069	0.9053435312920428	0.6626580419340256	0.5038784720470867
P4	10	8	0.5909963846206665	0.9097279906272888	0.4641559422016144	2.0425556515213867	0.892740082816279	0.6496407615348343	0.5102139837222804
P4	10	9	0.3468126058578491	0.4943901300430298	0.27275019884109497	2.3381924387586777	0.8725433777288328	0.7014958122802005	0.5516902184462216
P5	1	2	0.1407165676355362	0.14457997679710388	0.12886153161525726	0.6949549256286723	0.6062783788457891	0.9732783940960967	0.8912820050877095
P5	1	3	0.3278578221797943	0.37218177318573	0.3072482943534851	0.7679267151841465	0.6706206373875887	0.8809077870027324	0.8255328887375656
P5	1	4	0.4885275065898895	0.5772421360015869	0.4612824320793152	0.7878098130377895	0.6609995579753805	0.8463129701060952	0.7991142768518323
P5	1	5	0.5978841781616211	0.7101764678955078	0.5591121912002563	0.7715745717163359	0.6584144534727101	0.8418811453065368	0.7872862823195116
P5	1	6	0.6338203549385071	0.7488629221916199	0.5791220664978027	0.7337796719805227	0.6558527014587595	0.8463770019265614	0.7733352117406826
P5	1	7	0.5908998250961304	0.6860101222991943	0.5272904634475708	0.6862086473099263	0.623291245949896	0.861357297638266	0.7686336488451988
P5	1	8	0.44859960675239563	0.5068779587745667	0.39130884408950806	0.6352429362660962	0.5968149802608652	0.8850248841692281	0.7719981453435859
P5	1	9	0.29639574885368347	0.2798632085323334	0.24270939826965332	0.45640026429107583	0.4310640571735296	1.0590736467578232	0.8672429632407807
P5	1	10	0.11002429574728012	0.09919323772192001	0.09476499259471893	0.33249935103425443	0.25359033292607863	1.1091914960546412	0.9553573889823488
P5	2	1	0.13750723004341125	0.14559470117092133	0.12979881465435028	0.7648760989159372	0.6191134194729648	0.9444521602608617	0.8915078200680709
P5	2	3	0.19587865471839905	0.2141757309436798	0.17883692681789398	0.7243380116406939	0.6173702746655969	0.914569796752125	0.8350008940318331
P5	2	4	0.3607676923274994	0.4184863865375519	0.33636346459388733	0.7496422446186226	0.6263076904180587	0.8620774867072689	0.8037620228865069
P5	2	5	0.4868622422218323	0.5690863728523254	0.45241913199424744	0.7464512136247816	0.6178991753607547	0.8555155516756157	0.7949920320999279
P5	2	6	0.5448683500289917	0.6166214346885681	0.4895845651626587	0.6827501006196726	0.6047263334219724	0.8836351112318758	0.7939791541789804
P5	2	7	0.5001119375228882	0.5558506846427917	0.43774354457855225	0.6302099450909635	0.572510342972169	0.8997235252921868	0.7875200241227748
P5	2	8	0.4005049765110016	0.40161868929862976	0.34367212653160095	0.5157594788631241	0.46419396501068827	0.9972269398379515	0.8557174645726167
P5	2	9	0.2869485318660736	0.2517029941082001	0.24691231548786163	0.16588807589348406	0.1251122486686838	1.1400282816767864	0.9809669382864827
P5	2	10	0.18562369048595428	0.1736321896314621	0.1678839921951294	0.5023616219382496	0.33698221674194784	1.0690626598670696	0.9668944021927421
P5	3	1	0.33431345224380493	0.3771194517612457	0.3185249865055084	0.8028063213569943	0.6555655240373748	0.8864921994409843	0.8446262451271449
P5	3	2	0.1979759782552719	0.2167869359254837	0.18546175956726074	0.7650831304043156	0.6100931200739056	0.9132283613405667	0.8555024719340543
P5	3	4	0.1561485081911087	0.17784956097602844	0.1463635414838791	0.7320194002121687	0.5972260880956913	0.8779808470382183	0.8229626245948776
P5	3	5	0.2835372984409332	0.3249785602092743	0.2627178132534027	0.6932900758579628	0.5883686630285324	0.872480013014845	0.8084158323682094
P5	3	6	0.35541263222694397	0.3825458884239197	0.3122127652168274	0.6059711788707984	0.5617349448416732	0.9290718917179738	0.8161446107894058
P5	3	7	0.36393964290618896	0.35616907477378845	0.31135520339012146	0.5044305718947971	0.4512791203649314	1.0218170770085409	0.8741780952988988
P5	3	8	0.3134927749633789	0.28159958124160767	0.2709416151046753	0.3032883868556498	0.22293952273655482	1.113257248399128	0.9621520526062571
P5	3	9	0.30648988485336304	0.28341054916381836	0.27533701062202454	0.4550948303921188	0.2806371538728662	1.081434285906571	0.9715129215704419
P5	3	10	0.3262399137020111	0.3450174331665039	0.3099697530269623	0.7839654736868601	0.6134301276210531	0.945575157486518	0.8984176543837779
P5	4	1	0.4998980462551117	0.591040849685669	0.4815558195114136	0.8243010392620305	0.6450879845351962	0.8457927172393763	0.8147589456253618
P5	4	2	0.38223621249198914	0.4450755715370178	0.36657121777534485	0.8049719366141721	0.6068765112929092	0.8588119342788909	0.8236156761186261
P5	4	3	0.15925978124141693	0.1861349493265152	0.151830792427063	0.7682229742587342	0.596440093616247	0.8556146055195994	0.8157027628418327
P5	4	5	0.14299210906028748	0.13923396170139313	0.12624503672122955	0.5618591889379017	0.4636020123253092	1.0269915997000374	0.9067115176394955
P5	4	6	0.2261977642774582	0.21613304316997528	0.19162066280841827	0.4822205880742614	0.4458932313552465	1.0465672483941644	0.8865866134949133
P5	4	7	0.26595544815063477	0.23656506836414337	0.22604669630527496	0.287830873255087	0.22951819670120924	1.1242380372965757	0.9555370869773658
P5	4	8	0.3123229146003723	0.2799190282821655	0.2764032185077667	0.3024921033828344	0.18804434960878716	1.1157616419186154	0.9874399043324243
P5	4	9	0.40046530961990356	0.4102400541305542	0.3839605450630188	0.7586567541942221	0.48916893787483506	0.9761731103234987	0.9359411427457246
P5	4	10	0.4662577509880066	0.534076452255249	0.45006701350212097	0.8161297401262576	0.6300104736817733	0.8730168668158579	0.8427014739212323
P5	5	1	0.5986540913581848	0.7221447229385376	0.5727832317352295	0.8152348022294259	0.6460628665671687	0.8289946216350553	0.793169587121638
P5	5	2	0.49681198596954346	0.5944455862045288	0.4755343198776245	0.8092488912656312	0.6177429442686896	0.8357568758170695	0.7999627399268957
P5	5	3	0.29427024722099304	0.34938958287239075	0.2814895212650299	0.7622671062032024	0.5797545997049226	0.8422410445146866	0.8056608870558104
P5	5	4	0.1372784972190857	0.15827630460262299	0.13129760324954987	0.7632567317189426	0.5432860742547012	0.8673344854982841	0.8295468079014904
P5	5	6	0.11309650540351868	0.09039998054504395	0.08910813927650452	0.15749320636535077	0.1300189481926863	1.251067806891459	0.9857097174053512
P5	5	7	0.2009214609861374	0.17754875123500824	0.17431971430778503	0.2648345122900978	0.1596513564523185	1.131641082173495	0.9818132377459013
P5	5	8	0.30594027042388916	0.3005422353744507	0.28906360268592834	0.6975908237663068	0.4537681205707447	1.0179609865572237	0.9618069231626599
P5	5	9	0.4485352635383606	0.4926780164241791	0.4352361261844635	0.8352547646532105	0.5908707496050369	0.910402430361713	0.8834088627363068
P5	5	10	0.5567996501922607	0.656531035900116	0.5343223214149475	0.8068681158901683	0.6465582236928967	0.8480934178974164	0.8138569118554798
P5	6	1	0.6345036625862122	0.759560227394104	0.5954446196556091	0.7710657178685296	0.6406362820062691	0.835356617819583	0.7839333843195793
P5	6	2	0.5440081357955933	0.6393024325370789	0.5082122683525085	0.7482982086969415	0.610618008912216	0.8509401937306743	0.7949481223396295
P5	6	3	0.3579544126987457	0.4061186611652374	0.3290826082229614	0.6676623822077827	0.5565521402100047	0.8814035082054623	0.8103114672907573
P5	6	4	0.2216312140226364	0.2288379669189453	0.19628673791885376	0.5670447065271307	0.4681221283995246	0.9685071800220042	0.8577542466472741
P5	6	5	0.10366281867027283	0.08889640122652054	0.0857180505990982	0.3768587773158084	0.29098901868596333	1.1661081578108587	0.9642465770990724
P5	6	7	0.13555774092674255	0.13066424429416656	0.12721221148967743	0.6644391873846238	0.3899743300666562	1.0374509236173224	0.973580891825942
P5	6	8	0.2790668308734894	0.29078903794288635	0.2669221758842468	0.7736484831392033	0.5719292651633817	0.9596882772737144	0.917923790293198
P5	6	9	0.4480392038822174	0.5078933835029602	0.42992523312568665	0.8037182234481173	0.6299074183143774	0.8821520784383403	0.8464871705169218
P5	6	10	0.5791974663734436	0.68690425157547	0.5472394824028015	0.7791651781132127	0.6522619660623061	0.8431997109422569	0.7966750549988064
P5	7	1	0.596204936504364	0.7092345952987671	0.5514769554138184	0.7415568530644975	0.6195427741878262	0.8406314926772728	0.777566349793621
P5	7	2	0.5048545598983765	0.5791321396827698	0.4592409133911133	0.6802129849155878	0.5689329943691559	0.8717432953641975	0.7929812247040389
P5	7	3	0.36193281412124634	0.375280499458313	0.32181933522224426	0.5740855196021235	0.4638307147018056	0.9644327766661658	0.8575434526621138
P5	7	4	0.2615625560283661	0.23911310732364655	0.2264893800020218	0.34798224245715825	0.2600854436703598	1.0938863157941967	0.9472060420989881
P5	7	5	0.18711376190185547	0.16303522884845734	0.16044709086418152	0.30325257657801785	0.1934929377154052	1.1476891419325044	0.984125283826347
P5	7	6	0.12190666049718857	0.1165512427687645	0.11265221983194351	0.6120539271908461	0.4062271346795251	1.0459490401063258	0.9665467064597795
P5	7	8	0.17196211218833923	0.183127760887146	0.16144676506519318	0.7513535878448198	0.5935327653488754	0.9390280935849606	0.8816072685161377
P5	7	9	0.36850711703300476	0.4296577572822571	0.35346493124961853	0.8153921077132326	0.6424114262063103	0.8576759311037404	0.8226662390210615
P5	7	10	0.5254346132278442	0.6240639686584473	0.4907751679420471	0.7610906002369682	0.6402796593246611	0.8419563371962863	0.7864180478117787
P5	8	1	0.43824532628059387	0.5256022810935974	0.39958077669143677	0.7203222437136542	0.6109581052840598	0.8337964693927055	0.760234099174849
P5	8	2	0.38993021845817566	0.41979271173477173	0.34842586517333984	0.6083503639210616	0.4971360129620342	0.9288637166824768	0.8299950319134601
P5	8	3	0.30863919854164124	0.2844003736972809	0.27270635962486267	0.3350034193352846	0.2384917294164946	1.085227823470304	0.9588818610876177
P5	8	4	0.29659324884414673	0.2668655216693878	0.2624938488006592	0.3473853934226996	0.21990427269665105	1.1113959082791809	0.9836184425721934
P5	8	5	0.289591521024704	0.2841504216194153	0.26858359575271606	0.6441215809297319	0.4589463191705162	1.0191486585671035	0.945216249273953
P5	8	6	0.2692185342311859	0.2747516334056854	0.24973954260349274	0.6924462324462201	0.5698367929467938	0.979861451209902	0.908964723913903
P5	8	7	0.16898463666439056	0.17099249362945557	0.15105722844600677	0.6594789513801487	0.5854577267790819	0.9882576309494844	0.8834143841036148
P5	8	9	0.19125647842884064	0.23020042479038239	0.18546991050243378	0.8501399936053085	0.6752827451826597	0.8308259144308547	0.8056888282083768
P5	8	10	0.352806955575943	0.42663463950157166	0.32405194640159607	0.7307025090899535	0.6474736474139148	0.8269533762849637	0.7595537642704755
P5	9	1	0.29333436489105225	0.28723785281181335	0.24676920473575592	0.513385110898252	0.45708415790333273	1.0212246123536965	0.8591110200835165
P5	9	2	0.2811458706855774	0.2526150941848755	0.24625365436077118	0.2168337599614332	0.1585438166601995	1.112941693340865	0.9748176574933851
P5	9	3	0.2969794273376465	0.2773832082748413	0.2658935785293579	0.47582542043969933	0.3031699903860076	1.070646738801105	0.9585784957317999
P5	9	4	0.3751923739910126	0.3820163309574127	0.3546309173107147	0.7419485396017222	0.5299531039647067	0.9821370019724082	0.9283135001635547
P5	9	5	0.42901644110679626	0.47679632902145386	0.4123604893684387	0.8150928304538626	0.6201457310928573	0.8997897319958021	0.864856678353084
P5	9	6	0.4336976110935211	0.49131110310554504	0.40793266892433167	0.7727980301867429	0.6520602957897065	0.8827352126832615	0.8302940160436355
P5	9	7	0.33646565675735474	0.3977251350879669	0.3133296072483063	0.7694343159596343	0.6910200949419354	0.8459753409422739	0.7878043895289785
P5	9	8	0.1848510056734085	0.21326282620429993	0.17053236067295074	0.7398862468959457	0.6715965983349087	0.8667755602953809	0.7996347216630498
P5	9	10	0.18305519223213196	0.18257957696914673	0.1517796367406845	0.5327754759038454	0.5191928074770935	1.0026049751614092	0.8313067609217489
P5	10	1	0.10927218943834305	0.09613966196775436	0.09264940023422241	0.35965970745474457	0.2631947529246207	1.1365984360855501	0.963695922555848
P5	10	2	0.17890222370624542	0.16429384052753448	0.15841710567474365	0.48006659089407766	0.34530206270583486	1.0889161951038735	0.9642303397746312
P5	10	3	0.3207719624042511	0.3387919068336487	0.300607293844223	0.7507384461209106	0.6244310436468173	0.9468111720914112	0.8872918383845136
P5	10	4	0.4618309736251831	0.5258782505989075	0.4394599199295044	0.787035080582265	0.6473715098741483	0.8782089259238564	0.835668559080008
P5	10	5	0.5403745174407959	0.6389652490615845	0.5089768767356873	0.7809669009230256	0.6706795833354136	0.8457025139229657	0.796564253663553
P5	10	6	0.573937714099884	0.6709990501403809	0.527525007724762	0.7371183663842129	0.6699996118655209	0.8553480276608582	0.7861784716601277
P5	10	7	0.5029861330986023	0.5881553888320923	0.4497550129890442	0.7003719182626479	0.6631137592215356	0.8551925947620549	0.7646873964414889
P5	10	8	0.35345542430877686	0.40590882301330566	0.30893608927726746	0.6576709967913178	0.6480314559229806	0.8707754162249156	0.7610972508157098
P5	10	9	0.18964703381061554	0.1709156036376953	0.1484130471944809	0.4359308467565288	0.4665950852447497	1.1095946173096451	0.8683411229619793
P6	1	2	0.18579772114753723	0.10197580605745316	0.09187939763069153	0.21103421732187597	0.4241455645031544	1.8219784508774446	0.9009921194339635
P6	1	3	0.46839967370033264	0.27340635657310486	0.23728147149085999	0.2627638608942217	0.5308768585626575	1.7131996474818223	0.8678710856066523
P6	1	4	0.6794863939285278	0.4570994973182678	0.38801372051239014	0.3238477627825151	0.5695060218590713	1.4865174823314609	0.8488605277161902
P6	1	5	0.8238809704780579	0.6109047532081604	0.5111459493637085	0.3683672578443475	0.5902581356544683	1.3486242595944047	0.8367031794718088
P6	1	6	0.853533923625946	0.7224673628807068	0.5839205980300903	0.4328803551736202	0.6358884900592082	1.1814151994667763	0.8082311091560088
P6	1	7	0.7210659980773926	0.7335290312767029	0.5631756782531738	0.5334768981849992	0.6836243497126435	0.9830094888301578	0.7677619483893772
P6	1	8	0.5020269751548767	0.5869240760803223	0.42392656207084656	0.6032619286440642	0.7240583277811968	0.8553524989255559	0.7222851802263279
P6	1	9	0.2787455916404724	0.32333070039749146	0.23035183548927307	0.5865336915101272	0.7322588651433117	0.862106788182478	0.7124341586063018
P6	1	10	0.09706949442625046	0.10509415715932846	0.08835745602846146	0.6170655565052466	0.6057892645008495	0.9236431125194507	0.8407456552937262
P6	2	1	0.1845128834247589	0.09813189506530762	0.08899566531181335	0.20532590414803129	0.40164452020330565	1.8802539510927003	0.906898468154375
P6	2	3	0.26268577575683594	0.17066320776939392	0.14825813472270966	0.28834733442534843	0.5251463439701384	1.5392056623697483	0.8687176144200994
P6	2	4	0.4725061357021332	0.3593706786632538	0.3021082878112793	0.365724990643554	0.5779064697698305	1.3148154920699369	0.8406592572744871
P6	2	5	0.6172370314598083	0.5097753405570984	0.41736412048339844	0.411868370202199	0.6084903764052161	1.2108020579914134	0.8187216745856909
P6	2	6	0.6609712243080139	0.6276407241821289	0.4974607825279236	0.48814284393078733	0.6544042921091981	1.0531044255761408	0.7925884401082463
P6	2	7	0.543215274810791	0.647035539150238	0.47302180528640747	0.6321509267056421	0.7175440353243938	0.8395447265913774	0.7310600062364958
P6	2	8	0.34240487217903137	0.4952673614025116	0.3247140944004059	0.7629195710716115	0.7751263472449186	0.6913535978009937	0.6556339458365915
P6	2	9	0.18198898434638977	0.2533164918422699	0.17013557255268097	0.7495473164625422	0.7462529824355847	0.7184253303954133	0.6716324362277116
P6	2	10	0.18058374524116516	0.10228601843118668	0.09787015616893768	0.13496030761873049	0.23995595042208814	1.765478293229818	0.9568282906111965
P6	3	1	0.45940685272216797	0.27908721566200256	0.24328729510307312	0.2747077860185991	0.5134687445234776	1.6461049698476595	0.8717249714430271
P6	3	2	0.26341354846954346	0.16828571259975433	0.14802876114845276	0.29164165521864	0.5182952552378017	1.5652757705940152	0.879627621748971
P6	3	4	0.19766812026500702	0.17114946246147156	0.14798250794410706	0.4226474407692675	0.5289246013349006	1.1549444410875975	0.864639045988358
P6	3	5	0.34064948558807373	0.3288358151912689	0.26802685856819153	0.49488714877935774	0.606972257476338	1.035925741208978	0.8150780608015353
P6	3	6	0.3984657824039459	0.44620686769485474	0.345016211271286	0.6008781689209477	0.6768368635227804	0.8930068343915377	0.773220307104799
P6	3	7	0.32370996475219727	0.46549442410469055	0.3169938921928406	0.8403938547596274	0.7583652205655358	0.6954110468128707	0.6809832208034098
P6	3	8	0.22595366835594177	0.33379602432250977	0.22554010152816772	0.9694663010232933	0.7248406585485343	0.6769213887869078	0.6756824080991856
P6	3	9	0.2845788598060608	0.16144347190856934	0.15456661581993103	0.12360369926425172	0.2147023084931088	1.7627151871908888	0.9574039383114055
P6	3	10	0.42937538027763367	0.207606241106987	0.19028061628341675	0.1912665204848262	0.40839392220063114	2.0682200014226018	0.9165457419238099
P6	4	1	0.6521058082580566	0.46867796778678894	0.39799585938453674	0.3520095993600664	0.5759540494954607	1.3913728681069828	0.8491883270382214
P6	4	2	0.46916595101356506	0.3648209571838379	0.30501824617385864	0.37971923333515467	0.5861843319244893	1.2860169948437101	0.8360765470503277
P6	4	3	0.20406024158000946	0.17448832094669342	0.15340657532215118	0.4262380836527202	0.538359212710786	1.169477936820484	0.8791796178095911
P6	4	5	0.14136569201946259	0.14256012439727783	0.11850707232952118	0.5313992251277536	0.5762150795040781	0.991621553482328	0.8312778403536807
P6	4	6	0.21045133471488953	0.27110689878463745	0.19928720593452454	0.7521404874839227	0.7142245170105144	0.7762669841982456	0.7350871808423982
P6	4	7	0.20414182543754578	0.29814255237579346	0.2042883336544037	1.0104240022740218	0.7333636342241512	0.68471214125864	0.6852035445007819
P6	4	8	0.26751354336738586	0.19413606822490692	0.18840546905994415	0.17127299386945116	0.2054809327755009	1.3779693068547727	0.9704815327859434
P6	4	9	0.43238675594329834	0.19615814089775085	0.18524418771266937	0.15172326972886593	0.3304397092227912	2.204276376011759	0.9443614568575541
P6	4	10	0.6095834374427795	0.36924058198928833	0.32329580187797546	0.283504782355884	0.5174358947986962	1.6509112680915001	0.875569527423598
P6	5	1	0.7796029448509216	0.6130185723304749	0.5074602961540222	0.39556018076593846	0.6040177737257085	1.2717444136923182	0.8278057453053042
P6	5	2	0.6069948673248291	0.5194928646087646	0.4213700592517853	0.4296571713491091	0.6179962937413123	1.168437352420544	0.8111180883478031
P6	5	3	0.34302762150764465	0.32737329602241516	0.2702823877334595	0.49441564724641623	0.6041474768209151	1.047817967059102	0.8256091471643836
P6	5	4	0.15027466416358948	0.14568491280078888	0.12377863377332687	0.5064042371887704	0.5748120340432369	1.031504644335249	0.8496324800810576
P6	5	6	0.09314151108264923	0.11628322303295135	0.09191682934761047	0.9029678001045685	0.6726878830809077	0.800988385540841	0.7904564987983165
P6	5	7	0.1680639088153839	0.15855184197425842	0.14741572737693787	0.3877601170241962	0.31605356157956804	1.059993417438	0.9297635747484501
P6	5	8	0.3523476719856262	0.15692678093910217	0.15611767768859863	0.03359549583329784	0.06784641331230028	2.245299813563117	0.9948440715748988
P6	5	9	0.5577656626701355	0.30753856897354126	0.28255051374435425	0.23911814085694724	0.43987238467262896	1.8136445927148808	0.9187482229868318
P6	5	10	0.7491579055786133	0.5166080594062805	0.4406715929508209	0.34202197556785313	0.5646256572547339	1.4501475382315834	0.8530095203262398
P6	6	1	0.7923827767372131	0.7580941319465637	0.595670223236084	0.4912191215733967	0.6628420067712703	1.0452300622649673	0.785747043980643
P6	6	2	0.6474965214729309	0.635454535484314	0.49792012572288513	0.5083485142090991	0.6633483330510854	1.018950192840215	0.7835653031312358
P6	6	3	0.39587894082069397	0.45817020535469055	0.35460782051086426	0.6280669622939934	0.6826887783901711	0.8640433973968821	0.7739652565062499
P6	6	4	0.21305489540100098	0.27536121010780334	0.20298340916633606	0.7443309284111101	0.7207948400571978	0.7737287881528063	0.7371532435046624
P6	6	5	0.10027924925088882	0.12121015042066574	0.09762245416641235	0.847832487461209	0.6825818642373589	0.8273172576955379	0.8053983418683077
P6	6	7	0.13976223766803741	0.05887019634246826	0.05889713391661644	-0.010409312008627894	-0.022547815749725968	2.3740745971865325	1.0004575757483714
P6	6	8	0.3609495162963867	0.17467515170574188	0.16694806516170502	0.17522439647942695	0.3533992932791236	2.0664044815283344	0.9557631038611952
P6	6	9	0.5807914733886719	0.4138694405555725	0.35861241817474365	0.35520964921930637	0.5565525878099498	1.4033205075712418	0.8664868266024846
P6	6	10	0.7676263451576233	0.6287025809288025	0.5146968960762024	0.42612382037652136	0.6238411877871459	1.2209689739520144	0.8186651553359685
P6	7	1	0.687643826007843	0.7528709769248962	0.5615746974945068	0.5730618967261789	0.7017377822639964	0.9133621126112821	0.7459109392000478
P6	7	2	0.5288210511207581	0.6512753963470459	0.46712473034858704	0.6533340145374431	0.727904353702618	0.8119776274167196	0.7172460881658574
P6	7	3	0.32463058829307556	0.47145459055900574	0.31996822357177734	0.8525525953252765	0.762577818396483	0.688572335053859	0.6786830163057478
P6	7	4	0.2056400179862976	0.3020637035369873	0.20579323172569275	1.0204303983884684	0.7519025185189251	0.6807836081540901	0.6812908314238875
P6	7	5	0.1647803783416748	0.15721866488456726	0.14358510076999664	0.477061226469587	0.387449218629631	1.0480967922139492	0.9132827891358789
P6	7	6	0.13869908452033997	0.06391841918230057	0.0639178678393364	-0.012106179180953695	-0.02284634167308403	2.169939217751284	0.9999913742709656
P6	7	8	0.21968083083629608	0.15879864990711212	0.14371907711029053	0.3542529277093769	0.5009563438451996	1.3833923082141848	0.9050396662336723
P6	7	9	0.4487033784389496	0.4204922616481781	0.34259501099586487	0.5030796802488716	0.6335798980220849	1.0670906919432812	0.8147474810904151
P6	7	10	0.6352899670600891	0.6463527083396912	0.49603700637817383	0.5425341607133244	0.681692907034806	0.9828843584364034	0.7674401297897574
P6	8	1	0.4959164261817932	0.5976355075836182	0.430206835269928	0.6330822878004683	0.7270832858322291	0.8297974599717154	0.7198481847394845
P6	8	2	0.34308770298957825	0.5079492926597595	0.3289613425731659	0.7858135716582809	0.78104604302652	0.6754369145649922	0.6476263424851634
P6	8	3	0.22809664905071259	0.341137558221817	0.22799044847488403	0.9792442670215892	0.7423275713287226	0.6686354039692043	0.6683240909130221
P6	8	4	0.2706167697906494	0.19776535034179688	0.19144301116466522	0.19677068800562622	0.22959322060111786	1.3683730204656366	0.9680311077435719
P6	8	5	0.3590262532234192	0.1556989699602127	0.15492123365402222	0.02870405990915583	0.05623051669443551	2.3058999896734367	0.9950048718601721
P6	8	6	0.36512669920921326	0.17559747397899628	0.16826938092708588	0.16911083123798135	0.3278603362719397	2.079339132480272	0.9582676624790916
P6	8	7	0.21516409516334534	0.15674254298210144	0.14265350997447968	0.36007361215921474	0.494826360563483	1.3727230085064723	0.9101135356134257
P6	8	9	0.23031114041805267	0.25471043586730957	0.19827421009540558	0.6077512744388731	0.6752701734243372	0.904207711921283	0.7784298645647003
P6	8	10	0.42772728204727173	0.49027660489082336	0.35861486196517944	0.6083029140525724	0.7188235497560839	0.8724203394174186	0.7314541595249832
P6	9	1	0.2845255732536316	0.3352779150009155	0.24089600145816803	0.6089383572506291	0.7297158095354881	0.8486260517721683	0.7184964791298891
P6	9	2	0.18995888531208038	0.26102814078330994	0.1804504245519638	0.7633675089433009	0.7479878469082218	0.7277333575684201	0.6913064009514707
P6	9	3	0.29060137271881104	0.16124780476093292	0.1555258184671402	0.11937180160917078	0.20549671511507456	1.8022035906142013	0.9645143305840587
P6	9	4	0.44482988119125366	0.19305911660194397	0.1840451955795288	0.14313072043747588	0.31062707991458016	2.3041122792891437	0.953310047300173
P6	9	5	0.5704163312911987	0.2999810576438904	0.27685606479644775	0.22924700891594155	0.42976367428357487	1.9015078344324792	0.922911823069527
P6	9	6	0.5956866145133972	0.4025474488735199	0.3509136438369751	0.3378128784251446	0.5438075266171637	1.4797922982255975	0.8717323754478243
P6	9	7	0.4482888877391815	0.4100850522518158	0.3329506516456604	0.4899886975624192	0.636523755600076	1.0931607608655445	0.8119063345942431
P6	9	8	0.2247466742992401	0.2511245608329773	0.19470000267028809	0.6114000887075998	0.6770159926709065	0.894960945093375	0.7753124665483552
P6	9	10	0.20908471941947937	0.2131180614233017	0.161135733127594	0.5338590201301442	0.6919205057627651	0.9810746119925933	0.75608670636104
P6	10	1	0.0961802527308464	0.09762067347764969	0.08329498022794724	0.5689355129302319	0.6027213018300939	0.985244716149873	0.8532514400960127
P6	10	2	0.18452778458595276	0.09645397961139679	0.09326102584600449	0.11588146704835126	0.2190200259093639	1.913117378146514	0.966896609364835
P6	10	3	0.4369012415409088	0.19961167871952057	0.181278795003891	0.18526086593363714	0.4320125968889588	2.1887559101930596	0.9081572589678504
P6	10	4	0.6390442252159119	0.3572970926761627	0.31494322419166565	0.2585547753757827	0.5027617283292544	1.7885514276913288	0.8814603607119619
P6	10	5	0.7791520953178406	0.5043127536773682	0.4343837797641754	0.3162798573718985	0.5496856624660976	1.5449779717772112	0.861338081570847
P6	10	6	0.8013246655464172	0.620250940322876	0.5107679963111877	0.3993317824674394	0.6172917243256784	1.2919362365323979	0.8234860491228017
P6	10	7	0.6570121645927429	0.6290302872657776	0.48893600702285767	0.5071488120327129	0.6740096201762168	1.0444841494812513	0.777285318244577
P6	10	8	0.428221195936203	0.48032277822494507	0.35142257809638977	0.5842641049377154	0.7168233927504153	0.8915279794114994	0.731638377415887
P6	10	9	0.20509551465511322	0.21051710844039917	0.1564297080039978	0.5260047789716775	0.7072396510290092	0.9742463031843281	0.7430736112750932
P7	1	2	0.13057558238506317	0.11043234914541245	0.08481298387050629	0.5031593208592906	0.7339412087986341	1.182403375419706	0.7680085095249427
P7	1	3	0.3585324287414551	0.2630109190940857	0.21222221851348877	0.4847894125182633	0.7424999479604254	1.3631845779497804	0.8068950872627896
P7	1	4	0.5306967496871948	0.3956313133239746	0.3223230838775635	0.5235814539831315	0.7519547994633983	1.3413921795735562	0.8147056944747433
P7	1	5	0.6201905608177185	0.49737265706062317	0.40360453724861145	0.5761997295863924	0.7695472405389995	1.2469333647790886	0.8114731107934978
P7	1	6	0.6572664380073547	0.5624945759773254	0.4507916569709778	0.6208838881321785	0.7823967999728811	1.1684849349264652	0.8014151179817768
P7	1	7	0.5636127591133118	0.566896915435791	0.4343191683292389	0.7056137100551928	0.8008174900617262	0.9942067839265722	0.7661342944428696
P7	1	8	0.41043785214424133	0.4413306415081024	0.3191552758216858	0.707525997757928	0.8102045442559197	0.930000805613009	0.7231659119137469
P7	1	9	0.25463199615478516	0.2693171501159668	0.20192520320415497	0.6591341997280548	0.7650154419708843	0.9454726371682669	0.7497673397969897
P7	1	10	0.0996541678905487	0.07875288277864456	0.07176844030618668	0.421790642682681	0.504467939920316	1.2654034287310172	0.9113119135957286
P7	2	1	0.13343365490436554	0.10789809376001358	0.08569522202014923	0.49509028543195055	0.7077365713557333	1.236663691215417	0.794223688610775
P7	2	3	0.21123744547367096	0.1439935266971588	0.1243801862001419	0.466063716200691	0.6841452706434733	1.4669926511206073	0.8637901234389038
P7	2	4	0.3838053047657013	0.285442054271698	0.24695296585559845	0.5482863008533305	0.7138289295249727	1.3445997148001754	0.8651597133635266
P7	2	5	0.49025285243988037	0.39362865686416626	0.3344167470932007	0.6060806606167605	0.7428699061675539	1.24547042978392	0.8495741894335745
P7	2	6	0.5443706512451172	0.47325101494789124	0.39433082938194275	0.6570888043174055	0.7559051032593841	1.1502788880549084	0.8332382117032792
P7	2	7	0.4735904932022095	0.5012004971504211	0.3880918622016907	0.7540706335433658	0.7695729250050019	0.9449122574594627	0.7743245755105783
P7	2	8	0.33572447299957275	0.3934846520423889	0.2938346266746521	0.7732077570975647	0.7657243786753258	0.8532085591064075	0.7467499053635215
P7	2	9	0.21855702996253967	0.23683598637580872	0.1964958757162094	0.6932817561812944	0.6439189755046338	0.9228201900691553	0.8296706878168926
P7	2	10	0.1505669802427292	0.14464162290096283	0.12309147417545319	0.5348204115031016	0.5696777934474694	1.0409657830362113	0.8510100461174638
P7	3	1	0.36330103874206543	0.2629013657569885	0.21415084600448608	0.4770265468588085	0.7140676171237251	1.3818910285840083	0.8145672632314709
P7	3	2	0.2152387797832489	0.14276811480522156	0.12371697276830673	0.45674908295594274	0.6633923725086737	1.5076109961730533	0.8665588456995017
P7	3	4	0.16016681492328644	0.13426966965198517	0.12183507531881332	0.6294592330714999	0.6606976823414122	1.1928741266618466	0.9073908920354002
P7	3	5	0.27728962898254395	0.2684550881385803	0.22687339782714844	0.7250933548876007	0.7218757865845111	1.0329088224969798	0.8451074606193837
P7	3	6	0.34242409467697144	0.35641250014305115	0.2888936400413513	0.762890868493363	0.7363029990272701	0.9607522029657622	0.8105597865546237
P7	3	7	0.3207841217517853	0.3942480683326721	0.30800238251686096	0.8940298148653109	0.7327874666892551	0.8136606048786093	0.7812400548199114
P7	3	8	0.27695152163505554	0.3133358657360077	0.2657841742038727	0.8325663915397506	0.6010175205200851	0.8838806913613689	0.848240508885126
P7	3	9	0.2839275002479553	0.2466849833726883	0.22777804732322693	0.39163477456514345	0.38348677281942734	1.1509719658087236	0.9233559506097012
P7	3	10	0.3375561237335205	0.2765723764896393	0.2289973795413971	0.4850296783372932	0.6627134267612077	1.2204983303752526	0.8279835551471844
P7	4	1	0.52862149477005	0.3853909969329834	0.3206624984741211	0.5087707551248861	0.7215953919642395	1.3716498282962573	0.8320446015242071
P7	4	2	0.3936408758163452	0.27877193689346313	0.23956230282783508	0.5137912623530768	0.6958612621424394	1.4120534520186692	0.8593487045268383
P7	4	3	0.1657990962266922	0.13662996888160706	0.12299361824989319	0.6074468440316804	0.637858035947274	1.2134899655167224	0.9001950249763281
P7	4	5	0.12187361717224121	0.11955315619707108	0.10317505896091461	0.7373397266890848	0.6675541694794144	1.0194094497291657	0.863005731030983
P7	4	6	0.19592131674289703	0.22491981089115143	0.17796523869037628	0.8279609263959293	0.7155187343329229	0.8710718543050525	0.7912386107086915
P7	4	7	0.22577011585235596	0.2637025713920593	0.21917390823364258	0.8803546598225485	0.6401261619525944	0.8561543964495236	0.8311405803767691
P7	4	8	0.2688758671283722	0.24835869669914246	0.23280881345272064	0.42176368185443264	0.3518199833403616	1.0826110408128122	0.9373894151761527
P7	4	9	0.3683103322982788	0.30363690853118896	0.2672336995601654	0.44220703810070777	0.5504696177611577	1.2129959235849839	0.8801094071629164
P7	4	10	0.4870491921901703	0.38846904039382935	0.3172476589679718	0.5138146794375115	0.6979491446374702	1.2537657870918117	0.8166613706110185
P7	5	1	0.6234027743339539	0.4737871289253235	0.3885609209537506	0.5473789552080194	0.7407479412363871	1.3157866397679456	0.8201170889447993
P7	5	2	0.5076444745063782	0.3774005174636841	0.32084935903549194	0.5557694758666253	0.7157111156848265	1.3451080510381839	0.8501561184699916
P7	5	3	0.27970975637435913	0.260765939950943	0.21964296698570251	0.6864379284469824	0.6979137878019901	1.0726468204665838	0.8422992934852734
P7	5	4	0.13083530962467194	0.11580222845077515	0.10467817634344101	0.6719743668899084	0.6211797914412562	1.1298168556426962	0.9039392224471507
P7	5	6	0.09200883656740189	0.08929811418056488	0.08047574013471603	0.6752630378501208	0.568280888880142	1.0303558749444115	0.9012031314792427
P7	5	7	0.17018026113510132	0.15789218246936798	0.14758600294589996	0.4228235332561678	0.33208145328452865	1.0778257572575975	0.9347264737095677
P7	5	8	0.28976771235466003	0.23877571523189545	0.22614309191703796	0.39546818375082926	0.4328438055874525	1.2135560438935002	0.9470941871011093
P7	5	9	0.4482280910015106	0.3607138395309448	0.31348344683647156	0.5043323781992797	0.6342719159791421	1.2426140665530472	0.8690640959163379
P7	5	10	0.5935048460960388	0.4712889790534973	0.38528794050216675	0.5446109565248831	0.7196205798527792	1.2593225652931477	0.8175195211989704
P7	6	1	0.6584644913673401	0.5488995909690857	0.43717196583747864	0.5925244543694499	0.7595647229724818	1.1996082748118229	0.7964516152501567
P7	6	2	0.5543174743652344	0.46350526809692383	0.37799081206321716	0.6104490420502118	0.7344260497519005	1.195924863251653	0.815504888682679
P7	6	3	0.3492707312107086	0.3460705578327179	0.2821710407733917	0.7123117628697926	0.7106975104117641	1.0092471702823607	0.815356968071772
P7	6	4	0.19935935735702515	0.22439415752887726	0.17778924107551575	0.7967701704308174	0.700312226272723	0.8884338146431893	0.7923077990684141
P7	6	5	0.09659437835216522	0.09564349800348282	0.08512690663337708	0.7052839492735171	0.6091403770559104	1.0099419235863558	0.8900438441751389
P7	6	7	0.13513891398906708	0.09158173948526382	0.09183266758918762	0.2090981169357444	0.2316185498480272	1.4756098186015776	1.0027399359887041
P7	6	8	0.30750536918640137	0.2387174367904663	0.22514690458774567	0.46979741843020706	0.5355563229681201	1.28815629608286	0.9431523210655444
P7	6	9	0.48286890983581543	0.3933442234992981	0.33617737889289856	0.5535903669965376	0.6789412675933025	1.2275988332562282	0.8546645884415751
P7	6	10	0.6269107460975647	0.5273525714874268	0.42710167169570923	0.5872215547152959	0.738409895918797	1.1887886396937986	0.8098977700839604
P7	7	1	0.5807358026504517	0.5455803871154785	0.4262022376060486	0.6641693866018927	0.7731964127568243	1.064436728968287	0.7811905406999865
P7	7	2	0.4829361140727997	0.4822039008140564	0.377545028924942	0.7028919738895066	0.7493916692150165	1.0015184722842498	0.7829572267822195
P7	7	3	0.333413690328598	0.38610103726387024	0.3105872571468353	0.8344225153682522	0.6972260604662703	0.8635400015792641	0.8044196393457833
P7	7	4	0.2309155911207199	0.26348260045051575	0.22165384888648987	0.8445443624800388	0.6194447812637344	0.8763978749484364	0.8412466269404318
P7	7	5	0.17290012538433075	0.1544819325208664	0.14553429186344147	0.4250955349786684	0.34026586840592155	1.1192255467219543	0.9420796949428611
P7	7	6	0.12771567702293396	0.08666761964559555	0.08605574071407318	0.213938005153147	0.2504550167925713	1.4736262233253163	0.9929399361142663
P7	7	8	0.18305474519729614	0.16415773332118988	0.14619262516498566	0.6284015025799266	0.6298410656252865	1.1151149659159372	0.8905619138816091
P7	7	9	0.3681425154209137	0.3482276499271393	0.2839284837245941	0.666664741991054	0.7338200000379442	1.0571892137167778	0.8153530708546588
P7	7	10	0.5211054086685181	0.5033466219902039	0.39376765489578247	0.6794828128076845	0.7708331546071381	1.0352814261633405	0.7822991904442461
P7	8	1	0.4221811890602112	0.4389575719833374	0.33065083622932434	0.7012774467319438	0.78443675414659	0.9617813110107073	0.7532637715653204
P7	8	2	0.34660834074020386	0.4015265107154846	0.302091121673584	0.7624369330535757	0.7446440705795925	0.8632265404408256	0.7523566031425531
P7	8	3	0.2825029492378235	0.3193090558052063	0.2702766954898834	0.8212290888575076	0.5930306132784803	0.8847320303065996	0.8464423121615601
P7	8	4	0.2753602862358093	0.25085732340812683	0.236738383769989	0.40524933089726606	0.33401773075100305	1.097676888578684	0.9437172515184366
P7	8	5	0.2888597249984741	0.244694322347641	0.2293020337820053	0.40772218048701087	0.4466041282297811	1.1804921431241329	0.9370958491477884
P7	8	6	0.301371693611145	0.24249248206615448	0.22594229876995087	0.4935665506510396	0.5606633206174991	1.242808399845269	0.9317497055777236
P7	8	7	0.17999403178691864	0.16365806758403778	0.1451721042394638	0.6398119860927026	0.6486832606714222	1.0998176530129955	0.8870452057911443
P7	8	9	0.18263977766036987	0.18187378346920013	0.144108384847641	0.7049820596430129	0.7629255756177912	1.00421168008142	0.7923538076725906
P7	8	10	0.35260188579559326	0.36076587438583374	0.2796952426433563	0.7134963677122393	0.7913396019289926	0.9773703967867282	0.7752818725427073
P7	9	1	0.26888126134872437	0.26777756214141846	0.21037718653678894	0.6438107920333408	0.7399622420667171	1.004121701603673	0.7856415782353143
P7	9	2	0.2266077995300293	0.24453416466712952	0.20313166081905365	0.6976624218909496	0.6395349228220051	0.926691776744152	0.8306882643395259
P7	9	3	0.29276955127716064	0.24164384603500366	0.22580601274967194	0.3463856148787104	0.3483086837319081	1.2115746214151513	0.9344579489806767
P7	9	4	0.3619042932987213	0.3064723014831543	0.26616546511650085	0.4622275114757978	0.578547085559447	1.18087113108528	0.8684813075387533
P7	9	5	0.4446755349636078	0.36852356791496277	0.31986740231513977	0.5291169599042997	0.6519992864938189	1.2066406973087191	0.8679700029088765
P7	9	6	0.47434648871421814	0.40336665511131287	0.3464190363883972	0.5942613254196117	0.7000608688469095	1.175968520708083	0.8588192206735571
P7	9	7	0.35742443799972534	0.35598012804985046	0.2841375768184662	0.704166540348643	0.7592230407994347	1.004057276898537	0.798183815414203
P7	9	8	0.18122969567775726	0.18223892152309418	0.1440068483352661	0.7127009687584593	0.7763447691281604	0.9944620729924095	0.7902090680284063
P7	9	10	0.17915384471416473	0.17406220734119415	0.14019809663295746	0.6680244354634668	0.7570550261406129	1.0292518258313823	0.8054482289664593
P7	10	1	0.10316219180822372	0.07599269598722458	0.07077649235725403	0.3768295828307974	0.4700927331618437	1.357527726422112	0.9313591449519376
P7	10	2	0.15643557906150818	0.1497299075126648	0.1292862743139267	0.5124996808048474	0.5346898464764785	1.0447851178180698	0.8634632616933334
P7	10	3	0.3421148657798767	0.2762218713760376	0.22976025938987732	0.47808972081925283	0.6691240129952917	1.238550966567506	0.8317960422369695
P7	10	4	0.4939415752887726	0.39431270956993103	0.3243540823459625	0.524823539667926	0.717861991960757	1.2526646067977487	0.8225808463027454
P7	10	5	0.5807960629463196	0.4844568073749542	0.39251965284347534	0.5767816176718119	0.749059004265492	1.1988603609336876	0.8102263129923934
P7	10	6	0.6235237717628479	0.5441287755966187	0.4416763484477997	0.6214770589013947	0.7600236443885016	1.1459121438287754	0.8117129037395912
P7	10	7	0.5170414447784424	0.5235970616340637	0.4062008857727051	0.7143643493765163	0.7898856132475547	0.9874796530844495	0.7757890858000926
P7	10	8	0.3454626202583313	0.3737032115459442	0.28254234790802	0.7449437433935333	0.8136032520717589	0.9244304292414652	0.7560607968531825
P7	10	9	0.17403660714626312	0.17526987195014954	0.13841933012008667	0.6898919403277161	0.786538566966994	0.9929636235243147	0.7897497075792699
P8	1	2	0.15271985530853271	0.15870480239391327	0.13594768941402435	0.5984402827328729	0.6438061505402566	0.962288809191006	0.8566072819686664
P8	1	3	0.4012896716594696	0.5455154776573181	0.3996146619319916	0.9600653928628168	0.7509854862424936	0.7356155564692368	0.7325450483057082
P8	1	4	0.5663831830024719	0.8360470533370972	0.5679786205291748	1.0287208205118867	0.7837956793646843	0.6774537159622094	0.6793620266491912
P8	1	5	0.6292939782142639	1.024989366531372	0.6314549446105957	1.0887603869823765	0.8296929995597006	0.6139517138054164	0.6160599955758357
P8	1	6	0.6454220414161682	1.0823287963867188	0.6462775468826294	1.0702397841638644	0.8420301790789421	0.5963271452915841	0.5971175755834854
P8	1	7	0.6533576846122742	1.1007390022277832	0.6403793692588806	1.2284132754261181	0.8442637692325237	0.5935627640066764	0.5817722166315704
P8	1	8	0.5692774653434753	0.8928300738334656	0.5558056235313416	1.313167553404265	0.8176385868021169	0.6376100918052849	0.6225211715202739
P8	1	9	0.3533536195755005	0.5235548615455627	0.35008642077445984	1.290390813061453	0.7909740191346587	0.674912307245856	0.6686718937934899
P8	1	10	0.11316551268100739	0.13280749320983887	0.11166252195835114	0.8912118119194165	0.625437617661915	0.8521018652328848	0.840784802570754
P8	2	1	0.13641121983528137	0.14108629524707794	0.1205257773399353	0.5867604897208029	0.6639473855383107	0.9668637169640798	0.8542699142313153
P8	2	3	0.21239925920963287	0.29996439814567566	0.21226084232330322	0.9951699816802608	0.769793781345079	0.7080815607540286	0.7076201163720109
P8	2	4	0.40134498476982117	0.6051778793334961	0.4028778374195099	1.1178221592627253	0.7982169890841245	0.6631851534491588	0.6657180494819367
P8	2	5	0.501883327960968	0.8005033135414124	0.5053716897964478	1.1337392600170466	0.8242191513919847	0.6269597133091743	0.6313174239850331
P8	2	6	0.5779643058776855	0.9270662069320679	0.5784371495246887	1.1774454933635734	0.8314565814718361	0.6234336895854912	0.6239437326044984
P8	2	7	0.6061540842056274	0.9347570538520813	0.5988685488700867	1.3239640328461082	0.8200171832977476	0.6484616315091718	0.6406675899392072
P8	2	8	0.5418630838394165	0.7643570899963379	0.5300004482269287	1.4603853367149369	0.7727365485292716	0.7089135312946631	0.6933937751914724
P8	2	9	0.3484063148498535	0.4165373146533966	0.3501068353652954	1.1913102952137207	0.6068736180863332	0.8364348225074737	0.840517339140724
P8	2	10	0.1964917927980423	0.16098105907440186	0.15818160772323608	0.2498881935887649	0.251745239981572	1.2205895148647778	0.9826100575604244
P8	3	1	0.3986443281173706	0.5261136293411255	0.3953804075717926	0.9196528215176499	0.733347313462197	0.757715265078021	0.7515114331231911
P8	3	2	0.20487336814403534	0.2889982759952545	0.2036421000957489	0.9476891265192553	0.7821279325422834	0.7089086169752772	0.7046481484861619
P8	3	4	0.1645054966211319	0.2337808609008789	0.16571742296218872	1.087864296465142	0.7749911068238129	0.7036739277424461	0.7088579549394828
P8	3	5	0.3286808729171753	0.47496360540390015	0.330675333738327	1.251869477942399	0.7970749778467804	0.6920127546144746	0.6962119412436389
P8	3	6	0.44108518958091736	0.6219684481620789	0.44355231523513794	1.2846301835102294	0.7930121578155044	0.7091761501476919	0.7131427913197819
P8	3	7	0.5296095013618469	0.6828603744506836	0.5317978858947754	1.4695946238771207	0.7283139754972968	0.7755750973072395	0.7787798293649297
P8	3	8	0.4881424903869629	0.5432044267654419	0.4915974736213684	1.2056475224251615	0.49694201845873626	0.8986349638084687	0.904995337664364
P8	3	9	0.3696736991405487	0.34226521849632263	0.3358321785926819	0.33178505571799316	0.243150544151822	1.0800796550833884	0.9812045175612553
P8	3	10	0.37456631660461426	0.42520734667778015	0.3605247735977173	0.7378050915483407	0.6477174161550733	0.8809027396425928	0.8478799259104077
P8	4	1	0.5628983378410339	0.8016438484191895	0.5627216696739197	0.9953845835089913	0.7680009480459195	0.7021800752928469	0.7019596929279567
P8	4	2	0.39801883697509766	0.5905284881591797	0.39962852001190186	1.083916705631317	0.7950129876038714	0.6740044637233654	0.6767302984105656
P8	4	3	0.1629684716463089	0.23544542491436005	0.1645103245973587	1.0976682902209847	0.7860083217850071	0.692170899925477	0.6987195638105816
P8	4	5	0.14591549336910248	0.1795874983072281	0.14796581864356995	1.1048007939591873	0.7280001523329204	0.8125036249431936	0.8239204846566682
P8	4	6	0.28367653489112854	0.34980708360671997	0.29002028703689575	1.2221716830160507	0.718445113341732	0.8109513734434821	0.8290863754004446
P8	4	7	0.39870190620422363	0.4481722116470337	0.4039241075515747	1.247779654772649	0.5408744797916232	0.8896176421536566	0.9012698624645934
P8	4	8	0.4287523329257965	0.41497015953063965	0.40425077080726624	0.40202187998037064	0.20557228857590612	1.0332124445062398	0.9741682902320066
P8	4	9	0.41741517186164856	0.4426511824131012	0.3986753225326538	0.662614428395165	0.5564608189175043	0.9429889458017955	0.900653467950285
P8	4	10	0.5022259950637817	0.6673861145973206	0.4971823990345001	0.8819888641262332	0.7354912524838647	0.7525268867285452	0.7449696482440066
P8	5	1	0.6430226564407349	0.9632830619812012	0.6430098414421082	0.9988998169341811	0.7874490035838079	0.6675324022808196	0.6675190988198407
P8	5	2	0.49561357498168945	0.7739208936691284	0.4970415234565735	1.1098640636445645	0.8150056499545499	0.6403930673482726	0.6422381505945901
P8	5	3	0.3274945318698883	0.46452614665031433	0.3308703303337097	1.2372106604417943	0.790543545659388	0.7050077465637675	0.7122749337569195
P8	5	4	0.14377360045909882	0.17789384722709656	0.14530786871910095	1.070739983883356	0.735450615707519	0.8081988371163823	0.8168234651398772
P8	5	6	0.13234847784042358	0.14446096122264862	0.1334770917892456	1.06069634524951	0.5672878486963013	0.9161539333553456	0.9239665211940943
P8	5	7	0.2870783805847168	0.2782348692417145	0.27349960803985596	0.4321855432822907	0.19417271923864968	1.031784338775021	0.9829810648292799
P8	5	8	0.3963763415813446	0.3859536647796631	0.36850109696388245	0.49186768136849973	0.3622481591605905	1.0270049950364681	0.9547806656383374
P8	5	9	0.4488493800163269	0.5543221235275269	0.43701714277267456	0.8216121123913257	0.6957739739891547	0.8097266209762557	0.7883812033184581
P8	5	10	0.5887196660041809	0.84981369972229	0.587306022644043	0.9362597450000855	0.769497958510697	0.6927632093911502	0.6910997349606958
P8	6	1	0.6553397178649902	1.0041128396987915	0.6551268100738525	0.9724125808568458	0.8014439387212758	0.6526554506180556	0.6524434148958538
P8	6	2	0.5646412968635559	0.881013035774231	0.566760241985321	1.1237354906170418	0.8189493467436654	0.640900047940098	0.6433051714010727
P8	6	3	0.4434956908226013	0.6049875020980835	0.44752243161201477	1.2425310748442442	0.7796995095555949	0.7330658720792874	0.7397217794748102
P8	6	4	0.2767620086669922	0.34320127964019775	0.28130316734313965	1.193578777211169	0.7270530803635427	0.8064131024136665	0.8196448674027373
P8	6	5	0.12319806963205338	0.13535112142562866	0.12318636476993561	0.9994591439853352	0.6194601603499078	0.9102109264735349	0.9101244487111455
P8	6	7	0.1633770614862442	0.13388516008853912	0.13142043352127075	0.1978434084380035	0.17190328114006914	1.2202775974439728	0.9815907411572841
P8	6	8	0.32571589946746826	0.34473541378974915	0.3033590316772461	0.6554936709273038	0.5775134070209909	0.9448286611659784	0.8799764095668509
P8	6	9	0.4378390610218048	0.608087420463562	0.43258124589920044	0.9026554720368092	0.7680643914224708	0.7200265065309653	0.7113800275122147
P8	6	10	0.5892038941383362	0.8981679081916809	0.5886780023574829	0.9652586012667209	0.7992238927632005	0.6560063978734277	0.6554208817621785
P8	7	1	0.6600827574729919	1.050460696220398	0.6557090878486633	1.1477190577563496	0.8139505520811582	0.6283745406639178	0.6242109678238628
P8	7	2	0.5809188485145569	0.8883758783340454	0.5801964998245239	1.2874569320075178	0.8177985548051987	0.653911100787589	0.6530979892346419
P8	7	3	0.5173740386962891	0.6608307361602783	0.5219411253929138	1.42967734034831	0.7302893510988933	0.7829146109372322	0.7898257402880877
P8	7	4	0.3966069519519806	0.44503703713417053	0.40245765447616577	1.2776297921161677	0.5631323607257175	0.8911774051569799	0.9043239570976025
P8	7	5	0.28864583373069763	0.27749428153038025	0.2752566933631897	0.5599925520966834	0.2454771470004577	1.0401866018240686	0.9919364530510313
P8	7	6	0.16601066291332245	0.12562790513038635	0.1246049627661705	0.11689323819248719	0.1006436227023687	1.321447354718076	0.9918573635120783
P8	7	8	0.16821740567684174	0.214461088180542	0.16427646577358246	0.8813290528035119	0.7308184554336611	0.7843726202453545	0.7659966065046164
P8	7	9	0.3672097623348236	0.5696801543235779	0.36546871066093445	1.1271835618055888	0.8172208882693676	0.6445893534255869	0.6415331618755118
P8	7	10	0.5540787577629089	0.8771083950996399	0.550956130027771	1.0960012192652975	0.8152724820056554	0.6317106994511954	0.6281505605304144
P8	8	1	0.5497380495071411	0.8435301184654236	0.5433217287063599	1.2486214186165328	0.806752762004941	0.6517112281743321	0.6441047175586188
P8	8	2	0.5186194777488708	0.7354897856712341	0.5110430121421814	1.4097568891705026	0.7803327207783004	0.7051348473528566	0.6948335953786026
P8	8	3	0.4851306676864624	0.5401620268821716	0.4888255298137665	1.2114700133821625	0.5103958186327096	0.8981206444419065	0.9049609292887161
P8	8	4	0.4348219633102417	0.4137905538082123	0.40709349513053894	0.3805520118691334	0.1916737082370839	1.0508262194689375	0.9838153418050781
P8	8	5	0.4052801728248596	0.39326924085617065	0.3761768937110901	0.4644815072492405	0.34049768684879284	1.030541244320406	0.9565377981052637
P8	8	6	0.33751335740089417	0.3476671874523163	0.3125361204147339	0.6429827354940673	0.5671796830381198	0.9707943964288699	0.8989520199043785
P8	8	7	0.16975495219230652	0.2147054821252823	0.16596241295337677	0.8817529894938547	0.7279251374983834	0.7906409771747384	0.7729770628610985
P8	8	9	0.22858642041683197	0.33742496371269226	0.22687748074531555	1.250068806408348	0.8109993015886416	0.6774437134161383	0.6723790624409617
P8	8	10	0.44609010219573975	0.6843011379241943	0.44076815247535706	1.2001739029609906	0.8090648511381167	0.6518915101455769	0.6441143058923052
P8	9	1	0.3481968343257904	0.5080564022064209	0.34702691435813904	1.2376587160256498	0.7836383289460889	0.6853507461250723	0.6830480097309032
P8	9	2	0.3429758846759796	0.41125011444091797	0.3443334102630615	1.1549256347333112	0.6116217096029593	0.8339836820282589	0.8372846551816097
P8	9	3	0.36966198682785034	0.3408856987953186	0.3332414925098419	0.32510766069797864	0.24106698651859582	1.0844162372731576	0.9775754561939937
P8	9	4	0.4137628674507141	0.441996306180954	0.3950611352920532	0.6772314516595546	0.5734588376453884	0.9361229079623099	0.8938109431401324
P8	9	5	0.4654010534286499	0.5633584856987	0.45197680592536926	0.8287023069474985	0.7016087073485907	0.8261188306260102	0.8022898694155807
P8	9	6	0.45633476972579956	0.6305946707725525	0.4508843719959259	0.9189528856837826	0.7735655242225151	0.7236578278829028	0.7150145614829564
P8	9	7	0.3815147876739502	0.5869659185409546	0.3800646662712097	1.1415076806157938	0.8163416760893294	0.6499777510460867	0.6475072133931594
P8	9	8	0.23689809441566467	0.34576618671417236	0.23458421230316162	1.220221685067797	0.8011939790037245	0.6851395640126502	0.6784475212351538
P8	9	10	0.21192623674869537	0.32107794284820557	0.21249894797801971	1.1689916999625236	0.8048896612843414	0.6600460774999006	0.6618297915234924
P8	10	1	0.10376924276351929	0.11283369362354279	0.09861108660697937	0.8072613453762032	0.6203256026459252	0.9196653892208293	0.8739507095813456
P8	10	2	0.19375932216644287	0.15618275105953217	0.15295164287090302	0.2498781884600553	0.26059836061668296	1.240593604940328	0.9793120036194166
P8	10	3	0.38383620977401733	0.43566638231277466	0.3680420517921448	0.7485688871193003	0.6553468932359384	0.881032426088026	0.8447795531947175
P8	10	4	0.5085895657539368	0.691737711429596	0.5046712160110474	0.9133072635251313	0.7516282606849208	0.7352346956808936	0.7295701935464192
P8	10	5	0.5899195671081543	0.8588432669639587	0.5874218940734863	0.9590597794036018	0.789838180020644	0.68687686077291	0.6839686781850703
P8	10	6	0.605434775352478	0.9308584332466125	0.6040681600570679	0.9632795412882023	0.8063632040221684	0.6504047809298624	0.6489366572640074
P8	10	7	0.5784887075424194	0.9287565350532532	0.5740969181060791	1.1199796044056947	0.8203550047348881	0.6228636738574873	0.6181349971046626
P8	10	8	0.4659598469734192	0.720135509967804	0.4570111036300659	1.2296436874677332	0.8106659281207618	0.6470446749588163	0.6346182035246368
P8	10	9	0.22278189659118652	0.3406629264354706	0.22230806946754456	1.2338606043883102	0.8067987263886567	0.6539657805510767	0.6525748833125663
P9	1	2	0.1356435865163803	0.12565873563289642	0.10528220981359482	0.5346610071319504	0.6535235482812947	1.0794600616757275	0.8378423456461455
P9	1	3	0.25542330741882324	0.3456847071647644	0.22816461324691772	0.8193918708665107	0.8417439900244368	0.7388909666087147	0.6600367575363036
P9	1	4	0.392169713973999	0.5452423095703125	0.36394402384757996	0.8617848541316091	0.8345226207518679	0.7192576714801444	0.6674904303270086
P9	1	5	0.448845773935318	0.6940400004386902	0.42279723286628723	0.8914514534062643	0.8544686602289763	0.6467145606184235	0.6091828030070957
P9	1	6	0.47084173560142517	0.7583379149436951	0.44079309701919556	0.8857143926464164	0.8652344500654038	0.6208864495933638	0.5812621106409054
P9	1	7	0.4360237419605255	0.7162362933158875	0.4195159673690796	0.9215905276075349	0.8551644523611961	0.6087708009627801	0.5857228561078475
P9	1	8	0.33490487933158875	0.5445877909660339	0.3202948272228241	0.8965294086451046	0.8441817586968281	0.614969495987979	0.5881417698598406
P9	1	9	0.22047044336795807	0.33283543586730957	0.2146875560283661	0.8949925808557785	0.8061642971824146	0.6624007530732163	0.6450261387250692
P9	1	10	0.12244204431772232	0.13123619556427002	0.11848144233226776	0.7698410306553223	0.48071007516739656	0.9329898949848713	0.902810705711475
P9	2	1	0.13470610976219177	0.12845824658870697	0.10830200463533401	0.5589607769275328	0.6643144563740814	1.0486373069802906	0.8430911016720594
P9	2	3	0.16724221408367157	0.26710671186447144	0.17026853561401367	1.0983364058620642	0.8371290886249341	0.6261250902917386	0.637455099594828
P9	2	4	0.28426751494407654	0.45742252469062805	0.2872646749019623	1.0324249251883164	0.8387829405896197	0.6214549996993202	0.6280072786014421
P9	2	5	0.37585654854774475	0.6254575848579407	0.3803409934043884	1.0453087403268462	0.8521275407956656	0.600930514949487	0.6081003774073261
P9	2	6	0.39625611901283264	0.6940983533859253	0.39722374081611633	1.0081165456031462	0.8632954010937096	0.5708933281282551	0.5722873982892971
P9	2	7	0.3896729648113251	0.6639881134033203	0.3957550525665283	1.0647282854114744	0.8409344449164048	0.5868673805228641	0.596027315215112
P9	2	8	0.2986384928226471	0.4815393388271332	0.29956144094467163	1.0235030925949016	0.8085637960725202	0.620174653954606	0.6220913158918685
P9	2	9	0.2191496193408966	0.27819758653640747	0.21744504570960999	0.9311481119325316	0.6703026590711653	0.7877480968448901	0.7816208918877632
P9	2	10	0.1703115850687027	0.11813804507255554	0.11649499833583832	0.17618270814411008	0.23037143778973673	1.4416319904744006	0.9860921455428847
P9	3	1	0.2646380662918091	0.3553783595561981	0.2404489815235138	0.8284429755191173	0.8169489820788254	0.7446656758230668	0.6765999534236978
P9	3	2	0.18394404649734497	0.28027763962745667	0.1871592104434967	1.0994426703011067	0.8011514316278974	0.6562922634208076	0.6677636171485802
P9	3	4	0.15734776854515076	0.21153485774993896	0.15871936082839966	1.0391075197268445	0.749283067405265	0.7438384870410142	0.7503224882965912
P9	3	5	0.23380441963672638	0.36463621258735657	0.23379740118980408	0.9998955937777496	0.813075405468506	0.6411991227577635	0.6411798749521972
P9	3	6	0.2859582304954529	0.4436097741127014	0.2817126512527466	0.9571311760827156	0.8195492221253716	0.6446166139315128	0.6350460871071248
P9	3	7	0.28512316942214966	0.41107508540153503	0.28124701976776123	0.9536896481743463	0.7685903999460064	0.6936036250984258	0.6841743266757246
P9	3	8	0.23365677893161774	0.24858269095420837	0.21266834437847137	0.6732345569869589	0.5936356053116983	0.9399559479974406	0.8555235425367859
P9	3	9	0.20468230545520782	0.19104614853858948	0.16751766204833984	0.5570551248452467	0.6087170934978464	1.0713762461108394	0.8768439632506012
P9	3	10	0.26241588592529297	0.2867061495780945	0.21983908116817474	0.6958084372241333	0.7727639375215991	0.9152781909681877	0.7667749069619934
P9	4	1	0.40621528029441833	0.5487504005432129	0.3781188726425171	0.8602356349568998	0.8043112578758791	0.7402550957453556	0.6890543902441144
P9	4	2	0.2937217056751251	0.46065884828567505	0.29278773069381714	0.9914064072588693	0.8128618060026868	0.6376122086185897	0.6355847321361913
P9	4	3	0.16631297767162323	0.22022369503974915	0.16689060628414154	1.0133911434036962	0.71779734676716	0.755200196062484	0.757823113693641
P9	4	5	0.1253010481595993	0.1678834706544876	0.12473144382238388	0.9753318660286439	0.7231388462611544	0.7463572659721516	0.7429644105886236
P9	4	6	0.17563267052173615	0.23192930221557617	0.1634327918291092	0.8104005868731232	0.7483911858764754	0.7572681366431534	0.7046664232068439
P9	4	7	0.19345439970493317	0.22076039016246796	0.17845621705055237	0.7344363466796596	0.6395720897476801	0.8763093758013427	0.808370636232424
P9	4	8	0.21272851526737213	0.185879647731781	0.17504817247390747	0.5304919948935161	0.5143397276714862	1.1444422122766946	0.941728557214058
P9	4	9	0.2819145917892456	0.30226272344589233	0.24720895290374756	0.7407095664884081	0.7297431223577479	0.9326806447560868	0.817861197323593
P9	4	10	0.3771010637283325	0.44025975465774536	0.32617220282554626	0.765875797984464	0.7867788441456055	0.8565422111350788	0.7408630913336834
P9	5	1	0.4606104791164398	0.7003536820411682	0.4386385679244995	0.9006937166616221	0.8306771288258258	0.6576826693821312	0.6263100761405227
P9	5	2	0.39151620864868164	0.6297053694725037	0.3921539783477783	1.0056854803892585	0.8245497586462192	0.6217450694070623	0.6227578759194651
P9	5	3	0.2497122585773468	0.3719090223312378	0.24835631251335144	0.9802907970838942	0.7740411583337947	0.6714337205698188	0.6677878126122869
P9	5	4	0.1331932693719864	0.17390668392181396	0.13248403370380402	0.9702996067048154	0.7043112366514801	0.7658893055074768	0.7618110512840726
P9	5	6	0.10059427469968796	0.10704535990953445	0.094627246260643	0.738905315983833	0.5365875506462489	0.9397350318098944	0.8839920416972191
P9	5	7	0.127525195479393	0.1106972023844719	0.10089408606290817	0.46957596178003314	0.48718291750881254	1.1520182329131894	0.9114420589644562
P9	5	8	0.229257270693779	0.23326651751995087	0.1998620629310608	0.7245793219345364	0.6793810707014033	0.982812591927905	0.8567970450965683
P9	5	9	0.33206772804260254	0.405952513217926	0.29777273535728455	0.8057383775511137	0.7823103868549564	0.817996482914591	0.7335161765519906
P9	5	10	0.4490258991718292	0.6018003821372986	0.40371015667915344	0.8274794763453754	0.8120304275469161	0.7461376105763017	0.6708373219129137
P9	6	1	0.4811115264892578	0.7799277901649475	0.4604652225971222	0.9097515209074086	0.847953942962254	0.6168667568410495	0.5903946857692275
P9	6	2	0.4187227189540863	0.706062912940979	0.41820308566093445	0.9957879649614961	0.8398256231723471	0.5930388231410875	0.5923028642291721
P9	6	3	0.3042818307876587	0.45172011852264404	0.29897040128707886	0.9428465335230222	0.7892267568649843	0.673606993159428	0.6618487621602178
P9	6	4	0.1817639172077179	0.24551589787006378	0.17256228625774384	0.8338078583980162	0.7408168894816994	0.7403346128889551	0.7028558547726724
P9	6	5	0.10711731761693954	0.10987795889377594	0.09782156348228455	0.6920282318791463	0.5418202858406881	0.9748753862500737	0.890274668979364
P9	6	7	0.12060675024986267	0.112795390188694	0.10247685015201569	0.5165618164691039	0.4359792435443941	1.069252476081701	0.9085198427044177
P9	6	8	0.2337217628955841	0.2596573829650879	0.20986725389957428	0.7923540506157435	0.7511379086126382	0.9001159921842432	0.8082468193395906
P9	6	9	0.3634873926639557	0.46614453196525574	0.328177809715271	0.8199540508368159	0.8015970046139108	0.7797740137195224	0.7040258701130315
P9	6	10	0.4703865945339203	0.6561543941497803	0.42117053270339966	0.8251814543100436	0.8263688057994347	0.7168840119457391	0.6418771808259187
P9	7	1	0.46208372712135315	0.7368534207344055	0.44635748863220215	0.9249111177402611	0.828469971392461	0.6271039994098209	0.605761574923989
P9	7	2	0.40815913677215576	0.6780970096588135	0.41217219829559326	1.0424393159929133	0.8168086574212653	0.6019185027486292	0.6078366257697831
P9	7	3	0.3016967177391052	0.42358335852622986	0.29605773091316223	0.9307132876132028	0.7317583955399026	0.7122487502549585	0.6989361714851913
P9	7	4	0.2052060067653656	0.23182132840156555	0.19032910466194153	0.7282992200311585	0.6167013123683249	0.8851903669963604	0.8210163662432718
P9	7	5	0.13429121673107147	0.1084541529417038	0.10274834930896759	0.4129617037675033	0.45162653725849256	1.238230285227119	0.9473897174246229
P9	7	6	0.12025316804647446	0.10529085248708725	0.09644411504268646	0.40854134686421323	0.37030592654173294	1.142104610286275	0.9159781003246626
P9	7	8	0.17532096803188324	0.21714869141578674	0.17382103204727173	0.9754015496389947	0.7197794078225409	0.8073775019725372	0.8004700876343154
P9	7	9	0.2921796441078186	0.4222545623779297	0.27692949771881104	0.9063070294909812	0.8073044784555976	0.6919514201632465	0.6558354187087536
P9	7	10	0.4248393177986145	0.6257951855659485	0.39780882000923157	0.8903033292153664	0.8236349722799803	0.6788791726072546	0.6356853315345762
P9	8	1	0.35378599166870117	0.5567072033882141	0.34035930037498474	0.9017905473586565	0.8176760815194464	0.6354974203953171	0.6113793719633958
P9	8	2	0.31429803371429443	0.49557289481163025	0.31484344601631165	1.0149036863949137	0.7880140624804122	0.634211509557561	0.6353120788334988
P9	8	3	0.24956832826137543	0.2561856508255005	0.22391456365585327	0.6303593533379688	0.5468807313007581	0.974169815745721	0.8740324172502991
P9	8	4	0.21840567886829376	0.18235348165035248	0.17489951848983765	0.47614436095371293	0.4835792406562403	1.1977050116710595	0.9591235489826996
P9	8	5	0.22858606278896332	0.22037425637245178	0.19445540010929108	0.6858388976838221	0.6851461419933393	1.0372630022747886	0.882387095980233
P9	8	6	0.21961790323257446	0.24871325492858887	0.19674022495746613	0.7883928170740434	0.7844317795361121	0.8830164813517143	0.7910323276254603
P9	8	7	0.15687628090381622	0.20274478197097778	0.1559085100889206	0.9798063401111269	0.7669252903550656	0.7737623596461907	0.7689890145297962
P9	8	9	0.172430157661438	0.24245470762252808	0.16439105570316315	0.878921203907751	0.7750685092861607	0.7111850264829271	0.6780278977263648
P9	8	10	0.29108715057373047	0.4339495897293091	0.2622634172439575	0.8347398166167495	0.8213644373838477	0.670785633776739	0.6043637866037695
P9	9	1	0.2314148098230362	0.3463866710662842	0.22590214014053345	0.8913092818912624	0.7823057944890867	0.6680823171130419	0.6521675312884804
P9	9	2	0.2371259331703186	0.29253819584846497	0.2341645359992981	0.8868611397663023	0.6250789872353457	0.810581102008129	0.8004579891529635
P9	9	3	0.22248996794223785	0.19088761508464813	0.1745123416185379	0.49962170150636975	0.5670763518532025	1.1655547576702439	0.9142151078850836
P9	9	4	0.2702338993549347	0.2926989495754242	0.23563964664936066	0.7384951542653214	0.7610235949286767	0.9232486134539386	0.8050580536457983
P9	9	5	0.3169552981853485	0.3979218900203705	0.2842642664909363	0.8147145322863008	0.8131059381862741	0.7965264192153965	0.7143720253147777
P9	9	6	0.3376821279525757	0.4565610885620117	0.3039422035217285	0.8259345438076254	0.8347934037346013	0.7396209103498984	0.6657207789630676
P9	9	7	0.2696513831615448	0.4122188985347748	0.25638049840927124	0.9135557469080942	0.8430570340702985	0.6541460959699231	0.6219523154337937
P9	9	8	0.15628133714199066	0.23014520108699799	0.14642837643623352	0.8571908348851033	0.8151551869250503	0.6790553807068704	0.6362434486777833
P9	9	10	0.16892294585704803	0.2302798330783844	0.15628530085086823	0.82685045849804	0.7655135954988551	0.7335550994582698	0.6786755868355638
P9	10	1	0.128840371966362	0.1384745091199875	0.12533840537071228	0.806177789401773	0.4852755644363537	0.9304266379794309	0.9051370260652606
P9	10	2	0.18348833918571472	0.12755551934242249	0.12564827501773834	0.14779991355700392	0.18434857559859882	1.4384978410314078	0.985047731885563
P9	10	3	0.260042667388916	0.27029597759246826	0.2073477804660797	0.6530853934644861	0.7890194094952779	0.9620663603843509	0.7671138220884032
P9	10	4	0.366765558719635	0.4326430857181549	0.3156919777393341	0.7633820605121976	0.8162014779880603	0.8477323938063909	0.7296822442344345
P9	10	5	0.43875056505203247	0.5843034386634827	0.38972795009613037	0.816053416660152	0.8339044585785476	0.7508950590049868	0.6669958181105041
P9	10	6	0.45362740755081177	0.6473097205162048	0.4014107882976532	0.8182956794554131	0.8518515556941574	0.7007888081598114	0.6201216752585507
P9	10	7	0.4112691283226013	0.6179366111755371	0.38391247391700745	0.8856947080748517	0.848067329928164	0.6655522927185361	0.6212813207274904
P9	10	8	0.27944204211235046	0.42200326919555664	0.24779365956783295	0.8284172063047024	0.8472648916517814	0.6621798040689035	0.5871842178857747
P9	10	9	0.15437211096286774	0.21833156049251556	0.1433103233575821	0.8314908123857975	0.8062203876479376	0.7070535776624911	0.656388490213236
