model	patient	ref	tgt	L1_pred	L1_zero	L1_oracle	alpha_oracle	cos	amp_ratio	ratio_pred	ratio_oracle
E1_Decoder	P3	1	2	0.23256361484527588	0.2865368723869324	0.2123315930366516	2.1916950797260117	0.7373120457652679	0.3274500440084499	0.8116359088725854	0.7410271190156785
E1_Decoder	P3	1	3	0.39090555906295776	0.6038203239440918	0.3550392687320709	1.5289128122755737	0.8589026258761926	0.5536555930824253	0.6473872169615014	0.5879882717643408
E1_Decoder	P3	1	4	0.5116493701934814	0.891513466835022	0.49108681082725525	1.2481026687425387	0.8791767100606982	0.699135168621524	0.5739109830947334	0.550846206026109
E1_Decoder	P3	1	5	0.6193848848342896	1.12416672706604	0.6004338264465332	1.1932691201181547	0.8879876815268904	0.7468182654087776	0.5509724402276348	0.534114568586818
E1_Decoder	P3	1	6	0.6478465795516968	1.236781358718872	0.6320508718490601	1.1542143540202887	0.8936574273185235	0.7850568162390631	0.523816578398928	0.5110449534134102
E1_Decoder	P3	1	7	0.497248113155365	0.9988840222358704	0.49843254685401917	1.0203127219531156	0.8988336844384668	0.8984778044072599	0.49780365096073975	0.498989407937814
E1_Decoder	P3	1	8	0.34373772144317627	0.6555743217468262	0.3439217507839203	1.0026883891713438	0.8927569218120354	0.9330511341598411	0.5243306670817456	0.5246113817690653
E1_Decoder	P3	1	9	0.24124129116535187	0.4012570083141327	0.24271126091480255	1.0750639534260955	0.8405518227557711	0.8138888053062179	0.601213900733893	0.6048773127590854
E1_Decoder	P3	1	10	0.15418285131454468	0.16011638939380646	0.14881694316864014	0.6444762002123758	0.3645131100904324	0.5931856858837686	0.9629423439928548	0.9294297962379396
E1_Decoder	P3	2	1	0.22467678785324097	0.28305310010910034	0.20420338213443756	2.0008907313338944	0.751030621570042	0.3385148128566052	0.7937619752853484	0.7214313570695009
E1_Decoder	P3	2	3	0.2562471926212311	0.3681303858757019	0.23825667798519135	1.506976408844063	0.8162215402998044	0.5486125258375066	0.696077266242706	0.6472073132958874
E1_Decoder	P3	2	4	0.39432576298713684	0.6581997275352478	0.38213974237442017	1.2522405024474859	0.8524367044344835	0.6873267212086281	0.5990974266485396	0.5805832582237827
E1_Decoder	P3	2	5	0.5044929385185242	0.8712269067764282	0.4990304708480835	1.1423039097257852	0.8628171794313576	0.7672134905251686	0.5790603281356022	0.5727904716516559
E1_Decoder	P3	2	6	0.551142156124115	0.9998354911804199	0.5468393564224243	1.0873956128467024	0.8700568996574801	0.8154939596817735	0.5512328387877378	0.5469293311210808
E1_Decoder	P3	2	7	0.3934866487979889	0.7778134346008301	0.38402798771858215	0.914340427412706	0.8961334043880742	0.9999013630945357	0.5058882134119016	0.49372763523384416
E1_Decoder	P3	2	8	0.3231433629989624	0.4664938151836395	0.29594701528549194	0.7590530561357105	0.812707406958962	1.1377562984702208	0.6927066393618833	0.6344071575075217
E1_Decoder	P3	2	9	0.25274914503097534	0.2712593376636505	0.2236136496067047	0.5914058502993718	0.5920650157006923	1.0509728546642443	0.9317620075603554	0.8243537403456159
E1_Decoder	P3	2	10	0.22748877108097076	0.25977933406829834	0.226691335439682	0.955868550283383	0.5138577655471404	0.5454453704836673	0.8757000317090732	0.8726303662788003
E1_Decoder	P3	3	1	0.38626089692115784	0.5950747132301331	0.35165613889694214	1.5115429773927769	0.8603336757544122	0.5430744621593991	0.6490964719782661	0.5909445168458137
E1_Decoder	P3	3	2	0.25824254751205444	0.3709385097026825	0.2432602196931839	1.4446795716356833	0.8063559993724111	0.5241981572641443	0.6961869440814948	0.6557966167712371
E1_Decoder	P3	3	4	0.19167427718639374	0.3060009777545929	0.18404123187065125	1.2780603389043705	0.8298372255335827	0.6455102436509599	0.6263845252812	0.6014400124507082
E1_Decoder	P3	3	5	0.2947447597980499	0.5028389096260071	0.29337191581726074	1.0807574448388855	0.859767535872549	0.7895702247753534	0.5861614011081007	0.5834312146517457
E1_Decoder	P3	3	6	0.35414692759513855	0.6346684098243713	0.3541964888572693	1.0172447794053638	0.8591767717847703	0.8463058941720546	0.5580030802118225	0.5580811702212882
E1_Decoder	P3	3	7	0.35707351565361023	0.5173312425613403	0.33453071117401123	0.8006981722078906	0.7870832061416609	1.0272453613529182	0.6902222140803177	0.6466470293147735
E1_Decoder	P3	3	8	0.31912949681282043	0.3513590693473816	0.2874118387699127	0.6013602342560233	0.602975081002809	1.0344836069550567	0.9082716931302649	0.8180003416554887
E1_Decoder	P3	3	9	0.3616481423377991	0.43480706214904785	0.3593309223651886	0.9222783586697891	0.6152235737442595	0.6764435194913198	0.8317439476496576	0.8264146414485174
E1_Decoder	P3	3	10	0.3874437212944031	0.5574347376823425	0.3835492730140686	1.2112884059565316	0.7818269400484744	0.6238883369721725	0.6950476802096789	0.6880613049139331
E1_Decoder	P3	4	1	0.4915499687194824	0.8646547794342041	0.4741164743900299	1.2027244865650777	0.8821679495542117	0.7089107875057507	0.5684927446317168	0.5483303691448661
E1_Decoder	P3	4	2	0.37186184525489807	0.6412592530250549	0.3699181377887726	1.1152437542911044	0.8547175549416401	0.7375799031089243	0.5798931454020967	0.5768620663853709
E1_Decoder	P3	4	3	0.1836489886045456	0.3022253215312958	0.1804100126028061	1.1575963684721238	0.8277685841597981	0.6563339363428052	0.6076558630959337	0.5969387729946527
E1_Decoder	P3	4	5	0.1722669154405594	0.2480037361383438	0.17140060663223267	1.1345286105031176	0.7742006696346444	0.6631087480431335	0.6946141946202932	0.691121066565789
E1_Decoder	P3	4	6	0.22853514552116394	0.3698572516441345	0.2290160059928894	1.0538858635294668	0.8214660944767005	0.7672374990745112	0.617900945581712	0.6192010700745748
E1_Decoder	P3	4	7	0.3000756502151489	0.34626340866088867	0.2911040186882019	0.7415650075319588	0.5762469747693695	0.8182220840582478	0.8666109173234257	0.8407010715166071
E1_Decoder	P3	4	8	0.388842910528183	0.42287853360176086	0.3723513185977936	0.6613167719993053	0.49881635032175636	0.7472917882474502	0.9195144223006827	0.8805160087611577
E1_Decoder	P3	4	9	0.4482470452785492	0.6163977980613708	0.4483526945114136	0.9259082173385393	0.7357066508864483	0.7487318273966722	0.7272041637532263	0.727375561563531
E1_Decoder	P3	4	10	0.4906294047832489	0.8151987791061401	0.4898684024810791	1.0369638954423857	0.8387752412105614	0.7779480355048972	0.6018524774058429	0.6009189599354117
E1_Decoder	P3	5	1	0.5985541343688965	1.081828236579895	0.5870352387428284	1.1589633464843576	0.8837332982741108	0.7568574402674105	0.5532801919287786	0.5426325722451918
E1_Decoder	P3	5	2	0.4852907657623291	0.8615084886550903	0.4842219054698944	1.0529708367411124	0.8663052466388405	0.8132265479911336	0.5633035218491247	0.5620628372749039
E1_Decoder	P3	5	3	0.2786981761455536	0.4864157736301422	0.2776949405670166	0.9497297962943102	0.866541872841465	0.8674186112364266	0.5729628668610331	0.5709003606000831
E1_Decoder	P3	5	4	0.17207354307174683	0.2531452476978302	0.17104968428611755	1.171809344799109	0.7806688657220916	0.6075680597284615	0.6797423401649019	0.6756977894773399
E1_Decoder	P3	5	6	0.15278959274291992	0.1986202448606491	0.15126454830169678	1.2471371464226773	0.6474184611581288	0.5181013429502852	0.7692548805894196	0.7615766882566436
E1_Decoder	P3	5	7	0.3304215669631958	0.368066668510437	0.33038130402565	1.0310829475798349	0.4290415042932839	0.4258314553181268	0.8977220575294399	0.8976126671907039
E1_Decoder	P3	5	8	0.4634944796562195	0.567070722579956	0.4636837840080261	0.9390841346054136	0.6257016509646524	0.5858265218136461	0.8173486325435669	0.8176824610137539
E1_Decoder	P3	5	9	0.5330045223236084	0.8269080519676208	0.5322808027267456	1.0138549140928506	0.7941386527768418	0.7165382037991187	0.6445753201402847	0.6437001084463839
E1_Decoder	P3	5	10	0.5882689356803894	1.0490769147872925	0.5855534672737122	1.0482171236297877	0.8621375082878474	0.7942684054034171	0.5607490998881287	0.5581606639322886
E1_Decoder	P3	6	1	0.6223847270011902	1.205067753791809	0.6155226826667786	1.1100548318421704	0.8950720958534397	0.8082554173482335	0.5164728083071046	0.5107784858818137
E1_Decoder	P3	6	2	0.5161935091018677	0.978554368019104	0.5161817669868469	0.996969665341111	0.8806644720945	0.8839815309090179	0.5275062132181808	0.5274942137673537
E1_Decoder	P3	6	3	0.3418290317058563	0.6317434310913086	0.3362179100513458	0.9072911559935596	0.8745085788011268	0.9421590730292078	0.5410883831674544	0.5322064203668004
E1_Decoder	P3	6	4	0.2188759595155716	0.37127378582954407	0.2185729593038559	0.9804620541914725	0.8413512461245433	0.8268884987160944	0.5895271033653315	0.588710993466706
E1_Decoder	P3	6	5	0.15552584826946259	0.2027732878923416	0.1548077017068863	1.2247567982980472	0.6531899375722089	0.5161272949481612	0.7669937686863167	0.7634521455758922
E1_Decoder	P3	6	7	0.3131740689277649	0.35527464747428894	0.309360146522522	1.570874553061497	0.5365144392005765	0.29215268036722697	0.8814985002565632	0.8707633621532486
E1_Decoder	P3	6	8	0.4914838969707489	0.6202219128608704	0.48958396911621094	0.8508230856717554	0.6691583647330553	0.6637361166499932	0.7924323323303795	0.7893690289946843
E1_Decoder	P3	6	9	0.5568632483482361	0.9107531309127808	0.5577712059020996	0.9354611338733929	0.815316020693426	0.8083755561231203	0.6114316047314963	0.6124285352091918
E1_Decoder	P3	6	10	0.6321807503700256	1.144047737121582	0.6321044564247131	1.0026563078417638	0.8608959490744329	0.8346829849303617	0.5525824927206175	0.5525158049917432
E1_Decoder	P3	7	1	0.5003044605255127	0.9946310520172119	0.5006865859031677	1.0092176060039342	0.9008236108317899	0.9183565456937787	0.503005068573764	0.503389256637147
E1_Decoder	P3	7	2	0.38364386558532715	0.7807157039642334	0.37329235672950745	0.9166912251512767	0.9071265939501565	1.0122887159346237	0.49140021602908973	0.47814121687836436
E1_Decoder	P3	7	3	0.34238478541374207	0.5216624140739441	0.31858181953430176	0.7964027830067744	0.8211656815252867	1.0745057430529315	0.6563340125271322	0.6107049519752131
E1_Decoder	P3	7	4	0.2878771424293518	0.3436887860298157	0.27934592962265015	0.7300510295007412	0.6342430468108581	0.8953010757772787	0.8376099370445502	0.8127874431096985
E1_Decoder	P3	7	5	0.3243647813796997	0.3728466033935547	0.32426556944847107	1.0280271948921864	0.47749433858440166	0.4665698542030621	0.8699684492963439	0.8697023561354417
E1_Decoder	P3	7	6	0.32049691677093506	0.36613306403160095	0.31653472781181335	1.4609316458206345	0.5368195731483338	0.3145152683833238	0.8753563888544984	0.8645346703363923
E1_Decoder	P3	7	8	0.2713358700275421	0.3636649250984192	0.26873382925987244	0.892733088506976	0.6987894191059496	0.706841214915929	0.7461150397006532	0.7389599895759664
E1_Decoder	P3	7	9	0.38439515233039856	0.6288103461265564	0.37747177481651306	0.8773488306303943	0.8379724858385454	0.9227660833206558	0.6113053875437252	0.6002951082814115
E1_Decoder	P3	7	10	0.4486508071422577	0.8985799551010132	0.4484270513057709	1.033408374768961	0.8951224659067117	0.8658906796491341	0.4992886883302699	0.49903967783853054
E1_Decoder	P3	8	1	0.3499907851219177	0.658214807510376	0.34873440861701965	0.9831865882972904	0.890040477872454	0.9433571325856244	0.5317273041086978	0.5298185404489283
E1_Decoder	P3	8	2	0.3173147439956665	0.45937642455101013	0.28046199679374695	0.7364711797491174	0.8346611276420732	1.2048099208795053	0.6907510421454621	0.610527623545043
E1_Decoder	P3	8	3	0.3272814154624939	0.3538624942302704	0.2852526307106018	0.5700209952449847	0.6170853032338667	1.0994385676101401	0.9248830288567421	0.8061115132619231
E1_Decoder	P3	8	4	0.39809054136276245	0.42962393164634705	0.37776651978492737	0.6379677229095105	0.4676639974016891	0.7418292005385461	0.9266023422793358	0.8792958025808789
E1_Decoder	P3	8	5	0.4713355600833893	0.5766968131065369	0.4698284864425659	0.915689006977152	0.6392404824848634	0.6305586207786938	0.8173021757210863	0.8146888898374605
E1_Decoder	P3	8	6	0.5071983933448792	0.6428312659263611	0.5072175860404968	0.969809224895045	0.6785992351111165	0.6058667624439226	0.7890070384395098	0.789036894945618
E1_Decoder	P3	8	7	0.27435237169265747	0.36406078934669495	0.271952360868454	0.8679839011321258	0.6927050617773525	0.7117504970714315	0.7535894546209749	0.7469971192351447
E1_Decoder	P3	8	9	0.19773396849632263	0.3274950087070465	0.19652849435806274	0.9672426921218719	0.8411245859136748	0.8720158621788014	0.6037770446547515	0.600096151492382
E1_Decoder	P3	8	10	0.283098965883255	0.56404048204422	0.28401854634284973	1.0272629344195139	0.9021451171689666	0.9044984304814664	0.5019124954599632	0.5035428402470288
E1_Decoder	P3	9	1	0.2458937168121338	0.39976149797439575	0.24742691218852997	1.0982819109282247	0.8431019125285334	0.7899861262128867	0.6151010491457659	0.618936324389042
E1_Decoder	P3	9	2	0.25877946615219116	0.2735467255115509	0.2273264080286026	0.5710515647148944	0.6014816308259998	1.0876038197955036	0.9460155871661634	0.8310331904119372
E1_Decoder	P3	9	3	0.35514846444129944	0.4399499297142029	0.350825697183609	0.854335896768143	0.6220109703613463	0.712234945225915	0.8072474626192313	0.7974218734652597
E1_Decoder	P3	9	4	0.4615398049354553	0.6326909065246582	0.4611797034740448	0.9278948807380526	0.7370324853229757	0.7451258013463388	0.7294870215073456	0.7289178629218547
E1_Decoder	P3	9	5	0.550254225730896	0.8489794135093689	0.5506220459938049	0.9737501930611728	0.8015676566302636	0.7602295697253111	0.6481361231791797	0.6485693730990906
E1_Decoder	P3	9	6	0.565517783164978	0.9240058660507202	0.565601646900177	0.9971627217192585	0.8232546155172978	0.7665697606953072	0.6120283473762447	0.6121191084182254
E1_Decoder	P3	9	7	0.396066278219223	0.6523899435997009	0.39101701974868774	0.8598149928684456	0.8353751050969304	0.9110829182968804	0.6071005264640388	0.59936089387149
E1_Decoder	P3	9	8	0.1989467591047287	0.32936662435531616	0.19668728113174438	0.9306243464842217	0.8370389045783788	0.90197584095689	0.6040282906446152	0.5971682210264294
E1_Decoder	P3	9	10	0.17058204114437103	0.3107207417488098	0.16750161349773407	1.1556325984701343	0.8694313039209468	0.766911219145237	0.5489882657472268	0.5390744517247075
E1_Decoder	P3	10	1	0.14629532396793365	0.16115839779376984	0.1462276428937912	0.9777458950386171	0.45791265035909595	0.47230932077265836	0.9077735071252317	0.907353540961079
E1_Decoder	P3	10	2	0.2253800630569458	0.25950369238853455	0.22492319345474243	0.9176050199818826	0.4882454157556695	0.5010286439410093	0.8685042628198981	0.8667437113687868
E1_Decoder	P3	10	3	0.4022185206413269	0.5807603001594543	0.39325737953186035	1.217404937428474	0.7847727291156336	0.6076029247415353	0.6925723410000533	0.6771423243356804
E1_Decoder	P3	10	4	0.5305681228637695	0.849814236164093	0.5236877799034119	1.147681296505124	0.8334261535127876	0.687550783053335	0.6243342371606501	0.6162379466214208
E1_Decoder	P3	10	5	0.6117725968360901	1.0809229612350464	0.6026356220245361	1.1293789617185024	0.8678406439163117	0.742463647709424	0.5659724316866096	0.5575194936519562
E1_Decoder	P3	10	6	0.6602778434753418	1.1941416263580322	0.6491557359695435	1.1301350011994868	0.8722725832398385	0.7528222943489095	0.5529309328987203	0.5436170397554763
E1_Decoder	P3	10	7	0.4786941409111023	0.9251977205276489	0.47777774930000305	0.9638786553972087	0.8863790057304182	0.893147553584795	0.5173965848490186	0.5164061029328109
E1_Decoder	P3	10	8	0.29744216799736023	0.5752519965171814	0.29730385541915894	0.9972392621967465	0.8957313903746503	0.9247509629198457	0.5170641211124877	0.5168236828714409
E1_Decoder	P3	10	9	0.18299637734889984	0.31409335136413574	0.18098314106464386	1.1463819850263608	0.845345304551122	0.7493087134567974	0.5826177999442843	0.5762081250004745
E1_Decoder	P4	1	2	0.3974919319152832	0.4703316390514374	0.30778971314430237	3.497658806853402	0.8395084040930486	0.22948241851808182	0.8451311774749899	0.6544099686022637
E1_Decoder	P4	1	3	0.6121944189071655	0.9566752910614014	0.403705894947052	2.0356716880627217	0.9419052379004202	0.44206085792889	0.6399187107968002	0.4219884204379868
E1_Decoder	P4	1	4	0.6806874871253967	1.2203737497329712	0.4997446537017822	1.6443628957259673	0.944549066975431	0.5578913650769316	0.5577696892237622	0.409501313684542
E1_Decoder	P4	1	5	0.684232771396637	1.3707059621810913	0.5381578803062439	1.4685977833108714	0.9474971624932664	0.6311673797810997	0.49918274982029975	0.39261365687059363
E1_Decoder	P4	1	6	0.7248338460922241	1.4616570472717285	0.5917274951934814	1.4365343546076472	0.9452159289648956	0.6489004584402804	0.49589871129152385	0.4048333337139356
E1_Decoder	P4	1	7	0.6768385171890259	1.3928706645965576	0.5697673559188843	1.4421139610817097	0.9415906849932631	0.646735319666065	0.48593062830070505	0.4090597715933061
E1_Decoder	P4	1	8	0.5456960201263428	1.0748262405395508	0.45497575402259827	1.5806255260650288	0.9321800820546638	0.6057607135763198	0.5077062687382934	0.42330168064579954
E1_Decoder	P4	1	9	0.36521419882774353	0.6581152677536011	0.325236976146698	1.6423904057700125	0.9011111050423414	0.5714981577855736	0.5549395626002709	0.4941945462788853
E1_Decoder	P4	1	10	0.2310645580291748	0.25740060210227966	0.2309218794107437	0.9815835290213523	0.5118680136978148	0.519683204856165	0.8976846057934236	0.8971303001031269
E1_Decoder	P4	2	1	0.3829538822174072	0.4681176543235779	0.2869166433811188	3.137027947108245	0.864459520009999	0.2562135957603783	0.8180718643708688	0.6129156649639896
E1_Decoder	P4	2	3	0.2621541917324066	0.4737131893634796	0.234173983335495	1.4346513445706162	0.917866043389721	0.6604454420020669	0.5534027711676316	0.4943370558251726
E1_Decoder	P4	2	4	0.30540332198143005	0.6846440434455872	0.30114832520484924	1.1218950558490381	0.9354544440212542	0.8311504197244571	0.44607606668778726	0.4398611630202306
E1_Decoder	P4	2	5	0.3603378236293793	0.8636326789855957	0.3593719005584717	1.0679775867111276	0.9369116355375994	0.8739115409238283	0.4172350495729554	0.4161166075611939
E1_Decoder	P4	2	6	0.40300461649894714	0.9420016407966614	0.40361347794532776	1.0405058307857546	0.9355504932032838	0.8855787921156825	0.4278173190421639	0.4284636676471044
E1_Decoder	P4	2	7	0.4080551266670227	0.9071661233901978	0.40947338938713074	1.029952070647753	0.917931735470079	0.8869660529792077	0.44981301235331367	0.45137641147453283
E1_Decoder	P4	2	8	0.3346518874168396	0.6416051387786865	0.3348831534385681	1.0103168929262423	0.8797700720608389	0.879584610892676	0.5215854225448675	0.5219458716867942
E1_Decoder	P4	2	9	0.3482086658477783	0.45788490772247314	0.3491135239601135	0.9570184324720425	0.6492291515462462	0.6466168541876659	0.7604720312354775	0.7624482005677142
E1_Decoder	P4	2	10	0.4519366919994354	0.47507596015930176	0.4576745331287384	1.5419566743363569	0.3811608032308245	0.2559382163628172	0.9512935401906943	0.963371274301633
E1_Decoder	P4	3	1	0.5533205270767212	0.9226334095001221	0.3819197118282318	1.8682010636585467	0.9460796143871311	0.48444787492116914	0.5997187196770897	0.41394524401100313
E1_Decoder	P4	3	2	0.2475159615278244	0.4744071960449219	0.22215867042541504	1.3758149327424845	0.9271661386979387	0.6778316826378105	0.5217373673741386	0.46828688999139617
E1_Decoder	P4	3	4	0.16761364042758942	0.2561247944831848	0.15903082489967346	0.812933120789477	0.8168573349113439	0.9833866301546874	0.6544217664119732	0.6209114787991141
E1_Decoder	P4	3	5	0.22640590369701385	0.37633317708969116	0.19371558725833893	0.7343338958676776	0.8894303272339104	1.169173699862996	0.6016102684538354	0.5147449097005095
E1_Decoder	P4	3	6	0.30537208914756775	0.47044864296913147	0.27068042755126953	0.7455967159909276	0.859230475954827	1.1138473447646293	0.6491082368104626	0.5753665816590107
E1_Decoder	P4	3	7	0.3123553693294525	0.44286859035491943	0.27841657400131226	0.7262695339601799	0.8066498597565873	1.0930874499222223	0.7053003444636426	0.6286663359399373
E1_Decoder	P4	3	8	0.33492252230644226	0.4075903296470642	0.3331862986087799	0.8944853125427081	0.6127707007989258	0.6443803654028593	0.8217136127749999	0.8174538853688914
E1_Decoder	P4	3	9	0.422340989112854	0.5597416758537292	0.3788161277770996	1.8317374188568356	0.8056144380587752	0.4118068869354335	0.7545283964584039	0.6767695601713445
E1_Decoder	P4	3	10	0.6074018478393555	0.8812300562858582	0.4546392858028412	1.9909079089895014	0.904494459364115	0.41264161407000793	0.6892659226801533	0.5159144114069605
E1_Decoder	P4	4	1	0.6146429777145386	1.139390468597412	0.49022307991981506	1.5288065230794916	0.941254823919693	0.6011037470762026	0.5394489375281181	0.4302502903357432
E1_Decoder	P4	4	2	0.30279234051704407	0.7018625140190125	0.3021439015865326	1.116010167638832	0.9408632738272291	0.8408681380038335	0.4314126121128644	0.4304887289910855
E1_Decoder	P4	4	3	0.1637280136346817	0.26368728280067444	0.1554354727268219	0.8131861530982196	0.840497883334441	0.9762343780453686	0.6209173680872824	0.5894689765691815
E1_Decoder	P4	4	5	0.1430826187133789	0.19393081963062286	0.1357935070991516	0.7522690023468883	0.6976176411487425	0.9351538615178882	0.7378023719278155	0.7002162284354569
E1_Decoder	P4	4	6	0.18558017909526825	0.2694661319255829	0.1701001226902008	0.7528333283368006	0.7906629838862451	1.016974612507601	0.6886957472878966	0.6312486154556021
E1_Decoder	P4	4	7	0.2590198516845703	0.3192635774612427	0.25804051756858826	0.9427366402169238	0.6460289180092341	0.682308525036355	0.8113041072341373	0.8082366288710567
E1_Decoder	P4	4	8	0.3428761959075928	0.45776110887527466	0.3328815698623657	1.3404339734093578	0.7472381254899698	0.5005109391843635	0.7490286729469969	0.7271949569509308
E1_Decoder	P4	4	9	0.4723684787750244	0.740041971206665	0.4313931465148926	1.3888883050316103	0.8623348903924625	0.5429437385077972	0.6382995791506401	0.5829306489353442
E1_Decoder	P4	4	10	0.6429005265235901	1.096706748008728	0.5275508165359497	1.5488034748504267	0.9191909063292101	0.5445857398219859	0.5862100581499053	0.4810317958686904
E1_Decoder	P4	5	1	0.6202409863471985	1.2785019874572754	0.5211275815963745	1.4008301045165696	0.9483831539906205	0.6772132475264945	0.48513103024638476	0.4076079558020941
E1_Decoder	P4	5	2	0.34977176785469055	0.8621730804443359	0.35150113701820374	1.0366627886457631	0.943005758047241	0.9188130985702104	0.40568625463744423	0.4076920806168658
E1_Decoder	P4	5	3	0.2494717836380005	0.3825530707836151	0.1957540661096573	0.6874423875090947	0.8940808321397278	1.2355370455659855	0.6521233331809017	0.5117043387174439
E1_Decoder	P4	5	4	0.13079507648944855	0.19855770468711853	0.1280442774295807	0.8512041556042949	0.768165171683923	0.8950436805218699	0.6587257678847146	0.6448718654929515
E1_Decoder	P4	5	6	0.13345728814601898	0.14749197661876678	0.12870316207408905	0.6960505467851003	0.4489643188496122	0.6357010569657264	0.9048443936104791	0.8726112770646328
E1_Decoder	P4	5	7	0.1869225800037384	0.2262541502714157	0.1857345700263977	1.1151465923685233	0.6100401126332791	0.4983859362767587	0.826161994286094	0.8209112177769535
E1_Decoder	P4	5	8	0.35007816553115845	0.5025056600570679	0.347989946603775	1.1051223550213367	0.7805129871658567	0.6008713529057207	0.696665119137964	0.6925095063889529
E1_Decoder	P4	5	9	0.46559038758277893	0.8244877457618713	0.4486384093761444	1.1919052535163426	0.888056024834894	0.6591098844855272	0.5647026168382262	0.5441419980858275
E1_Decoder	P4	5	10	0.6438776254653931	1.2256190776824951	0.5558264255523682	1.3686899995690516	0.9286015261494757	0.6427579713722961	0.5253488928084341	0.45350666913848314
E1_Decoder	P4	6	1	0.6676936745643616	1.3548158407211304	0.5779677629470825	1.3715535845072067	0.9418752267640019	0.698485504731024	0.4928298404076579	0.42660245442616507
E1_Decoder	P4	6	2	0.39021146297454834	0.9496985673904419	0.3909839391708374	1.0190604110280959	0.9408794752494317	0.9382475551366267	0.4108792793557241	0.41169267028081696
E1_Decoder	P4	6	3	0.32277899980545044	0.47208845615386963	0.2527712881565094	0.6873110646226862	0.8794034500751307	1.2495127931579817	0.683725678096746	0.5354320463920064
E1_Decoder	P4	6	4	0.16424454748630524	0.2811547517776489	0.15302203595638275	0.7890428250675302	0.8614843958439213	1.065911471788324	0.5841784513611847	0.5442626702514356
E1_Decoder	P4	6	5	0.13032233715057373	0.15769773721694946	0.1302785575389862	0.8978232976426036	0.5192676831897189	0.5764208082985833	0.8264058790601758	0.8261282618136627
E1_Decoder	P4	6	7	0.1947575807571411	0.23336736857891083	0.19254474341869354	1.1658032773604403	0.5700538302713636	0.4261181829034745	0.8345536136569403	0.8250714081887008
E1_Decoder	P4	6	8	0.35542982816696167	0.5154602527618408	0.3551449477672577	0.9638154445635093	0.8012838042649628	0.6976849643573823	0.6895387690177184	0.6889860971129932
E1_Decoder	P4	6	9	0.5057792663574219	0.8816075921058655	0.4947769343852997	1.112258840846468	0.8849424130508702	0.7202743597521989	0.5737011238177798	0.5612212721574269
E1_Decoder	P4	6	10	0.6847772002220154	1.2733020782470703	0.6149588823318481	1.317600918232653	0.9208197943783155	0.6702636191345758	0.537796342219699	0.4829638566038075
E1_Decoder	P4	7	1	0.6172411441802979	1.3270702362060547	0.5289708375930786	1.3803961477845932	0.9432838508074624	0.7039397492730175	0.46511565653444326	0.3986004833514668
E1_Decoder	P4	7	2	0.380662739276886	0.9430676102638245	0.38185036182403564	1.0348410603718567	0.935503740482774	0.9290397328658327	0.4036431058960821	0.40490242445842506
E1_Decoder	P4	7	3	0.3144691288471222	0.454555481672287	0.2643801271915436	0.6871682604368065	0.8416423713625991	1.2169586528859235	0.6918168222066224	0.581623449394785
E1_Decoder	P4	7	4	0.24702468514442444	0.3223448097705841	0.24693484604358673	0.9800876985140913	0.6968509744312108	0.7089618499521159	0.7663367848864521	0.7660580799155186
E1_Decoder	P4	7	5	0.18168215453624725	0.22379174828529358	0.1790418028831482	1.2858676032512721	0.630440059142767	0.45930736800485106	0.8118358068530557	0.8000375539088359
E1_Decoder	P4	7	6	0.19079217314720154	0.22178798913955688	0.19078531861305237	0.9437251092460682	0.5232926108627902	0.501430184107051	0.860245741382994	0.8602148355878887
E1_Decoder	P4	7	8	0.26896288990974426	0.39404281973838806	0.26887473464012146	1.024663729597627	0.7875824287097968	0.6585850362367583	0.6825727470134171	0.6823490269880621
E1_Decoder	P4	7	9	0.4051635265350342	0.751949667930603	0.39025184512138367	1.1697210060987118	0.9035037035553385	0.7225806115113557	0.5388173488393992	0.5189866579705701
E1_Decoder	P4	7	10	0.6664692163467407	1.2222901582717896	0.5518147349357605	1.477482650587949	0.9271033358805718	0.6188006240783319	0.5452626872894644	0.4514596891755865
E1_Decoder	P4	8	1	0.49156826734542847	1.038526177406311	0.42573049664497375	1.4831494347643002	0.9375609948799876	0.6536866336229501	0.47333257267824097	0.4099371839699056
E1_Decoder	P4	8	2	0.32303091883659363	0.6610138416290283	0.322843074798584	0.9922435524306211	0.8972713267820438	0.917489423670441	0.488690097684647	0.4884059220347896
E1_Decoder	P4	8	3	0.3625946640968323	0.41764330863952637	0.353183776140213	0.7162207914184767	0.5718891374524723	0.7249418235559278	0.8681922027626514	0.845658888420144
E1_Decoder	P4	8	4	0.34522804617881775	0.45326828956604004	0.33428019285202026	1.3739470807497776	0.7393784976493826	0.4852090548230634	0.7616417343232631	0.7374885924008953
E1_Decoder	P4	8	5	0.36451199650764465	0.4928404986858368	0.36434900760650635	1.0371376857173484	0.7507555007723018	0.614590079659351	0.7396145354929614	0.7392838222062634
E1_Decoder	P4	8	6	0.37611842155456543	0.5155566334724426	0.3761141002178192	0.973308785679832	0.7767107383624521	0.6876582705613129	0.7295385164987302	0.7295301346130835
E1_Decoder	P4	8	7	0.2706342339515686	0.3903983235359192	0.2703703045845032	1.0418074259038348	0.7759421545577414	0.6362680758222791	0.6932259121923932	0.6925498607056066
E1_Decoder	P4	8	9	0.24844346940517426	0.4138626456260681	0.23169349133968353	1.358027336199264	0.8752751298953794	0.6249085278144113	0.6003041637868597	0.5598318519159676
E1_Decoder	P4	8	10	0.4685468077659607	0.8954566717147827	0.3707656264305115	1.6373813621439421	0.9382222072063088	0.5757952483088341	0.5232489997184367	0.4140520006629715
E1_Decoder	P4	9	1	0.3520280420780182	0.6663262844085693	0.31148436665534973	1.6222415311945924	0.9108505103352856	0.5846350185956578	0.5283118050648085	0.46746522528647205
E1_Decoder	P4	9	2	0.35011613368988037	0.4646216928958893	0.35108014941215515	0.8964904381761064	0.6667396465256248	0.7039355663509222	0.753550983613529	0.7556258237189625
E1_Decoder	P4	9	3	0.4463849365711212	0.5648691058158875	0.403896301984787	1.8102109445591479	0.7727191964969189	0.39655155928360764	0.7902449115647249	0.7150263624373756
E1_Decoder	P4	9	4	0.4852212965488434	0.7511939406394958	0.4406569302082062	1.4094997833916054	0.867802862720819	0.5195200770859439	0.6459334537972599	0.5866087389270903
E1_Decoder	P4	9	5	0.47897905111312866	0.8339885473251343	0.46389058232307434	1.178116374136797	0.8829800197694078	0.6562333408182901	0.5743232957447274	0.5562313581054782
E1_Decoder	P4	9	6	0.5243967175483704	0.9007701873779297	0.5056265592575073	1.1720394091028765	0.8821079693925505	0.6747116255531079	0.5821648239434383	0.5613269248279031
E1_Decoder	P4	9	7	0.4189523458480835	0.7434301972389221	0.40796372294425964	1.1394247378573479	0.8863752353652966	0.7023542179031647	0.5635395863714713	0.5487586117155651
E1_Decoder	P4	9	8	0.2376454472541809	0.4106512665748596	0.22532960772514343	1.2929848808262552	0.8794630724058471	0.6442484793210024	0.5787037971082438	0.5487128034562314
E1_Decoder	P4	9	10	0.31147733330726624	0.4973050057888031	0.23771390318870544	1.9310878204388202	0.9101781053492489	0.4802689916520265	0.6263305811957689	0.4780042437169001
E1_Decoder	P4	10	1	0.22428157925605774	0.26807084679603577	0.22287961840629578	1.2255765296199213	0.6029884909702711	0.48373569395316135	0.8366503927474982	0.8314205780678413
E1_Decoder	P4	10	2	0.45839929580688477	0.4735228419303894	0.4599827229976654	1.3079855385822232	0.315999368480683	0.24377054770771223	0.9680616333905855	0.9714055632933659
E1_Decoder	P4	10	3	0.6483516693115234	0.9141534566879272	0.47336333990097046	2.1392020224732935	0.900883186152671	0.3636656689084568	0.7092372342610493	0.5178160586035685
E1_Decoder	P4	10	4	0.677297055721283	1.1296107769012451	0.5327040553092957	1.6426220248764627	0.9218718548385926	0.5007628933304181	0.599584449414734	0.4715819521221394
E1_Decoder	P4	10	5	0.7091313004493713	1.293099045753479	0.5845322012901306	1.4898635671978577	0.925853699296889	0.5760418391869035	0.5483967394285454	0.45203977468680917
E1_Decoder	P4	10	6	0.7475800514221191	1.353695273399353	0.6395056247711182	1.4495478204584336	0.9208320738962409	0.6010555046558842	0.552251356795257	0.47241475783926884
E1_Decoder	P4	10	7	0.6825795769691467	1.2738903760910034	0.5865792632102966	1.4343658338007161	0.9210709173642873	0.6082609149283319	0.5358228539756117	0.4604629049873542
E1_Decoder	P4	10	8	0.48720982670783997	0.9097279906272888	0.3914952278137207	1.636640351145853	0.9312916226592621	0.5667144782973768	0.5355554976074683	0.4303431705380102
E1_Decoder	P4	10	9	0.3064768314361572	0.4943901300430298	0.2362971007823944	1.925657732056489	0.9083060870359925	0.4848066657615473	0.6199088792680442	0.47795675201248056
E1_Decoder	P5	1	2	0.1362421214580536	0.14457997679710388	0.130226731300354	0.7107022161463583	0.5554442351480725	0.7496935121723106	0.9423304974605771	0.9007245275955986
E1_Decoder	P5	1	3	0.3648951053619385	0.37218177318573	0.307621031999588	0.5694853734849719	0.684488376375418	1.2091657540927296	0.9804217499384226	0.8265343822897953
E1_Decoder	P5	1	4	0.5507141351699829	0.5772421360015869	0.45231613516807556	0.5778314169106521	0.7267098724498166	1.2574330343749944	0.9540435474524488	0.7835812858381358
E1_Decoder	P5	1	5	0.6344264149665833	0.7101764678955078	0.5222366452217102	0.6034857453792689	0.7667546710098859	1.2586767237070657	0.8933362954796327	0.7353617992571246
E1_Decoder	P5	1	6	0.6703808307647705	0.7488629221916199	0.5284355282783508	0.5898564554434725	0.7826270710989167	1.2979914962801862	0.8951983212132283	0.7056505438029073
E1_Decoder	P5	1	7	0.6104838848114014	0.6860101222991943	0.454928994178772	0.5771363478924957	0.794349134806851	1.3324387554916937	0.8899050684053126	0.6631520139295564
E1_Decoder	P5	1	8	0.40984392166137695	0.5068779587745667	0.31929221749305725	0.624147987317027	0.8095539166657607	1.2655845860447408	0.8085652859165938	0.6299193168015855
E1_Decoder	P5	1	9	0.2648890018463135	0.2798632085323334	0.20089954137802124	0.5862599699031619	0.7348861691485844	1.311547029885785	0.9464945508037729	0.7178490607307204
E1_Decoder	P5	1	10	0.11359169334173203	0.09919323772192001	0.0816936194896698	0.4830273068600314	0.617672008264145	1.3415734886064095	1.14515561696027	0.8235805319581468
E1_Decoder	P5	2	1	0.13231924176216125	0.14559470117092133	0.1262073963880539	0.7469968577410049	0.625787699102415	0.8360697219876176	0.9088190758180457	0.8668405881055544
E1_Decoder	P5	2	3	0.23863103985786438	0.2141757309436798	0.1764550507068634	0.48504223565987076	0.6707115761524589	1.446673216410979	1.1141833801917334	0.8238797641982344
E1_Decoder	P5	2	4	0.4454561769962311	0.4184863865375519	0.32410943508148193	0.5021769649966222	0.7174809428508245	1.4172720964505856	1.064446040125272	0.7744802352188312
E1_Decoder	P5	2	5	0.5327643156051636	0.5690863728523254	0.4120796024799347	0.5648820441284419	0.7592759496400002	1.3197527264521238	0.9361747900145428	0.7241073097824237
E1_Decoder	P5	2	6	0.5729960799217224	0.6166214346885681	0.42812249064445496	0.5575842393322723	0.7768341509790735	1.3496173586200162	0.9292509920793149	0.6943036141140362
E1_Decoder	P5	2	7	0.5238897800445557	0.5558506846427917	0.3693256676197052	0.5354027525744056	0.783661067588148	1.4056001298559506	0.9425009170965126	0.6644332332828666
E1_Decoder	P5	2	8	0.3547744154930115	0.40161868929862976	0.27581101655960083	0.5646184861054482	0.7635873691371097	1.3302027424424456	0.8833613199439867	0.686748460439592
E1_Decoder	P5	2	9	0.24864454567432404	0.2517029941082001	0.20799627900123596	0.5205445512234926	0.562152503718366	1.0845667347590942	0.9878489787349876	0.8263559984186131
E1_Decoder	P5	2	10	0.18116465210914612	0.1736321896314621	0.16342028975486755	0.5728866104579792	0.37233564285980114	0.6934283318769959	1.0433817167984336	0.9411865973799587
E1_Decoder	P5	3	1	0.3646455407142639	0.3771194517612457	0.30582860112190247	0.5861988917497256	0.7144121771753349	1.223385239529572	0.9669231831221503	0.8109594975639774
E1_Decoder	P5	3	2	0.24394376575946808	0.2167869359254837	0.176442489027977	0.5014191669944029	0.7058421216786509	1.4564787407292534	1.125269678811822	0.81389816353429
E1_Decoder	P5	3	4	0.1926133781671524	0.17784956097602844	0.13926571607589722	0.4873631121699189	0.6883182248297838	1.3839577583329388	1.0830129526893457	0.7830534712124941
E1_Decoder	P5	3	5	0.2940879166126251	0.3249785602092743	0.22935858368873596	0.5640576855776684	0.7671446286317388	1.3123617470224593	0.9049455952517091	0.7057652773802598
E1_Decoder	P5	3	6	0.32834771275520325	0.3825458884239197	0.2582009732723236	0.5672080475575488	0.7852810947069753	1.333421698343871	0.8583224201101424	0.6749542501583423
E1_Decoder	P5	3	7	0.2937529683113098	0.35616907477378845	0.24897609651088715	0.605611855381291	0.747775896133736	1.2247763300042904	0.8247570862177728	0.6990390635936539
E1_Decoder	P5	3	8	0.2423260509967804	0.28159958124160767	0.22693634033203125	0.7326595853438126	0.6070395663177054	0.8355163042502298	0.8605341312239693	0.8058830887867113
E1_Decoder	P5	3	9	0.2652648091316223	0.28341054916381836	0.24644379317760468	0.6314202751541883	0.529084938637174	0.8526461412536267	0.9359736605227515	0.8695646436052528
E1_Decoder	P5	3	10	0.33957916498184204	0.3450174331665039	0.2957443594932556	0.5880302998643159	0.6540476396852465	1.1030939245008062	0.9842377002960387	0.8571867130856854
E1_Decoder	P5	4	1	0.5181740522384644	0.591040849685669	0.44652214646339417	0.622584942999399	0.7489803853074415	1.186053979680893	0.8767144479337476	0.7554844080588785
E1_Decoder	P5	4	2	0.436832457780838	0.4450755715370178	0.33759477734565735	0.5470021194156871	0.7346634846824331	1.335243684480219	0.9814792941169224	0.7585111359399309
E1_Decoder	P5	4	3	0.18295978009700775	0.1861349493265152	0.13869790732860565	0.5221630630053051	0.7194400827815297	1.2823133254808659	0.982941574158985	0.7451470442840039
E1_Decoder	P5	4	5	0.12533986568450928	0.13923396170139313	0.10789839923381805	0.6173491102156456	0.7086184193313202	1.13679127278574	0.9002104382644681	0.7749431095354551
E1_Decoder	P5	4	6	0.17176975309848785	0.21613304316997528	0.15324635803699493	0.6511979218403388	0.7276827118058815	1.1095186060676616	0.794740825276779	0.7090371550289798
E1_Decoder	P5	4	7	0.1930815875530243	0.23656506836414337	0.1866941750049591	0.8076324987506591	0.6321169034292029	0.7914243768020484	0.8161880741235	0.7891874159441906
E1_Decoder	P5	4	8	0.26805049180984497	0.2799190282821655	0.24908818304538727	0.5606623870763044	0.49730788993323305	0.8540577063505206	0.9576001083414852	0.8898579870543849
E1_Decoder	P5	4	9	0.38226911425590515	0.4102400541305542	0.34947511553764343	0.6096951263872115	0.6322324668359214	1.0442532917268972	0.9318181157763118	0.8518795569055453
E1_Decoder	P5	4	10	0.49389347434043884	0.534076452255249	0.4274648129940033	0.6021180936265406	0.7193265504051128	1.1721420925027182	0.9247617494740141	0.8003813146768485
E1_Decoder	P5	5	1	0.5750288367271423	0.7221447229385376	0.5069905519485474	0.665742784725794	0.7903283541054082	1.1674617507100016	0.7962792200256562	0.7020622540666239
E1_Decoder	P5	5	2	0.5088837146759033	0.5944455862045288	0.41477277874946594	0.6142606109567463	0.7894537641916829	1.2718873477170722	0.8560644178133632	0.6977472595898063
E1_Decoder	P5	5	3	0.2979477643966675	0.34938958287239075	0.2409907728433609	0.5906719473379525	0.7739440837827347	1.2535604870070587	0.8527665935177249	0.6897480195663965
E1_Decoder	P5	5	4	0.11701302975416183	0.15827630460262299	0.10818535834550858	0.7509599462910846	0.768025581474192	0.9945601471343124	0.7392959422949699	0.6835221394454752
E1_Decoder	P5	5	6	0.09240556508302689	0.09039998054504395	0.08297857642173767	0.487502063096489	0.3969660795986976	0.8260572644907765	1.022185674442525	0.9179048039771603
E1_Decoder	P5	5	7	0.1661449521780014	0.17754875123500824	0.16112954914569855	0.8120110402452592	0.5048622401189832	0.6401975353463825	0.9357708855867284	0.9075228523146479
E1_Decoder	P5	5	8	0.2820478677749634	0.3005422353744507	0.2556688189506531	0.5947113445937628	0.6340628003274927	1.0408432710391249	0.9384633325281392	0.8506918125238236
E1_Decoder	P5	5	9	0.4352336823940277	0.4926780164241791	0.3933325409889221	0.6311409485033349	0.7184015253685323	1.1350429352254234	0.8834039025181636	0.798356183707365
E1_Decoder	P5	5	10	0.5738896727561951	0.656531035900116	0.49021175503730774	0.6131393013725559	0.7594846036731308	1.2103463715006844	0.8741242094814023	0.746669583358262
E1_Decoder	P5	6	1	0.6154319047927856	0.759560227394104	0.5122087001800537	0.6346711593020965	0.8024374852859214	1.2495742094301705	0.8102476704239857	0.6743490268537851
E1_Decoder	P5	6	2	0.5705269575119019	0.6393024325370789	0.4303021728992462	0.5730852474160677	0.800211368470389	1.3785152824576596	0.8924210647029126	0.6730807689743761
E1_Decoder	P5	6	3	0.3534142076969147	0.4061186611652374	0.2725337743759155	0.555022158972003	0.7859863275955933	1.3697586411842804	0.8702240046859632	0.6710693214489589
E1_Decoder	P5	6	4	0.18282350897789001	0.2288379669189453	0.15984122455120087	0.6414490033814062	0.7531000033636152	1.1737156934461865	0.7989212255265593	0.6984908435575152
E1_Decoder	P5	6	5	0.08947707712650299	0.08889640122652054	0.08050641417503357	0.6353949579438198	0.5298427232751215	0.9111943773976448	1.0065320518262917	0.9056206220304903
E1_Decoder	P5	6	7	0.13031598925590515	0.13066424429416656	0.11985830962657928	0.6379487070698405	0.5228032914935642	0.8538830217826838	0.9973347334602313	0.9172999872615518
E1_Decoder	P5	6	8	0.3085138499736786	0.29078903794288635	0.24666401743888855	0.5017874222485647	0.6662585841578378	1.3015551843224962	1.0609541960597344	0.8482576206580925
E1_Decoder	P5	6	9	0.48691076040267944	0.5078933835029602	0.3957861661911011	0.5516342423893569	0.7373615979239805	1.3251257576334017	0.9586869532428975	0.7792701756840159
E1_Decoder	P5	6	10	0.6170476078987122	0.68690425157547	0.49703311920166016	0.5870052383284253	0.7726184617035281	1.2772020009864207	0.8983022109463786	0.7235842813051089
E1_Decoder	P5	7	1	0.5645822882652283	0.7092345952987671	0.4505932033061981	0.6300751187242091	0.8143042513189	1.2710216910732979	0.7960444851500742	0.6353232150447828
E1_Decoder	P5	7	2	0.5111264586448669	0.5791321396827698	0.36397773027420044	0.5606356968215146	0.809912744574755	1.4102768169362274	0.8825731186752056	0.6284882245933991
E1_Decoder	P5	7	3	0.3099561333656311	0.375280499458313	0.254541277885437	0.589880891427284	0.7640515618907952	1.284165941689186	0.825931893112026	0.6782693964990101
E1_Decoder	P5	7	4	0.19104927778244019	0.23911310732364655	0.18636269867420197	0.820396434437352	0.6527673812999079	0.7844439193874507	0.7989912385850494	0.7793913966495974
E1_Decoder	P5	7	5	0.155654177069664	0.16303522884845734	0.1496737003326416	0.7327911873010111	0.47507399491358165	0.680406603315925	0.9547272584525024	0.9180451451493629
E1_Decoder	P5	7	6	0.1289721131324768	0.1165512427687645	0.10732480883598328	0.4691579177576954	0.48153094608190183	1.0541052853366728	1.1065700379390642	0.9208379617960292
E1_Decoder	P5	7	8	0.20000973343849182	0.183127760887146	0.15282736718654633	0.49454220746009947	0.6661154026624407	1.3083676063395526	1.0921868561574861	0.834539593812472
E1_Decoder	P5	7	9	0.3991604149341583	0.4296577572822571	0.32584166526794434	0.5803274739814559	0.7438673927184999	1.277397844530604	0.9290194536670171	0.7583749152558361
E1_Decoder	P5	7	10	0.5037312507629395	0.6240639686584473	0.42779722809791565	0.6517728034944295	0.786929098497108	1.1760585829190893	0.8071788727777578	0.68550220743805
E1_Decoder	P5	8	1	0.40707752108573914	0.5256022810935974	0.3254339396953583	0.6561122815592728	0.822539046684306	1.2260803035900452	0.7744972495909853	0.6191638647728892
E1_Decoder	P5	8	2	0.3529035151004791	0.41979271173477173	0.2684546411037445	0.6007423168299798	0.802409334414424	1.3307948958581313	0.8406613674690148	0.6394933346850391
E1_Decoder	P5	8	3	0.2520545423030853	0.2844003736972809	0.22699478268623352	0.6624695521628248	0.6265422935869522	0.9191486635170246	0.88626656507623	0.798152195565852
E1_Decoder	P5	8	4	0.2577923834323883	0.2668655216693878	0.24161255359649658	0.5249295158104503	0.4546483810115437	0.8517782410209747	0.9660010848151453	0.9053719344675165
E1_Decoder	P5	8	5	0.27851274609565735	0.2841504216194153	0.24760356545448303	0.5396135178883332	0.6048693505419248	1.0918693999819964	0.980159538417617	0.8713820097234193
E1_Decoder	P5	8	6	0.2890043258666992	0.2747516334056854	0.23448678851127625	0.4932213110621916	0.6497773845420101	1.2879447390501222	1.051874823397206	0.8534500254091083
E1_Decoder	P5	8	7	0.19783391058444977	0.17099249362945557	0.1452021449804306	0.45079258523574584	0.6434526233378127	1.3842205583566674	1.1569742412971655	0.8491726268118341
E1_Decoder	P5	8	9	0.19800470769405365	0.23020042479038239	0.17410381138324738	0.6795312943098736	0.7314397999574243	1.0750569195916635	0.8601404965883719	0.7563140317477004
E1_Decoder	P5	8	10	0.32911962270736694	0.42663463950157166	0.28121012449264526	0.6948855427607478	0.7986622628162469	1.12268271038028	0.7714320222377408	0.6591357064235974
E1_Decoder	P5	9	1	0.25946342945098877	0.28723785281181335	0.19923323392868042	0.6110242119747209	0.7682474552394122	1.2976317799204695	0.903305142101096	0.6936176133415466
E1_Decoder	P5	9	2	0.2524142265319824	0.2526150941848755	0.2035110741853714	0.5144476799071044	0.6075657154183083	1.1792269864134908	0.9992048469884937	0.8056172369353057
E1_Decoder	P5	9	3	0.2616233229637146	0.2773832082748413	0.24533124268054962	0.6202360166453756	0.5046081313638769	0.8322674131593321	0.9431837081662447	0.8844487891187218
E1_Decoder	P5	9	4	0.3760310113430023	0.3820163309574127	0.33123430609703064	0.5333059269408735	0.604762040525743	1.1069491679119055	0.9843322938592444	0.8670684451287417
E1_Decoder	P5	9	5	0.4577491581439972	0.47679632902145386	0.39395251870155334	0.5650478159440452	0.6895051024397014	1.2116818667664555	0.9600517669325436	0.826249060075769
E1_Decoder	P5	9	6	0.48526209592819214	0.49131110310554504	0.39533424377441406	0.5453745288058421	0.7105876207177908	1.2891407405101516	0.9876880307831076	0.8046515563673046
E1_Decoder	P5	9	7	0.3975732922554016	0.3977251350879669	0.3046970069408417	0.5222797487415468	0.7281217984479723	1.342495458803491	0.9996182216833449	0.766099449242629
E1_Decoder	P5	9	8	0.20003105700016022	0.21326282620429993	0.1628573089838028	0.5752347240907443	0.7190423505794876	1.2107385786275577	0.9379555760390044	0.7636460225271046
E1_Decoder	P5	9	10	0.17496399581432343	0.18257957696914673	0.13424165546894073	0.5933416905231466	0.7197599275481424	1.2315320630595012	0.9582889757921269	0.735250117769884
E1_Decoder	P5	10	1	0.10150386393070221	0.09613966196775436	0.07789456844329834	0.5327544398438562	0.6607432046947878	1.2888517022433268	1.0557959311813163	0.8102230322946683
E1_Decoder	P5	10	2	0.17021217942237854	0.16429384052753448	0.15622888505458832	0.5382795584167357	0.3598082249984614	0.6932761578776429	1.0360228896947126	0.9509113948091406
E1_Decoder	P5	10	3	0.3297877609729767	0.3387919068336487	0.2908038794994354	0.5621811622317465	0.6375058752597085	1.0847549021472416	0.9734227834872893	0.8583554495657536
E1_Decoder	P5	10	4	0.5131465196609497	0.5258782505989075	0.43451666831970215	0.5604676782069521	0.6879129746147113	1.172988087888811	0.9757895845217824	0.8262685665833179
E1_Decoder	P5	10	5	0.5913653373718262	0.6389652490615845	0.4909157454967499	0.5835968062320523	0.7435630273400619	1.2342656380809442	0.9255046940977372	0.768298035327794
E1_Decoder	P5	10	6	0.6177295446395874	0.6709990501403809	0.49742022156715393	0.5761011165872252	0.7569647523155151	1.2660904040462488	0.9206116528933255	0.7413128550078988
E1_Decoder	P5	10	7	0.555173397064209	0.5881553888320923	0.41550412774086	0.5447198641694314	0.7651384621676209	1.3297272612526136	0.9439229965513433	0.7064529810156664
E1_Decoder	P5	10	8	0.3479972183704376	0.40590882301330566	0.27376753091812134	0.6069985725061406	0.7809238104066236	1.24329735824115	0.857328539416918	0.6744557284706947
E1_Decoder	P5	10	9	0.174652561545372	0.1709156036376953	0.13084855675697327	0.5448859943714163	0.69620582294286	1.320769444919946	1.021864346075729	0.7655740843553661
E2_Encoder	P7	1	2	0.1956888884305954	0.11043234914541245	0.07938078790903091	0.30966743940440866	0.755474777678848	2.2579473398620022	1.772025044698822	0.7188182495738255
E2_Encoder	P7	1	3	0.3440808951854706	0.2630109190940857	0.16224126517772675	0.4657042366660906	0.8741426754735683	1.8989166684651138	1.3082380623991663	0.6168613293187608
E2_Encoder	P7	1	4	0.45242029428482056	0.3956313133239746	0.2423679232597351	0.5313003483505058	0.886383114630618	1.7762049383008485	1.1435401573341657	0.6126105672056975
E2_Encoder	P7	1	5	0.4959426522254944	0.49737265706062317	0.2934274971485138	0.5991135722083102	0.8964857625447066	1.6655127933518998	0.9971248824903648	0.5899550226235071
E2_Encoder	P7	1	6	0.5298396944999695	0.5624945759773254	0.3327937424182892	0.6282209179922105	0.8959534698250945	1.6015634243870962	0.9419463175789409	0.5916390248564892
E2_Encoder	P7	1	7	0.4316514730453491	0.566896915435791	0.2864997684955597	0.6882655217211879	0.9193922989493968	1.4676856357081156	0.7614285089442151	0.5053824790620329
E2_Encoder	P7	1	8	0.28304892778396606	0.4413306415081024	0.20847992599010468	0.7262554305801562	0.9249291424764392	1.328088236465282	0.6413534460619806	0.4723894204981849
E2_Encoder	P7	1	9	0.18341822922229767	0.2693171501159668	0.132855623960495	0.6750630369733629	0.9023462090266752	1.3204517690214868	0.6810491984759179	0.49330547238929245
E2_Encoder	P7	1	10	0.10513001680374146	0.07875288277864456	0.07204972207546234	0.27692670952014414	0.41321255192951806	1.3162224431488394	1.3349354727653169	0.9148836148382886
E2_Encoder	P7	2	1	0.2006615847349167	0.10789809376001358	0.07587510347366333	0.3010698525915962	0.7644683977397464	2.3864256316760004	1.859732435878128	0.7032107874159887
E2_Encoder	P7	2	3	0.19297918677330017	0.1439935266971588	0.09856284409761429	0.4620129511228348	0.8280497539367483	1.8608932817633244	1.3401934878584227	0.6844949655612474
E2_Encoder	P7	2	4	0.3073901832103729	0.285442054271698	0.18080094456672668	0.571502944564239	0.8675303225271701	1.6801055458990972	1.0768917144836114	0.6334068223690379
E2_Encoder	P7	2	5	0.363626629114151	0.39362865686416626	0.2426607459783554	0.6561984497579798	0.886331550570339	1.545796222409934	0.9237808852916712	0.61647123944559
E2_Encoder	P7	2	6	0.41488513350486755	0.47325101494789124	0.2985972464084625	0.6873478177799781	0.8736807885422133	1.4715030505691522	0.8766703512522837	0.6309489826267789
E2_Encoder	P7	2	7	0.30079108476638794	0.5012004971504211	0.2646869719028473	0.8400271875031325	0.8995902228952896	1.1884281525635503	0.6001412338506001	0.5281059643949415
E2_Encoder	P7	2	8	0.2274579256772995	0.3934846520423889	0.21701930463314056	0.8717487174509984	0.8577577505735215	0.9981731845572253	0.5780604770647984	0.5515318158070412
E2_Encoder	P7	2	9	0.20748484134674072	0.23683598637580872	0.18574735522270203	0.6254761253169124	0.6344251904103838	0.9446751957948426	0.8760697414349273	0.7842868732286326
E2_Encoder	P7	2	10	0.2326793074607849	0.14464162290096283	0.12172189354896545	0.28346458340859904	0.5970279554999527	1.827966810448616	1.608660790677813	0.841541259754181
E2_Encoder	P7	3	1	0.34252068400382996	0.2629013657569885	0.15237703919410706	0.4603120102524916	0.8928991918272928	1.924594917940138	1.302848629247659	0.579597746688604
E2_Encoder	P7	3	2	0.19641204178333282	0.14276811480522156	0.09914426505565643	0.4647198590521049	0.825866999915721	1.870013489273315	1.3757416496764536	0.6944426295109303
E2_Encoder	P7	3	4	0.15495599806308746	0.13426966965198517	0.09603721648454666	0.5280468175371006	0.7885171286759749	1.6589324927860276	1.1540655344183044	0.7152562208089618
E2_Encoder	P7	3	5	0.21565313637256622	0.2684550881385803	0.16527210175991058	0.7084524454635877	0.864256261087809	1.3979636151046393	0.8033117862204311	0.6156415320934233
E2_Encoder	P7	3	6	0.2697944939136505	0.35641250014305115	0.216081902384758	0.7430514087772181	0.8604654870754237	1.3295420680906478	0.7569725916048531	0.6062691468397727
E2_Encoder	P7	3	7	0.25942450761795044	0.3942480683326721	0.2404160052537918	0.8271129399329273	0.8222429855755903	1.0360613823766753	0.6580235350678861	0.6098089618309185
E2_Encoder	P7	3	8	0.27018973231315613	0.3133358657360077	0.24748322367668152	0.6468740622992324	0.5967906052962259	0.8963779617259593	0.8623006870869895	0.7898336920204071
E2_Encoder	P7	3	9	0.32426249980926514	0.2466849833726883	0.20635545253753662	0.36113982079347323	0.5995870676568119	1.5012923251768806	1.3144800926912272	0.8365140419827567
E2_Encoder	P7	3	10	0.35952597856521606	0.2765723764896393	0.1858488768339157	0.4326818030086941	0.8159610128809915	1.7958064751221803	1.2999345167021201	0.6719719416406642
E2_Encoder	P7	4	1	0.44167420268058777	0.3853909969329834	0.23011423647403717	0.531569267324689	0.8922060527746156	1.7823665194744789	1.1460418281576816	0.5970929220073408
E2_Encoder	P7	4	2	0.2982805073261261	0.27877193689346313	0.17040959000587463	0.5705778252492869	0.8822163174249976	1.7025553013307035	1.0699803956239629	0.6112867453763798
E2_Encoder	P7	4	3	0.15393348038196564	0.13662996888160706	0.09940575063228607	0.5358533638319014	0.7815960822710902	1.6537683880011103	1.126645066539922	0.7275545141814633
E2_Encoder	P7	4	5	0.10878310352563858	0.11955315619707108	0.0831478089094162	0.6394061738153477	0.8195906625164875	1.3660772608942395	0.9099141083847324	0.6954881958311129
E2_Encoder	P7	4	6	0.17840571701526642	0.22491981089115143	0.14583620429039001	0.6921549482143864	0.8148646737709819	1.2686540089689724	0.7931969901113103	0.6483919922952743
E2_Encoder	P7	4	7	0.221172034740448	0.2637025713920593	0.19166907668113708	0.650189747848878	0.6717161102744353	0.9758412114609201	0.8387177780364563	0.7268381027508959
E2_Encoder	P7	4	8	0.3203069865703583	0.24835869669914246	0.22670809924602509	0.28314602426812996	0.41272922869831796	1.340794108794422	1.289695069379321	0.912825289627991
E2_Encoder	P7	4	9	0.3987577259540558	0.30363690853118896	0.2319658249616623	0.40640135911869263	0.7258027822694162	1.6821034842639768	1.3132715910032269	0.7639579327947058
E2_Encoder	P7	4	10	0.4557311236858368	0.38846904039382935	0.24849699437618256	0.4975111588314809	0.8580452258595188	1.751102465763279	1.1731465735952014	0.639682879552658
E2_Encoder	P7	5	1	0.48540517687797546	0.4737871289253235	0.28198981285095215	0.5977199688435935	0.9008582421672536	1.6685844763343853	1.0245216622473574	0.5951825105307964
E2_Encoder	P7	5	2	0.36166056990623474	0.3774005174636841	0.2333865761756897	0.6419594469421843	0.8913294155001488	1.582426274650962	0.9582937838473845	0.6184055542482071
E2_Encoder	P7	5	3	0.21104174852371216	0.260765939950943	0.16517968475818634	0.7132890250834208	0.8658953332640654	1.4037313593558627	0.8093148536323982	0.6334404132275137
E2_Encoder	P7	5	4	0.11455722153186798	0.11580222845077515	0.08740386366844177	0.6332540593132852	0.8061225872892187	1.4370870100855653	0.9892488518091309	0.7547684084991088
E2_Encoder	P7	5	6	0.10962748527526855	0.08929811418056488	0.0768786296248436	0.38538348227992675	0.5518045047259489	1.366875351457708	1.2276573394774806	0.860921088091418
E2_Encoder	P7	5	7	0.19873231649398804	0.15789218246936798	0.13716737926006317	0.34241621765967967	0.5075617429808483	1.3706263824696463	1.258658366651834	0.8687407895363943
E2_Encoder	P7	5	8	0.3737139105796814	0.23877571523189545	0.20909324288368225	0.31016100219639825	0.5796186066089971	1.8284434163496899	1.5651252901357073	0.8756888977617091
E2_Encoder	P7	5	9	0.4678760766983032	0.3607138395309448	0.260076642036438	0.46660516188174467	0.8009724674515721	1.8033958300012438	1.2970837972468898	0.7210054440235211
E2_Encoder	P7	5	10	0.5113734006881714	0.4712889790534973	0.28758513927459717	0.555636445288202	0.8821735290789456	1.720663245337256	1.0850527455897159	0.6102097694967583
E2_Encoder	P7	6	1	0.4951142966747284	0.5488995909690857	0.31138649582862854	0.6403354016920955	0.9070839262560275	1.5688101276804811	0.902012507971815	0.5672922715771636
E2_Encoder	P7	6	2	0.38699692487716675	0.46350526809692383	0.2787252962589264	0.6933248075778948	0.8900436827174741	1.4569886991622316	0.8349353319458747	0.6013422401935721
E2_Encoder	P7	6	3	0.2589170038700104	0.3460705578327179	0.21075673401355743	0.742392778259386	0.8669424021391821	1.3210803041310164	0.7481624715245628	0.6089993189060369
E2_Encoder	P7	6	4	0.1624840795993805	0.22439415752887726	0.14529341459274292	0.7878397974384501	0.8438286937064117	1.190094439878713	0.724101203831345	0.6474919676732008
E2_Encoder	P7	6	5	0.09996046870946884	0.09564349800348282	0.07755950093269348	0.5297583318773094	0.6612974178465001	1.2476118089085473	1.0451360604338082	0.810922880820076
E2_Encoder	P7	6	7	0.15562964975833893	0.09158173948526382	0.08725382387638092	0.2794706718984241	0.497421024667283	1.8584138760297009	1.6993524105684943	0.95274259221098
E2_Encoder	P7	6	8	0.3480527102947235	0.2387174367904663	0.20831447839736938	0.3913310203046288	0.6472665810609394	1.7877748467429238	1.4580112578882372	0.8726403952645359
E2_Encoder	P7	6	9	0.44079387187957764	0.3933442234992981	0.27141398191452026	0.5444892572055938	0.8332458873584504	1.6796721356522157	1.1206313593680224	0.6900164428498454
E2_Encoder	P7	6	10	0.4952872395515442	0.5273525714874268	0.314022958278656	0.6189728080780297	0.8914570067259496	1.5822858075428046	0.9391956469550522	0.5954706116117668
E2_Encoder	P7	7	1	0.41021308302879333	0.5455803871154785	0.2777116000652313	0.6889597638506579	0.9168650096895444	1.4541933420277933	0.7518838519793911	0.5090204974806956
E2_Encoder	P7	7	2	0.28740620613098145	0.4822039008140564	0.24731403589248657	0.8169198296551692	0.9054322023018311	1.216120041356581	0.5960262985135176	0.5128826943850332
E2_Encoder	P7	7	3	0.26986458897590637	0.38610103726387024	0.2442978173494339	0.7850401922870808	0.7959843534386803	1.0372145817921679	0.698948106662233	0.6327302798269232
E2_Encoder	P7	7	4	0.21058690547943115	0.26348260045051575	0.1951659917831421	0.7186285583526953	0.6589676098540779	0.8784801187137834	0.7992440681827153	0.7407168118480594
E2_Encoder	P7	7	5	0.2055543214082718	0.1544819325208664	0.14437326788902283	0.2793999593514932	0.40080275625110195	1.3815108967932963	1.330604285264925	0.9345640977757825
E2_Encoder	P7	7	6	0.22552266716957092	0.08666761964559555	0.08390720933675766	0.14232079225434877	0.3954318332966159	2.778558284096797	2.6021560081122175	0.9681494620467729
E2_Encoder	P7	7	8	0.21501845121383667	0.16415773332118988	0.1261887401342392	0.45474777506692315	0.7327821267116853	1.8276092384522393	1.3098283392664363	0.7687042065044793
E2_Encoder	P7	7	9	0.3271314203739166	0.3482276499271393	0.2140544354915619	0.6126429726262712	0.880041398196614	1.5875818626521323	0.9394182812374702	0.6146968385088006
E2_Encoder	P7	7	10	0.418642520904541	0.5033466219902039	0.2719769775867462	0.6577077174345825	0.9134763580993703	1.5189810947685565	0.8317181493127983	0.5403373454884126
E2_Encoder	P7	8	1	0.27484631538391113	0.4389575719833374	0.20393569767475128	0.7240439224605445	0.9158487615941685	1.3124774922036542	0.6261341253143804	0.46459090967108907
E2_Encoder	P7	8	2	0.21859019994735718	0.4015265107154846	0.21586193144321442	0.9390095691603695	0.8606702554826404	0.9243768718835975	0.5443979266969168	0.5376031860475853
E2_Encoder	P7	8	3	0.29260262846946716	0.3193090558052063	0.27544283866882324	0.5952372857232183	0.5215937113042277	0.8762038668428936	0.9163618229730656	0.8626214435861677
E2_Encoder	P7	8	4	0.33957743644714355	0.25085732340812683	0.23982307314872742	0.23094291470508935	0.3396438572898569	1.3632999865154303	1.3536676220318091	0.9560138404193707
E2_Encoder	P7	8	5	0.37309661507606506	0.244694322347641	0.21705640852451324	0.30399619194348637	0.5853956572747762	1.8095578796693417	1.5247456969843418	0.8870512664210405
E2_Encoder	P7	8	6	0.40355831384658813	0.24249248206615448	0.2115064561367035	0.34805431946143917	0.6747611704624064	2.0401706956291172	1.664209588718273	0.8722186120351654
E2_Encoder	P7	8	7	0.2501400113105774	0.16365806758403778	0.13188086450099945	0.3863074471399031	0.7102139209313953	2.0029301840557934	1.5284306786900772	0.8058317347128588
E2_Encoder	P7	8	9	0.16994448006153107	0.18187378346920013	0.12138953059911728	0.6292593699227416	0.8574648638405524	1.4819847151411443	0.9344088896149826	0.6674383095993287
E2_Encoder	P7	8	10	0.26106834411621094	0.36076587438583374	0.1891423463821411	0.7133011987636033	0.9201397627001009	1.3890861715886986	0.7236503301778544	0.5242800381386854
E2_Encoder	P7	9	1	0.19373731315135956	0.26777756214141846	0.1368824541568756	0.6540734782936688	0.8919722519755602	1.3526611813905487	0.7235009221909459	0.5111797010258289
E2_Encoder	P7	9	2	0.203144371509552	0.24453416466712952	0.19538116455078125	0.7473890080584853	0.6456391650862016	0.8177744336385138	0.8307402435405331	0.7989933219218777
E2_Encoder	P7	9	3	0.34088581800460815	0.24164384603500366	0.21995264291763306	0.30438475175397767	0.5029065653075042	1.5272018333202617	1.4106952177678411	0.9102348209015491
E2_Encoder	P7	9	4	0.4239215850830078	0.3064723014831543	0.2417500764131546	0.37711151556889005	0.7084657657099471	1.7490238334447834	1.3832296851345611	0.7888154173908037
E2_Encoder	P7	9	5	0.4753137230873108	0.36852356791496277	0.2689307630062103	0.4695367414364753	0.8088611260231285	1.800460818382134	1.2897783601101733	0.7297518704916761
E2_Encoder	P7	9	6	0.49496302008628845	0.40336665511131287	0.2887610197067261	0.5160920077430958	0.8253216916063609	1.768229360636297	1.2270796651490656	0.715877269594929
E2_Encoder	P7	9	7	0.34179064631462097	0.35598012804985046	0.21894130110740662	0.6097469521401803	0.8766880069372142	1.5886187223227053	0.9601396802316942	0.6150379862685669
E2_Encoder	P7	9	8	0.21037504076957703	0.18223892152309418	0.1246502473950386	0.531878194701185	0.838720799768317	1.6932041640172923	1.154391383637097	0.6839935528220427
E2_Encoder	P7	9	10	0.15401053428649902	0.17406220734119415	0.09591641277074814	0.6138841131333129	0.884088896778464	1.5113300746904754	0.884801684633413	0.5510467449303007
E2_Encoder	P7	10	1	0.11377879977226257	0.07599269598722458	0.06964776664972305	0.27826878043438474	0.46792361025524487	1.5629782141447126	1.4972333629457015	0.9165060634436737
E2_Encoder	P7	10	2	0.217486172914505	0.1497299075126648	0.12783604860305786	0.3002633373311984	0.5585042722749857	1.6165434030175594	1.4525232568924755	0.853777650214904
E2_Encoder	P7	10	3	0.36650577187538147	0.2762218713760376	0.18887163698673248	0.42231797616909594	0.8120028758209864	1.807213630540428	1.3268528304785645	0.683767856780646
E2_Encoder	P7	10	4	0.49825695157051086	0.39431270956993103	0.26002946496009827	0.47684930849092133	0.8531549929053541	1.8258660236805644	1.2636086524168844	0.6594498697333575
E2_Encoder	P7	10	5	0.54299396276474	0.4844568073749542	0.3070198893547058	0.5473734091592926	0.8771440338261545	1.7486699975803464	1.1208304940681324	0.6337404794006376
E2_Encoder	P7	10	6	0.5625249147415161	0.5441287755966187	0.3483746349811554	0.5912642506377747	0.8765772761352726	1.6566658661362643	1.0338084291254892	0.6402429913749268
E2_Encoder	P7	10	7	0.44133350253105164	0.5235970616340637	0.2934575378894806	0.6627163610488025	0.9042641703555092	1.5098225715558946	0.8428876608927474	0.5604644475537085
E2_Encoder	P7	10	8	0.28929609060287476	0.3737032115459442	0.19707922637462616	0.6837970163671413	0.9167795396324799	1.4353179136509853	0.774133273851482	0.5273682973163227
E2_Encoder	P7	10	9	0.180624321103096	0.17526987195014954	0.09556569904088974	0.545505844684466	0.8847532673041146	1.6955200500018581	1.0305497407704467	0.5452488666624384
E2_Encoder	P9	1	2	0.26453304290771484	0.12565873563289642	0.09727314114570618	0.24309844178793172	0.7017177212472843	2.7638494575651036	2.105170337544462	0.7741056811989828
E2_Encoder	P9	1	3	0.38878002762794495	0.3456847071647644	0.1797904223203659	0.49746572499565783	0.9124617824129095	1.7978819059875777	1.1246665518316954	0.5200994391535869
E2_Encoder	P9	1	4	0.458804726600647	0.5452423095703125	0.26123929023742676	0.5998293748904807	0.9245033752298493	1.542550829716902	0.8414694137771808	0.4791251259340106
E2_Encoder	P9	1	5	0.4815654456615448	0.6940400004386902	0.30184710025787354	0.664005244917237	0.9342515763029925	1.3995927307766105	0.6938583444140913	0.434913117496227
E2_Encoder	P9	1	6	0.525240957736969	0.7583379149436951	0.3324583172798157	0.6669774656763716	0.9303353812285811	1.4001659367876302	0.6926212541752801	0.43840392353915203
E2_Encoder	P9	1	7	0.4951094686985016	0.7162362933158875	0.30353981256484985	0.6534049521353942	0.9321968584595355	1.437804784711507	0.6912655408822456	0.4237984243434272
E2_Encoder	P9	1	8	0.37976309657096863	0.5445877909660339	0.23178976774215698	0.617756125724201	0.9164941513668229	1.4648985360305826	0.6973404524866672	0.42562424569046897
E2_Encoder	P9	1	9	0.2594746947288513	0.33283543586730957	0.16631412506103516	0.5586615581236484	0.8854124428462747	1.4739682688564533	0.7795885496768297	0.49968875648006145
E2_Encoder	P9	1	10	0.16472278535366058	0.13123619556427002	0.12076504528522491	0.2967413367736641	0.38486466277127296	1.166866692797856	1.2551627593699275	0.920211415501472
E2_Encoder	P9	2	1	0.25203603506088257	0.12845824658870697	0.09560227394104004	0.26912607751676443	0.732667591109857	2.5588718454743793	1.9620074362982904	0.7442283892223439
E2_Encoder	P9	2	3	0.19205808639526367	0.26710671186447144	0.1466694325208664	0.6875129809388236	0.895588488141068	1.2390947075470125	0.7190313004665826	0.5491042568607775
E2_Encoder	P9	2	4	0.2572002708911896	0.45742252469062805	0.22062617540359497	0.7881238887146107	0.916347290786371	1.154907224243079	0.5622816040052766	0.48232468559088276
E2_Encoder	P9	2	5	0.30581310391426086	0.6254575848579407	0.2861441373825073	0.8793372884191912	0.9232407302380942	1.0575468892957016	0.48894299360638466	0.45749567086551335
E2_Encoder	P9	2	6	0.3154885768890381	0.6940983533859253	0.3024216592311859	0.9112198058544642	0.9303954925601066	1.043698421948518	0.45453007538489787	0.4357043317505705
E2_Encoder	P9	2	7	0.2971206605434418	0.6639881134033203	0.28244471549987793	0.8907768433470802	0.9310676128538955	1.053782215122871	0.44747888485612763	0.42537616231138026
E2_Encoder	P9	2	8	0.24997903406620026	0.4815393388271332	0.226400226354599	0.8073505814344163	0.9021996789543862	1.1041804772351183	0.5191248438290931	0.47015935791670377
E2_Encoder	P9	2	9	0.24396729469299316	0.27819758653640747	0.2025398313999176	0.5952593368312988	0.6962468556823189	1.1808925982933915	0.8769569058107748	0.7280430931179606
E2_Encoder	P9	2	10	0.3029317259788513	0.11813804507255554	0.11540364474058151	0.08597794208613908	0.2574198989885247	2.84649340444636	2.5642182058523404	0.9768541934963062
E2_Encoder	P9	3	1	0.38987791538238525	0.3553783595561981	0.19174377620220184	0.508092955873192	0.9071165660088251	1.7288701919632967	1.0970783811070284	0.5395482618628056
E2_Encoder	P9	3	2	0.20153918862342834	0.28027763962745667	0.16186286509037018	0.6958052969684994	0.8811806599493699	1.1580856855842583	0.7190698083918253	0.5775090203610866
E2_Encoder	P9	3	4	0.14619599282741547	0.21153485774993896	0.14362061023712158	0.8766717969917308	0.7565863735511172	0.8811349396186352	0.6911201037147158	0.6789453604232895
E2_Encoder	P9	3	5	0.19569340348243713	0.36463621258735657	0.19707994163036346	1.0457621859521586	0.8622880690737834	0.8537260671989418	0.5366812091806556	0.5404837337244683
E2_Encoder	P9	3	6	0.24695853888988495	0.4436097741127014	0.24599111080169678	0.9775990330493557	0.8533413765379525	0.9351997516431221	0.5567022038318385	0.5545213950565513
E2_Encoder	P9	3	7	0.2504180371761322	0.41107508540153503	0.24223750829696655	0.8795028533051217	0.8176212893193655	0.9692895570646898	0.6091783376546057	0.589278010026686
E2_Encoder	P9	3	8	0.27833670377731323	0.24858269095420837	0.20459812879562378	0.4360726346113679	0.5755147909682377	1.332233132569245	1.1196946284107363	0.8230586289425638
E2_Encoder	P9	3	9	0.3291964530944824	0.19104614853858948	0.14981195330619812	0.3314123529754077	0.7127316711327472	2.177381683299325	1.7231253056535076	0.7841663098271648
E2_Encoder	P9	3	10	0.424508273601532	0.2867061495780945	0.18746967613697052	0.41805089895096054	0.8453221214258069	2.044276938631902	1.480638884886919	0.6538739277578927
E2_Encoder	P9	4	1	0.43879613280296326	0.5487504005432129	0.2823524475097656	0.6266653852816835	0.9079931552632282	1.4329363263788701	0.7996279043597874	0.5145371141966593
E2_Encoder	P9	4	2	0.26530635356903076	0.46065884828567505	0.23895695805549622	0.7986614431899612	0.9008768987827509	1.0969195017036046	0.5759280529536306	0.5187286838074765
E2_Encoder	P9	4	3	0.1534314900636673	0.22022369503974915	0.15073798596858978	0.8822898035775415	0.7512631365856817	0.860712554173164	0.6967074548266651	0.6844766905821938
E2_Encoder	P9	4	5	0.13323429226875305	0.1678834706544876	0.12748141586780548	0.6314024857689156	0.6273643389675038	0.8853878105473866	0.7936117340756895	0.7593446535911118
E2_Encoder	P9	4	6	0.15332171320915222	0.23192930221557617	0.14502567052841187	0.8303906325286398	0.8120799634882464	1.023745101148695	0.6610709028333173	0.6253011980073645
E2_Encoder	P9	4	7	0.21553775668144226	0.22076039016246796	0.1648688167333603	0.511467774923706	0.6845989179251585	1.2674639145619637	0.9763425246839702	0.7468224558401332
E2_Encoder	P9	4	8	0.280760794878006	0.185879647731781	0.15462122857570648	0.35727205579942717	0.6467031695294074	1.856728550336662	1.5104439797687574	0.8318351711039418
E2_Encoder	P9	4	9	0.3534933924674988	0.30226272344589233	0.2140248864889145	0.5234783088499407	0.8189087068901926	1.6520431635110673	1.1694905294227496	0.7080756900783594
E2_Encoder	P9	4	10	0.45599398016929626	0.44025975465774536	0.26572802662849426	0.5579482487048508	0.8787599617786617	1.6282331481034307	1.0357385051553998	0.6035710141960835
E2_Encoder	P9	5	1	0.4527398347854614	0.7003536820411682	0.3416561484336853	0.7147733666739363	0.9130654790559827	1.2461100900603663	0.6464445699292382	0.48783372914944145
E2_Encoder	P9	5	2	0.3188409209251404	0.6297053694725037	0.3066123127937317	0.89627524883167	0.9133286122122808	1.001784352391729	0.5063334956032366	0.48691392460346494
E2_Encoder	P9	5	3	0.20335234701633453	0.3719090223312378	0.2039446234703064	1.0158544858608423	0.8645176391884389	0.8663284969801441	0.5467798165843376	0.5483723470646666
E2_Encoder	P9	5	4	0.12622366845607758	0.17390668392181396	0.12217935919761658	0.7998121865827398	0.7405816413816979	0.8851706334534959	0.725812634739364	0.7025570061041859
E2_Encoder	P9	5	6	0.10844355076551437	0.10704535990953445	0.09690969437360764	0.4640449821655832	0.3973982311247238	0.8209419179528257	1.0130616671022596	0.9053142934500606
E2_Encoder	P9	5	7	0.161636620759964	0.1106972023844719	0.09574674069881439	0.31313531425203633	0.5593241411823479	1.6752171957435966	1.4601689769771242	0.8649427323941595
E2_Encoder	P9	5	8	0.2824834883213043	0.23326651751995087	0.18159767985343933	0.4955662163917258	0.7414753263395303	1.5430694051788436	1.2109902926687455	0.7784986966160182
E2_Encoder	P9	5	9	0.3741505444049835	0.405952513217926	0.27616050839424133	0.6392833719810667	0.8353851764291642	1.364609470523514	0.9216608648118644	0.6802778635490084
E2_Encoder	P9	5	10	0.4795536994934082	0.6018003821372986	0.34936314821243286	0.6565733523420129	0.880830886999516	1.3481637302027483	0.7968650631132363	0.5805299540882095
E2_Encoder	P9	6	1	0.450050413608551	0.7799277901649475	0.36869925260543823	0.7581895686563567	0.9144091691547457	1.1795542960109084	0.5770411303248594	0.4727351137564437
E2_Encoder	P9	6	2	0.3408125638961792	0.706062912940979	0.33927175402641296	0.9759333186222368	0.913235511856863	0.9394158301940062	0.48269432886169494	0.4805120730860045
E2_Encoder	P9	6	3	0.24271957576274872	0.45172011852264404	0.2441297173500061	1.0409373390683705	0.8613633558465674	0.8517617890016898	0.5373229258784531	0.5404446411384891
E2_Encoder	P9	6	4	0.15274624526500702	0.24551589787006378	0.1467243880033493	0.8720023362434701	0.8295616735376313	0.9634341802451716	0.6221440101848152	0.5976166483565205
E2_Encoder	P9	6	5	0.10434994846582413	0.10987795889377594	0.09488923102617264	0.5784313911029065	0.4977110208251467	0.8487690061078655	0.9496895420737111	0.8635874927191395
E2_Encoder	P9	6	7	0.144206702709198	0.112795390188694	0.10464206337928772	0.2383556641305654	0.28011081980107966	1.2227126407877602	1.2784804633235136	0.9277157799111587
E2_Encoder	P9	6	8	0.2811265289783478	0.2596573829650879	0.19538743793964386	0.565589126043277	0.7862350705924493	1.417506844855753	1.082682594148099	0.7524817346168609
E2_Encoder	P9	6	9	0.3870563805103302	0.46614453196525574	0.3005792200565338	0.6823969116130245	0.8509861844801802	1.2918929806797022	0.830335558970323	0.6448197918128483
E2_Encoder	P9	6	10	0.4838818311691284	0.6561543941497803	0.36953258514404297	0.6879794928016307	0.8842830863987224	1.2883956911534422	0.7374511783863369	0.5631793194387872
E2_Encoder	P9	7	1	0.39716190099716187	0.7368534207344055	0.32102689146995544	0.7653558344871467	0.926710582609005	1.2012418693530431	0.5389971598439747	0.4356726622100703
E2_Encoder	P9	7	2	0.2957114279270172	0.6780970096588135	0.29438915848731995	0.9732308081093548	0.9288326807129984	0.9536810276885749	0.4360901518734101	0.4341401809682699
E2_Encoder	P9	7	3	0.24446289241313934	0.42358335852622986	0.24253186583518982	0.9526902502807469	0.828937434433824	0.884515751899709	0.5771305399336204	0.572571752296948
E2_Encoder	P9	7	4	0.19045241177082062	0.23182132840156555	0.16752229630947113	0.6522050629662031	0.7130451183470152	1.0381866565499136	0.8215482720421442	0.7226353910770698
E2_Encoder	P9	7	5	0.1482924520969391	0.1084541529417038	0.09476910531520844	0.3238812503509522	0.5347075650400562	1.5829795357184289	1.3673284800504517	0.8738172098043001
E2_Encoder	P9	7	6	0.16288407146930695	0.10529085248708725	0.09669741988182068	0.18016254651675742	0.27559966168110184	1.597353693805	1.546991667574188	0.9183838633434898
E2_Encoder	P9	7	8	0.21538254618644714	0.21714869141578674	0.1602155715227127	0.6008138790884728	0.7876840445421741	1.3630200918434057	0.9918666549734907	0.737815044972751
E2_Encoder	P9	7	9	0.3225683569908142	0.4222545623779297	0.2432226538658142	0.6943786297514094	0.8786966656749965	1.3208671733270247	0.7639191751399159	0.5760095343815921
E2_Encoder	P9	7	10	0.4312480390071869	0.6257951855659485	0.32066836953163147	0.7004489215680648	0.9046232292669234	1.3108353227606169	0.6891200970444993	0.5124174441221205
E2_Encoder	P9	8	1	0.33304455876350403	0.5567072033882141	0.24474819004535675	0.6784040592490502	0.9126651965198079	1.3074864206060215	0.5982400743811802	0.4396353928165073
E2_Encoder	P9	8	2	0.23889516294002533	0.49557289481163025	0.23555432260036469	0.9112937352099263	0.9016171006826165	0.9470123703348019	0.48205857390733725	0.4753172037181333
E2_Encoder	P9	8	3	0.2623213827610016	0.2561856508255005	0.2146637737751007	0.48294802059588465	0.5555500358479812	1.1880043380600742	1.0239503341257798	0.837922705988392
E2_Encoder	P9	8	4	0.26774364709854126	0.18235348165035248	0.1468893438577652	0.354885212123572	0.670886818648579	1.8998851319852832	1.4682672613398042	0.8055198207809007
E2_Encoder	P9	8	5	0.28040754795074463	0.22037425637245178	0.15842580795288086	0.4605784165094953	0.790602183744903	1.7259809010492786	1.2724151748325419	0.7188943507318177
E2_Encoder	P9	8	6	0.28416433930397034	0.24871325492858887	0.17215397953987122	0.5251880533519289	0.8211009966796409	1.6069739799620995	1.1425379776625104	0.6921785474976011
E2_Encoder	P9	8	7	0.22163976728916168	0.20274478197097778	0.13668423891067505	0.5315118461191517	0.8249052089439652	1.615588727130667	1.0931959142647067	0.6741689605123398
E2_Encoder	P9	8	9	0.18309156596660614	0.24245470762252808	0.14086882770061493	0.6682880616404964	0.8447798124027215	1.3008957003232093	0.7551578097285577	0.5810108992394993
E2_Encoder	P9	8	10	0.31792905926704407	0.4339495897293091	0.20093338191509247	0.6292190242294702	0.9120129648239531	1.4330193187128912	0.732640534273493	0.4630339253009354
E2_Encoder	P9	9	1	0.2218327820301056	0.3463866710662842	0.16765810549259186	0.632799829546469	0.8946857688410463	1.2881833906661326	0.6404195096400113	0.4840200836149061
E2_Encoder	P9	9	2	0.22991113364696503	0.29253819584846497	0.2162841260433197	0.6959355556874472	0.6712370571386341	0.9350190056388005	0.7859183412960514	0.7393363639781079
E2_Encoder	P9	9	3	0.3161194920539856	0.19088761508464813	0.1514689326286316	0.3143673546958716	0.6890817815300404	2.1496476500414032	1.6560502990925001	0.7934979572219155
E2_Encoder	P9	9	4	0.33308669924736023	0.2926989495754242	0.18721714615821838	0.516856311593825	0.8550152237021983	1.7309908304201052	1.1379839242010286	0.6396235669099157
E2_Encoder	P9	9	5	0.35159051418304443	0.3979218900203705	0.22755660116672516	0.6173606095186659	0.8872252061965881	1.4893953713667243	0.8835666571774822	0.5718624857634146
E2_Encoder	P9	9	6	0.3888959586620331	0.4565610885620117	0.25135448575019836	0.6269242394452892	0.8900883916080825	1.470384321627622	0.8517939185025661	0.5505385632881382
E2_Encoder	P9	9	7	0.3281131088733673	0.4122188985347748	0.21906627714633942	0.6478731693217914	0.8985029910146698	1.465174477174832	0.7959681374134954	0.5314319113582779
E2_Encoder	P9	9	8	0.21536706387996674	0.23014520108699799	0.12744620442390442	0.5402389775020857	0.8545785962407085	1.6261312715527367	0.9357877672998061	0.5537643358278326
E2_Encoder	P9	9	10	0.19288226962089539	0.2302798330783844	0.12500879168510437	0.5775904617446602	0.8664887989564182	1.391849114022279	0.8375994851239997	0.5428560113753119
E2_Encoder	P9	10	1	0.18040883541107178	0.1384745091199875	0.12571555376052856	0.31602356647281177	0.42609039747715666	1.2545948427491749	1.3028306549528794	0.9078606204091805
E2_Encoder	P9	10	2	0.31123584508895874	0.12755551934242249	0.12507788836956024	0.07017080972349017	0.20072205025522025	2.677381217395089	2.4400029625801363	0.9805760582871287
E2_Encoder	P9	10	3	0.44186627864837646	0.27029597759246826	0.17218957841396332	0.3801281584463291	0.8560720534393936	2.272025394260615	1.6347497383575158	0.6370408466587604
E2_Encoder	P9	10	4	0.4792397618293762	0.4326430857181549	0.24575485289096832	0.5249487834354304	0.8978021728673854	1.7684732778866556	1.1077023478460875	0.5680313889288992
E2_Encoder	P9	10	5	0.49259835481643677	0.5843034386634827	0.3066464066505432	0.6152345723376894	0.905902707226667	1.496930501878903	0.8430522947857209	0.524806780791769
E2_Encoder	P9	10	6	0.5310578942298889	0.6473097205162048	0.3377942442893982	0.6238569160981295	0.9053714994411916	1.480656102146904	0.8204077235336286	0.5218433055817857
E2_Encoder	P9	10	7	0.49063390493392944	0.6179366111755371	0.30751267075538635	0.6324313229722531	0.9121394385028404	1.4937451290639998	0.793987435055139	0.4976443622111772
E2_Encoder	P9	10	8	0.35947391390800476	0.42200326919555664	0.18749353289604187	0.5719883924136314	0.9161235445887572	1.6313465481300926	0.8518273201846317	0.4442940294122632
E2_Encoder	P9	10	9	0.23743227124214172	0.21833156049251556	0.11249448359012604	0.4734101653783626	0.873770353320173	1.772529446098047	1.0874848817392158	0.5152460933103731
E4_Decoder	P7	1	2	0.15031570196151733	0.11043234914541245	0.08568102866411209	0.4124347786486987	0.7364919146557679	1.746843004517688	1.3611564285713804	0.7758689308627411
E4_Decoder	P7	1	3	0.3322972357273102	0.2630109190940857	0.18641777336597443	0.48921068953009356	0.8322429500376306	1.7990933456143126	1.2634351336890277	0.7087833995944787
E4_Decoder	P7	1	4	0.45442602038383484	0.3956313133239746	0.28821083903312683	0.5514665206850292	0.8315399720541008	1.694837533822906	1.1486098422439945	0.7284833867462779
E4_Decoder	P7	1	5	0.5299264192581177	0.49737265706062317	0.3571149706840515	0.603490608299371	0.8436124946551556	1.6301301776672692	1.0654514512114135	0.7180028206506814
E4_Decoder	P7	1	6	0.5649497509002686	0.5624945759773254	0.3943690359592438	0.6375004997027155	0.8541486378475495	1.585686455414747	1.004364797507029	0.7011072689439428
E4_Decoder	P7	1	7	0.4356946051120758	0.566896915435791	0.364037424325943	0.7643726746701722	0.8684214456925288	1.3301419253736657	0.7685605499849016	0.6421580615694412
E4_Decoder	P7	1	8	0.2821267247200012	0.4413306415081024	0.25572192668914795	0.835865237963002	0.8826139824333453	1.1917137995739426	0.6392638493351059	0.5794338816251288
E4_Decoder	P7	1	9	0.17951643466949463	0.2693171501159668	0.16087692975997925	0.7811838487366302	0.8443240907258766	1.1745213920003204	0.6665614669997645	0.5973512258343233
E4_Decoder	P7	1	10	0.10959335416555405	0.07875288277864456	0.07125601917505264	0.34346716103365704	0.4923853464263963	1.445388138187112	1.3916106979041598	0.9048052167859836
E4_Decoder	P7	2	1	0.15317073464393616	0.10789809376001358	0.0816064104437828	0.42560624589793994	0.7519535309975927	1.8038288191595473	1.4195870316728465	0.7563285652227684
E4_Decoder	P7	2	3	0.20930399000644684	0.1439935266971588	0.1115456223487854	0.4565179485713316	0.8025187604849338	1.960518393137383	1.4535652734351474	0.7746572009683707
E4_Decoder	P7	2	4	0.3241610825061798	0.285442054271698	0.21219606697559357	0.5781711836397724	0.8255703643637817	1.6741873594243466	1.1356458435435275	0.7433945482105266
E4_Decoder	P7	2	5	0.40965667366981506	0.39362865686416626	0.292825847864151	0.6415633900361672	0.8337386384043989	1.5765193458009805	1.0407186228089582	0.743913947213451
E4_Decoder	P7	2	6	0.44113168120384216	0.47325101494789124	0.33479899168014526	0.6929718652308943	0.8487845458201208	1.4914425629373946	0.9321304493185595	0.7074448466148759
E4_Decoder	P7	2	7	0.35182926058769226	0.5012004971504211	0.31653064489364624	0.8363805325553907	0.8590562216835983	1.2084728015233517	0.7019730877922506	0.6315449539521277
E4_Decoder	P7	2	8	0.23492154479026794	0.3934846520423889	0.2288319319486618	0.9235086917440801	0.8599178181217988	1.0001441023215576	0.5970284827398059	0.5815523699867471
E4_Decoder	P7	2	9	0.1916452944278717	0.23683598637580872	0.17847377061843872	0.7559652094199084	0.6788594383012587	0.8719568492142475	0.8091899265839233	0.7535753892368304
E4_Decoder	P7	2	10	0.2006574273109436	0.14464162290096283	0.12947876751422882	0.33615848578488333	0.5282913050737685	1.4300700189455247	1.387273063496634	0.8951694879895248
E4_Decoder	P7	3	1	0.319873571395874	0.2629013657569885	0.1828879565000534	0.5055768747829614	0.8421379131715709	1.7517920044618225	1.2167056282680078	0.6956523636667027
E4_Decoder	P7	3	2	0.18670988082885742	0.14276811480522156	0.11197607964277267	0.5078797810024125	0.7967915751403903	1.8124235223014893	1.3077841721422574	0.7843213437085834
E4_Decoder	P7	3	4	0.1431780308485031	0.13426966965198517	0.10340961068868637	0.6044309012107085	0.7839786684370644	1.5306143336565128	1.0663467871754477	0.7701635891166987
E4_Decoder	P7	3	5	0.23897422850131989	0.2684550881385803	0.19069762527942657	0.6933589769357282	0.8208496140643675	1.4233732964574306	0.8901832710950817	0.7103520615000813
E4_Decoder	P7	3	6	0.3052712082862854	0.35641250014305115	0.24695348739624023	0.7206593439859741	0.8248236250910503	1.372985433316684	0.8565109477466715	0.6928867177697808
E4_Decoder	P7	3	7	0.2612784802913666	0.3942480683326721	0.2511656582355499	0.8924510572386494	0.8138107417921119	0.9916220372359681	0.6627260886688634	0.6370751778132057
E4_Decoder	P7	3	8	0.26604360342025757	0.3133358657360077	0.240646094083786	0.6609222912335277	0.6296334688013009	0.9085580943622455	0.8490684677776565	0.768013242015951
E4_Decoder	P7	3	9	0.3255872428417206	0.2466849833726883	0.21963538229465485	0.3491066960441867	0.5132831963597266	1.3799186251417503	1.3198502737794453	0.8903475975383257
E4_Decoder	P7	3	10	0.37715572118759155	0.2765723764896393	0.2224198877811432	0.4244325311622922	0.7305029998018263	1.706240591638679	1.3636782023374638	0.8042013833925865
E4_Decoder	P7	4	1	0.4546927213668823	0.3853909969329834	0.27782493829727173	0.53132578237316	0.8314845983728434	1.746053466891304	1.1798218562068536	0.720891096336595
E4_Decoder	P7	4	2	0.3186471462249756	0.27877193689346313	0.2025415152311325	0.5598946440804913	0.8298776125510985	1.697144749722892	1.1430388215394556	0.7265491551559466
E4_Decoder	P7	4	3	0.1591210514307022	0.13662996888160706	0.11067668348550797	0.5800849635878788	0.7624854611678012	1.6579566897125808	1.1646130986722554	0.8100469054590198
E4_Decoder	P7	4	5	0.11655107885599136	0.11955315619707108	0.08881458640098572	0.6305580648131762	0.7952830134301007	1.4739676398383883	0.9748891837189886	0.7428878435846897
E4_Decoder	P7	4	6	0.18061856925487518	0.22491981089115143	0.15243956446647644	0.7271723499902668	0.8104546724371237	1.2531998608878732	0.8030353953226665	0.6777507230799187
E4_Decoder	P7	4	7	0.216673344373703	0.2637025713920593	0.1922675222158432	0.67663948209449	0.667296770745027	0.937687824320439	0.8216580643484295	0.7291074986522972
E4_Decoder	P7	4	8	0.3309774696826935	0.24835869669914246	0.2245987206697464	0.3138107338470148	0.4744393622876787	1.42758770780558	1.3326590696505145	0.904332015165233
E4_Decoder	P7	4	9	0.4183413088321686	0.30363690853118896	0.24212045967578888	0.39097289987451794	0.7033543628724741	1.729911173188104	1.3777683050978549	0.7974012805196202
E4_Decoder	P7	4	10	0.49232545495033264	0.38846904039382935	0.29603397846221924	0.4795449130810208	0.7929387036961623	1.7339299336041991	1.2673479833842456	0.7620529506343683
E4_Decoder	P7	5	1	0.5356915593147278	0.4737871289253235	0.337150901556015	0.5676619190228976	0.8423085836015893	1.7176978597634016	1.1306587423128613	0.7116084016903622
E4_Decoder	P7	5	2	0.414949506521225	0.3774005174636841	0.2716292142868042	0.5908013203424448	0.8376349939978591	1.6685768644050016	1.099493740257402	0.7197372598010339
E4_Decoder	P7	5	3	0.24929986894130707	0.260765939950943	0.18684734404087067	0.6577601121537627	0.8166021833373656	1.5036933080035677	0.9560292612915897	0.7165327806078571
E4_Decoder	P7	5	4	0.1278083324432373	0.11580222845077515	0.09273244440555573	0.6097824848481955	0.7652529268595236	1.5875895041896302	1.1036776593428483	0.8007829006932639
E4_Decoder	P7	5	6	0.09355708211660385	0.08929811418056488	0.06950925290584564	0.5452544598678986	0.7078482089858192	1.370206799224377	1.0476938172224683	0.7783955298909756
E4_Decoder	P7	5	7	0.23374055325984955	0.15789218246936798	0.14617961645126343	0.2445396651676379	0.40129676517719287	1.5460988503919728	1.4803807864597514	0.9258192151446328
E4_Decoder	P7	5	8	0.3779292404651642	0.23877571523189545	0.21230077743530273	0.31982663670951567	0.5996578676847412	1.8725868771618117	1.582779220651166	0.8891221505885527
E4_Decoder	P7	5	9	0.489201158285141	0.3607138395309448	0.2817544639110565	0.44350286675054496	0.7640633698690018	1.8127136029419595	1.3562029084364353	0.7811024502897828
E4_Decoder	P7	5	10	0.5564631819725037	0.4712889790534973	0.3446415066719055	0.5259573222179459	0.8179468875905962	1.71875639630905	1.1807260655448895	0.7312742754223929
E4_Decoder	P7	6	1	0.5705403685569763	0.5488995909690857	0.3802645206451416	0.6061521965432665	0.8494615260103395	1.6349402126481287	1.0394257491605772	0.692776104958982
E4_Decoder	P7	6	2	0.4597291648387909	0.46350526809692383	0.3203390836715698	0.6368182789114835	0.8467116136040425	1.5691619022960002	0.9918531600004526	0.6911228538713902
E4_Decoder	P7	6	3	0.3126564919948578	0.3460705578327179	0.23761676251888275	0.682125742732599	0.8276234994070729	1.4386971388349008	0.9034472448418693	0.6866136316448536
E4_Decoder	P7	6	4	0.19928964972496033	0.22439415752887726	0.15548622608184814	0.6785856014073075	0.8082955246773833	1.372855277925547	0.8881231664835737	0.6929156614152873
E4_Decoder	P7	6	5	0.10188937187194824	0.09564349800348282	0.07632019370794296	0.5754947471292007	0.7200905288170928	1.390025698493175	1.0653036954821329	0.7979653118203999
E4_Decoder	P7	6	7	0.21153046190738678	0.09158173948526382	0.09131395071744919	0.16878578072687359	0.41026362507600683	2.5085072911326325	2.3097449676791038	0.9970759589267495
E4_Decoder	P7	6	8	0.38313260674476624	0.2387174367904663	0.21107934415340424	0.37249435802872854	0.6718575173763931	1.9779519432889738	1.6049628041250292	0.88422256451538
E4_Decoder	P7	6	9	0.5215167999267578	0.3933442234992981	0.30582523345947266	0.48010453099278316	0.7846608013264237	1.819196226192826	1.3258534605826962	0.7775002534390044
E4_Decoder	P7	6	10	0.6002208590507507	0.5273525714874268	0.38074010610580444	0.5546952851953354	0.8271909648313077	1.6912884738725682	1.1381775523684183	0.7219839756008133
E4_Decoder	P7	7	1	0.45723697543144226	0.5455803871154785	0.36445486545562744	0.7142203235349376	0.8623900542404265	1.414666220884025	0.8380744363793684	0.6680131362172413
E4_Decoder	P7	7	2	0.38606807589530945	0.4822039008140564	0.3176940977573395	0.743822385091485	0.8493832233101561	1.3213707510152979	0.8006324196953809	0.6588376768022998
E4_Decoder	P7	7	3	0.29922688007354736	0.38610103726387024	0.2613064646720886	0.7546443091474312	0.7943285725891156	1.1585734459946517	0.7749963123488034	0.676782602097766
E4_Decoder	P7	7	4	0.22975431382656097	0.26348260045051575	0.1891363263130188	0.6323785181144488	0.7271855191565448	1.1152331579401136	0.8719904594600005	0.7178323198177946
E4_Decoder	P7	7	5	0.22508101165294647	0.1544819325208664	0.13641111552715302	0.30324222399909617	0.5129368979682575	1.5879865794220298	1.45700541144217	0.8830231037453361
E4_Decoder	P7	7	6	0.1722845733165741	0.08666761964559555	0.08378889411687851	0.19800902117003658	0.41479401205055383	2.1327962725433656	1.9878770643648294	0.9667843014439668
E4_Decoder	P7	7	8	0.22024832665920258	0.16415773332118988	0.1403125673532486	0.4811952087391564	0.7231533448848085	1.7603560855571976	1.3416871822192271	0.8547423536770821
E4_Decoder	P7	7	9	0.35266345739364624	0.3482276499271393	0.25689229369163513	0.6250377065163834	0.8219553942621182	1.4947446900081434	1.012738240250121	0.7377136587097133
E4_Decoder	P7	7	10	0.4699532389640808	0.5033466219902039	0.3607577085494995	0.677515920216848	0.8416549264079086	1.4392926973252043	0.9336572819460126	0.7167182470065739
E4_Decoder	P7	8	1	0.29967832565307617	0.4389575719833374	0.26247262954711914	0.7874028145270321	0.8795293653443668	1.260548594036312	0.6827045363383134	0.5979453284316109
E4_Decoder	P7	8	2	0.27555954456329346	0.4015265107154846	0.25272396206855774	0.8196550429474779	0.828189597369039	1.0691074393223217	0.6862798276314827	0.6294079103724087
E4_Decoder	P7	8	3	0.28319182991981506	0.3193090558052063	0.24223685264587402	0.6284509434696525	0.668373521435258	1.0055280899078596	0.8868894407197006	0.7586281949787544
E4_Decoder	P7	8	4	0.3234478831291199	0.25085732340812683	0.22414547204971313	0.3484011619235143	0.5151104368420283	1.4163588171992556	1.2893699045129865	0.8935177534563923
E4_Decoder	P7	8	5	0.3861413598060608	0.244694322347641	0.21556495130062103	0.324803503538017	0.6154198147842664	1.895679540725204	1.5780560664479326	0.8809560811728381
E4_Decoder	P7	8	6	0.3655132055282593	0.24249248206615448	0.21411259472370148	0.4028281683916108	0.6861162834577675	1.9038713368277063	1.5073176801767547	0.8829659084659347
E4_Decoder	P7	8	7	0.18539568781852722	0.16365806758403778	0.1353798657655716	0.5585014279472749	0.7399398262401816	1.506651567233402	1.1328233954817244	0.8272116844838985
E4_Decoder	P7	8	9	0.1704990416765213	0.18187378346920013	0.1297134906053543	0.6644963662943633	0.8397732547352207	1.4170170087096328	0.9374580460377065	0.7132060934297381
E4_Decoder	P7	8	10	0.28342482447624207	0.36076587438583374	0.24197959899902344	0.7683383257716428	0.866566960830002	1.283986449943023	0.7856198288120884	0.6707386041181651
E4_Decoder	P7	9	1	0.19559790194034576	0.26777756214141846	0.16341637074947357	0.7333217464512306	0.8507690592995051	1.2538315698040825	0.7304491846745799	0.6102690958967288
E4_Decoder	P7	9	2	0.2124563306570053	0.24453416466712952	0.19060014188289642	0.6878638979894339	0.674917117317079	0.9507628456906556	0.8688206449442762	0.7794417689746935
E4_Decoder	P7	9	3	0.3340517580509186	0.24164384603500366	0.21803803741931915	0.33288277539104855	0.5083216264033226	1.4776233726659627	1.3824136783625314	0.9023115671968528
E4_Decoder	P7	9	4	0.42512834072113037	0.3064723014831543	0.2498915195465088	0.39449992639511716	0.693217598941756	1.7450875247476931	1.3871672534964736	0.8153804384186557
E4_Decoder	P7	9	5	0.49433767795562744	0.36852356791496277	0.2954351603984833	0.46542803962578383	0.7642334218401197	1.7994786335952362	1.3414004448955525	0.8016723654066414
E4_Decoder	P7	9	6	0.508831799030304	0.40336665511131287	0.3234214782714844	0.5239917817203622	0.7896612722192898	1.7445258806978996	1.2614622269406155	0.8018051918104959
E4_Decoder	P7	9	7	0.31262534856796265	0.35598012804985046	0.2567859888076782	0.7172052660147905	0.8331034325974058	1.318899623883796	0.8782101132459379	0.7213492230996631
E4_Decoder	P7	9	8	0.1407734602689743	0.18223892152309418	0.13050174713134766	0.8319652775643128	0.8307194300369116	1.105869869055609	0.7724664911997673	0.7161024990746
E4_Decoder	P7	9	10	0.1427989900112152	0.17406220734119415	0.11133106052875519	0.6871453211332371	0.8601412345284773	1.377117237264627	0.8203905499790817	0.6396050138013343
E4_Decoder	P7	10	1	0.1002315878868103	0.07599269598722458	0.06705780327320099	0.37925096263330693	0.5684475750168126	1.470039124390249	1.318963442271618	0.882424322522711
E4_Decoder	P7	10	2	0.17601248621940613	0.1497299075126648	0.13471348583698273	0.3971114727017575	0.508108187612207	1.1461965509958978	1.1755332594760217	0.899709938213834
E4_Decoder	P7	10	3	0.3575528562068939	0.2762218713760376	0.21830888092517853	0.44276616375418126	0.7353636827275163	1.6565869294354556	1.2944407856832434	0.7903388672216379
E4_Decoder	P7	10	4	0.48397526144981384	0.39431270956993103	0.3002179265022278	0.5041669350682799	0.7999732625414012	1.696218933311019	1.227389454369036	0.7613701491632604
E4_Decoder	P7	10	5	0.5737863183021545	0.4844568073749542	0.36072713136672974	0.5441890208279594	0.8255728992411248	1.710851039154056	1.1843910738115857	0.7446012232160428
E4_Decoder	P7	10	6	0.590661346912384	0.5441287755966187	0.4043230414390564	0.6020170787768837	0.8350963370201954	1.6036441734999551	1.0855175712123366	0.7430649867684905
E4_Decoder	P7	10	7	0.41323986649513245	0.5235970616340637	0.3496358096599579	0.7651546106327819	0.8620124780458388	1.2871595215952973	0.7892325927221137	0.6677573945292965
E4_Decoder	P7	10	8	0.24317704141139984	0.3737032115459442	0.2301286906003952	0.8826030894272123	0.8834954847920196	1.124566526446378	0.6507223751313759	0.6158060286621392
E4_Decoder	P7	10	9	0.12007512152194977	0.17526987195014954	0.11150148510932922	0.8317202505267208	0.8578586292238035	1.1345826277026416	0.6850870613752812	0.6361702891016124
E4_Decoder	P9	1	2	0.19756117463111877	0.12565873563289642	0.10019659996032715	0.32285020471028764	0.686322907245009	2.0482891120356537	1.5722040623445432	0.7973707474906067
E4_Decoder	P9	1	3	0.3149498999118805	0.3456847071647644	0.2053106129169464	0.5794112713271847	0.8723343000970369	1.4787777747963577	0.9110900580330424	0.5939244885921112
E4_Decoder	P9	1	4	0.3982917368412018	0.5452423095703125	0.315483957529068	0.6962737453995028	0.8705763764709771	1.2917541572403402	0.7304857489050738	0.5786123930435452
E4_Decoder	P9	1	5	0.44833803176879883	0.6940400004386902	0.36643174290657043	0.7404731426440416	0.8899280449397675	1.236431905764346	0.6459829858299413	0.5279691987132665
E4_Decoder	P9	1	6	0.4878656566143036	0.7583379149436951	0.38537320494651794	0.7194572532567121	0.8964238634691262	1.2777288303136243	0.6433354405740435	0.5081813758120364
E4_Decoder	P9	1	7	0.4051998555660248	0.7162362933158875	0.33676719665527344	0.7559186172813496	0.9088158886297809	1.237192735987477	0.5657348829533778	0.470190075255997
E4_Decoder	P9	1	8	0.30567556619644165	0.5445877909660339	0.24878327548503876	0.7229464788304272	0.905294488235776	1.254303650914057	0.5612971338454165	0.45682859515400964
E4_Decoder	P9	1	9	0.2012786865234375	0.33283543586730957	0.16702412068843842	0.6728117177647787	0.8820518268282808	1.2301705380355477	0.6047393541464156	0.501821929666844
E4_Decoder	P9	1	10	0.1432248055934906	0.13123619556427002	0.11304477602243423	0.44013904145894944	0.5567264340454895	1.1939048055697916	1.0913513987332055	0.8613841290993006
E4_Decoder	P9	2	1	0.20099793374538422	0.12845824658870697	0.100810207426548	0.34620354406366316	0.7116452003962004	1.9923907600052395	1.5646946699259583	0.7847702277092301
E4_Decoder	P9	2	3	0.19536924362182617	0.26710671186447144	0.1613875925540924	0.707010011040826	0.8667307986808657	1.1800893818840459	0.7314276839323884	0.6042064290618786
E4_Decoder	P9	2	4	0.2892155647277832	0.45742252469062805	0.2646978199481964	0.8165326887145629	0.8710931225190637	1.099924063673726	0.6322722409076608	0.5786724650851451
E4_Decoder	P9	2	5	0.3506234884262085	0.6254575848579407	0.34003975987434387	0.9133303523319165	0.887871811683473	1.0229418525790586	0.5605871555716206	0.5436655787803367
E4_Decoder	P9	2	6	0.3670458197593689	0.6940983533859253	0.3514500558376312	0.8934213421553526	0.8994471619691288	1.0523648438498099	0.5288095238504159	0.5063404258534837
E4_Decoder	P9	2	7	0.3062140941619873	0.6639881134033203	0.3008815348148346	0.9429188138232629	0.9180037008152289	1.0232141416626857	0.4611740601687344	0.4531429535276527
E4_Decoder	P9	2	8	0.22294802963733673	0.4815393388271332	0.21754099428653717	0.9090322390277479	0.9107472560583698	1.0112939756711317	0.462990272363547	0.45176162515900237
E4_Decoder	P9	2	9	0.1960889995098114	0.27819758653640747	0.1803649514913559	0.7835639845494834	0.7913688142880781	0.9769217171178282	0.7048551425306826	0.6483339907327043
E4_Decoder	P9	2	10	0.26153281331062317	0.11813804507255554	0.11610583961009979	0.10329200994007144	0.24075725262446	2.311691219614754	2.213789919665595	0.9827980439221958
E4_Decoder	P9	3	1	0.2768273651599884	0.3553783595561981	0.22721919417381287	0.7107443574382666	0.8409176418905996	1.1831963313065532	0.7789651725155539	0.6393726237511131
E4_Decoder	P9	3	2	0.18920104205608368	0.28027763962745667	0.18775367736816406	0.9657261664244103	0.8064072888341666	0.8345883186669971	0.6750486492877867	0.6698846101948236
E4_Decoder	P9	3	4	0.1481543928384781	0.21153485774993896	0.14773057401180267	0.978312177796002	0.7626560721652457	0.8252146882902617	0.7003781523970644	0.6983746110839044
E4_Decoder	P9	3	5	0.2057301253080368	0.36463621258735657	0.20635373890399933	1.0145899201909234	0.8484905607183705	0.8860643752939259	0.5642065110544928	0.5659167460076742
E4_Decoder	P9	3	6	0.2471175193786621	0.4436097741127014	0.24310584366321564	0.9515967780208596	0.8618123963507759	0.9829826371853737	0.557060582970565	0.5480173293058537
E4_Decoder	P9	3	7	0.2262381613254547	0.41107508540153503	0.22289034724235535	0.9549994260759459	0.8505981222053259	0.9467350674833912	0.550357268926836	0.5422132237098187
E4_Decoder	P9	3	8	0.22294461727142334	0.24858269095420837	0.18113453686237335	0.5910095304353241	0.7182759121054344	1.1967682226255671	0.8968629972409952	0.728669144931496
E4_Decoder	P9	3	9	0.23401637375354767	0.19104614853858948	0.1506062150001526	0.44829635613918123	0.6823995088444984	1.5557605400855095	1.2249206568342759	0.7883237435154657
E4_Decoder	P9	3	10	0.2997613549232483	0.2867061495780945	0.19797003269195557	0.5614815798826666	0.8011497727012936	1.5286005054892782	1.045535142390093	0.6904980342531212
E4_Decoder	P9	4	1	0.3804890215396881	0.5487504005432129	0.36033397912979126	0.856024033302894	0.8012160011761504	0.9729876891227536	0.6933735650361962	0.6566445851758713
E4_Decoder	P9	4	2	0.29781511425971985	0.46065884828567505	0.29531848430633545	0.9673393694665314	0.804829797270815	0.8482234336601339	0.6464981957212541	0.641078501813983
E4_Decoder	P9	4	3	0.15726381540298462	0.22022369503974915	0.15731780230998993	1.0016912202297423	0.7456029630489616	0.8258807245532033	0.7141094212164562	0.7143545669851509
E4_Decoder	P9	4	5	0.11855494230985641	0.1678834706544876	0.1175505742430687	0.9520134326854287	0.7623445286716481	0.8313643685040749	0.7061740018101501	0.7001914708148578
E4_Decoder	P9	4	6	0.14632022380828857	0.23192930221557617	0.13722050189971924	0.8418677151531174	0.8345545861130926	1.0349047471597335	0.6308828699544193	0.5916479745718979
E4_Decoder	P9	4	7	0.16486434638500214	0.22076039016246796	0.1446142941713333	0.6986909745327669	0.7743324452977256	1.0650211170393808	0.7468022060645513	0.6550735576472974
E4_Decoder	P9	4	8	0.22253254055976868	0.185879647731781	0.1519329845905304	0.43327473268896943	0.6036731180175849	1.418508103205493	1.197186153918673	0.8173728885572525
E4_Decoder	P9	4	9	0.2901615798473358	0.30226272344589233	0.2323494851589203	0.631145599192868	0.7119932196287168	1.2308591875449828	0.9599648164993698	0.7687004289184632
E4_Decoder	P9	4	10	0.3637506663799286	0.44025975465774536	0.30337220430374146	0.7283626268600439	0.7925941903208958	1.187839601438386	0.8262183007454443	0.6890754857653995
E4_Decoder	P9	5	1	0.440472811460495	0.7003536820411682	0.41686925292015076	0.8734453400119042	0.8500831970821214	1.0009251004004498	0.6289291007605542	0.5952267598639488
E4_Decoder	P9	5	2	0.36761221289634705	0.6297053694725037	0.36767783761024475	1.0007849055428133	0.8550582502223579	0.8805024229736886	0.5837844660659178	0.5838886810163996
E4_Decoder	P9	5	3	0.2179294377565384	0.3719090223312378	0.2184230387210846	1.0083658939654658	0.8350795726664159	0.8740641515092824	0.5859751301285756	0.5873023390288926
E4_Decoder	P9	5	4	0.12346374988555908	0.17390668392181396	0.12235382199287415	0.9534785273677978	0.7784748633857709	0.8694698731471471	0.7099425226293583	0.7035602038613002
E4_Decoder	P9	5	6	0.10516899824142456	0.10704535990953445	0.09065568447113037	0.5971255953360782	0.5721386100205673	1.0019181911808783	0.9824713404700994	0.8468903700986644
E4_Decoder	P9	5	7	0.16034233570098877	0.1106972023844719	0.09346020966768265	0.338400778625328	0.6078793470036972	1.698379817578551	1.4484768562089774	0.8442870068484479
E4_Decoder	P9	5	8	0.2640632092952728	0.23326651751995087	0.19309483468532562	0.5265218912054931	0.6685207073896959	1.3393697565108587	1.1320236273201445	0.8277863310100241
E4_Decoder	P9	5	9	0.3410416841506958	0.405952513217926	0.2835221290588379	0.7126104032518855	0.8015073081042264	1.2094554455145068	0.8401024086470321	0.6984120551721668
E4_Decoder	P9	5	10	0.44044336676597595	0.6018003821372986	0.3906444311141968	0.7918455194526742	0.8347505852972814	1.1272453000697908	0.7318761832648527	0.6491262596524451
E4_Decoder	P9	6	1	0.4795299172401428	0.7799277901649475	0.4728618264198303	0.9531034043629399	0.8423113697440575	0.9322085924313793	0.6148388649399539	0.6062892390586883
E4_Decoder	P9	6	2	0.40138721466064453	0.706062912940979	0.40407511591911316	1.0292633022887423	0.8601951696846258	0.8866106118883663	0.5684864723863455	0.5722933587263639
E4_Decoder	P9	6	3	0.2590929865837097	0.45172011852264404	0.25508615374565125	0.9597404153783213	0.8508367692473441	0.951401479366275	0.5735697303699387	0.5646995634817273
E4_Decoder	P9	6	4	0.15773168206214905	0.24551589787006378	0.14551423490047455	0.818716603650497	0.8359769324835336	1.0609916613225037	0.6424499734254544	0.5926876270044481
E4_Decoder	P9	6	5	0.10996018350124359	0.10987795889377594	0.09136832505464554	0.5853014196743378	0.5842856237379643	1.0780118698709	1.0007483266734791	0.8315437051663427
E4_Decoder	P9	6	7	0.14550182223320007	0.112795390188694	0.0981854721903801	0.339647242721944	0.4515616208546934	1.3550110310265635	1.2899624886246848	0.8704741570211942
E4_Decoder	P9	6	8	0.25433969497680664	0.2596573829650879	0.20839311182498932	0.6383951199636317	0.7251659062746402	1.1924379495107833	0.9795203666941515	0.802569560877877
E4_Decoder	P9	6	9	0.35877206921577454	0.46614453196525574	0.32261180877685547	0.7861367612495658	0.8009715444701176	1.093468977763732	0.769658431266369	0.692085365491108
E4_Decoder	P9	6	10	0.46342864632606506	0.6561543941497803	0.4364626407623291	0.8585306948857546	0.8173256825242743	1.028773745342224	0.7062798793362622	0.665182836012065
E4_Decoder	P9	7	1	0.41957253217697144	0.7368534207344055	0.40954238176345825	0.9401099395562631	0.863501991667239	0.96719672602307	0.5694111208153079	0.5557989828632083
E4_Decoder	P9	7	2	0.35811132192611694	0.6780970096588135	0.3602411448955536	1.017885400964646	0.87228016142443	0.902156430853744	0.5281122270489023	0.5312531094582027
E4_Decoder	P9	7	3	0.26021525263786316	0.42358335852622986	0.24040661752223969	0.841334926211887	0.8258002491921975	1.026157702880134	0.614318875848258	0.5675544439674979
E4_Decoder	P9	7	4	0.18716178834438324	0.23182132840156555	0.1477157175540924	0.6144333162295781	0.7850885187344759	1.2244790767613165	0.8073536185599707	0.6371964071322044
E4_Decoder	P9	7	5	0.16265420615673065	0.1084541529417038	0.0883331447839737	0.322684955905199	0.6364028911126699	1.8067994280794948	1.499750832447702	0.8144745257607099
E4_Decoder	P9	7	6	0.1351209580898285	0.10529085248708725	0.0957767441868782	0.27777829376107854	0.34461294677094767	1.2727927146848323	1.2833114643686598	0.9096397448071204
E4_Decoder	P9	7	8	0.17382745444774628	0.21714869141578674	0.16349022090435028	0.807665184476814	0.7559950675945267	0.9913454227552951	0.8004996636839461	0.7528952619442979
E4_Decoder	P9	7	9	0.28142401576042175	0.4222545623779297	0.26589876413345337	0.8739823476276777	0.8318122409927566	1.0085230249767645	0.6664795145742898	0.6297119979853918
E4_Decoder	P9	7	10	0.40724632143974304	0.6257951855659485	0.39196085929870605	0.9049778563602422	0.8363916456705337	1.0001554028917772	0.6507661465491188	0.626340483818567
E4_Decoder	P9	8	1	0.3033922016620636	0.5567072033882141	0.2697172164916992	0.7988346233433313	0.8940575130667623	1.1336042254415462	0.5449762457097149	0.4844866652526762
E4_Decoder	P9	8	2	0.24566195905208588	0.49557289481163025	0.23949353396892548	0.9053515333255252	0.8908599053313644	0.9690467301118019	0.49571306587593583	0.48326600683025284
E4_Decoder	P9	8	3	0.23831894993782043	0.2561856508255005	0.18206572532653809	0.5461339898069324	0.7318327998449206	1.2901850397602526	0.9302587758911999	0.7106788562898521
E4_Decoder	P9	8	4	0.2410033494234085	0.18235348165035248	0.14549456536769867	0.38441771594918805	0.6169496699183925	1.651071148410312	1.3216273538747796	0.7978710581828775
E4_Decoder	P9	8	5	0.27607080340385437	0.22037425637245178	0.18182088434696198	0.4584958370022404	0.645004006782176	1.5385855735034994	1.2527361768484906	0.8250550102352644
E4_Decoder	P9	8	6	0.26173174381256104	0.24871325492858887	0.20026379823684692	0.5843179900723298	0.7164437818505224	1.3667812874786256	1.0523433658077856	0.8051995391011514
E4_Decoder	P9	8	7	0.158406063914299	0.20274478197097778	0.14846497774124146	0.8196760197792028	0.7676507174185329	1.0149859932374334	0.7813077228146581	0.7322752097387824
E4_Decoder	P9	8	9	0.15889619290828705	0.24245470762252808	0.13922612369060516	0.7559358610142197	0.8530492936898378	1.1497124032513046	0.6553644367906798	0.5742355966433244
E4_Decoder	P9	8	10	0.2732609212398529	0.4339495897293091	0.23021858930587769	0.7613921634818654	0.8834664615493908	1.202556157953357	0.6297066011983299	0.53051920028196
E4_Decoder	P9	9	1	0.19260601699352264	0.3463866710662842	0.17582571506500244	0.7822198033499199	0.8788977525442824	1.0864131318061538	0.5560433846967101	0.5075995404896992
E4_Decoder	P9	9	2	0.19108963012695312	0.29253819584846497	0.1827145218849182	0.8295808509691757	0.7997881118562321	0.919770729320961	0.6532125816005843	0.624583471416377
E4_Decoder	P9	9	3	0.24517226219177246	0.19088761508464813	0.14913111925125122	0.4092838023377512	0.6588906719480256	1.6838966564557256	1.2843801421221177	0.7812508904001959
E4_Decoder	P9	9	4	0.30142393708229065	0.2926989495754242	0.21420124173164368	0.5788988310299162	0.7373840197372253	1.4335850252575593	1.0298087421206072	0.7318141798675885
E4_Decoder	P9	9	5	0.34357592463493347	0.3979218900203705	0.27293089032173157	0.6870115209230492	0.791317617038862	1.2852849563625364	0.8634255446900523	0.6858906161401667
E4_Decoder	P9	9	6	0.35800033807754517	0.4565610885620117	0.2965601086616516	0.728253758271147	0.8224004775118251	1.2524371888629589	0.7841236299946317	0.6495518695990926
E4_Decoder	P9	9	7	0.2588574290275574	0.4122188985347748	0.24264636635780334	0.8643122029617873	0.8516960248474784	1.071929651541548	0.6279610904489382	0.5886347453265385
E4_Decoder	P9	9	8	0.1412849724292755	0.23014520108699799	0.13452789187431335	0.8489585317055615	0.8426766027040582	1.0182822071703266	0.6138949313823315	0.58453485555608
E4_Decoder	P9	9	10	0.1625567525625229	0.2302798330783844	0.13517069816589355	0.7044185648321621	0.8475515785310895	1.195886826751663	0.705909633464041	0.5869845238244685
E4_Decoder	P9	10	1	0.12523838877677917	0.1384745091199875	0.11083769798278809	0.6034646770101513	0.6189088140573116	0.9770874459360334	0.9044147516584494	0.8004195045511788
E4_Decoder	P9	10	2	0.2132018804550171	0.12755551934242249	0.12269412726163864	0.150668066804005	0.272046756902862	1.7197969906041415	1.6714437881960809	0.9618880303585026
E4_Decoder	P9	10	3	0.3506019413471222	0.27029597759246826	0.18410059809684753	0.4757764236309946	0.8211308292834246	1.8722107899674576	1.2971038062421083	0.6811074280003546
E4_Decoder	P9	10	4	0.4158661663532257	0.4326430857181549	0.2766041159629822	0.6049875736312577	0.85647094251223	1.5630603295232446	0.9612222639890783	0.6393355749666961
E4_Decoder	P9	10	5	0.45765072107315063	0.5843034386634827	0.3452809751033783	0.6895170373135379	0.8702371070103949	1.3640364747640537	0.7832415330636535	0.5909275083048684
E4_Decoder	P9	10	6	0.48000678420066833	0.6473097205162048	0.36639100313186646	0.6981692649334843	0.8810584181408349	1.3518673374171926	0.7415411339997817	0.5660211665594695
E4_Decoder	P9	10	7	0.39619195461273193	0.6179366111755371	0.32461482286453247	0.7477428153214795	0.8965819587976529	1.2786449104135562	0.641153068854478	0.5253205862766387
E4_Decoder	P9	10	8	0.25619012117385864	0.42200326919555664	0.20546269416809082	0.740006052802028	0.8968799935768302	1.2803046613144053	0.6070808921983492	0.4868746504257038
E4_Decoder	P9	10	9	0.1424296647310257	0.21833156049251556	0.1244278997182846	0.7447685417264129	0.8588291662981499	1.1526147527620958	0.6523549064996867	0.5699034048838304
