[2026-08-26 10:25:20] === E2 QC START gpu=0 (enc/dec/both × varian+elekta) ===
[2026-08-26 10:25:20] QC varian encoder CV_P1_V_01
[ckpt] cond_dim=2 phase=linear
[encoder] scan=CV_P1_V_01 pairs=100 panels=100 ckpt=crb_enc_mse_cyclic_full_spare_generator.pth out=/home/abhishek/Voxel_GAN/PopulationStudy/ClinicalExperiments/Experiment2/EncoderCRB/plots/qc_varian/P1/CV_P1_V_01
[001/100] 01_to_01  L1=0.005  L1/zero=454003.64  cos=nan  k=nan
[002/100] 01_to_02  L1=0.222  L1/zero=0.98  cos=0.35  k=0.55
[003/100] 01_to_03  L1=0.508  L1/zero=0.99  cos=0.32  k=0.68
[004/100] 01_to_04  L1=0.651  L1/zero=0.91  cos=0.43  k=0.74
[005/100] 01_to_05  L1=0.670  L1/zero=0.89  cos=0.50  k=0.81
[006/100] 01_to_06  L1=0.668  L1/zero=0.90  cos=0.54  k=0.90
[007/100] 01_to_07  L1=0.666  L1/zero=1.05  cos=0.31  k=0.86
[008/100] 01_to_08  L1=0.530  L1/zero=1.01  cos=0.34  k=0.79
[009/100] 01_to_09  L1=0.422  L1/zero=1.21  cos=0.03  k=0.66
[010/100] 01_to_10  L1=0.186  L1/zero=1.16  cos=-0.11  k=0.40
[011/100] 02_to_01  L1=0.224  L1/zero=0.98  cos=0.29  k=0.38
[012/100] 02_to_02  L1=0.004  L1/zero=404341.47  cos=nan  k=nan
[013/100] 02_to_03  L1=0.197  L1/zero=0.90  cos=0.55  k=0.91
[014/100] 02_to_04  L1=0.453  L1/zero=0.84  cos=0.50  k=0.55
[015/100] 02_to_05  L1=0.700  L1/zero=0.87  cos=0.48  k=0.55
[016/100] 02_to_06  L1=0.677  L1/zero=0.98  cos=0.46  k=0.89
[017/100] 02_to_07  L1=0.648  L1/zero=0.91  cos=0.43  k=0.67
[018/100] 02_to_08  L1=0.541  L1/zero=0.87  cos=0.43  k=0.49
[019/100] 02_to_09  L1=0.564  L1/zero=1.04  cos=0.03  k=0.38
[020/100] 02_to_10  L1=0.513  L1/zero=1.02  cos=-0.01  k=0.25
[021/100] 03_to_01  L1=0.497  L1/zero=0.97  cos=0.31  k=0.60
[022/100] 03_to_02  L1=0.219  L1/zero=1.02  cos=0.47  k=0.97
[023/100] 03_to_03  L1=0.004  L1/zero=432946.77  cos=nan  k=nan
[024/100] 03_to_04  L1=0.201  L1/zero=0.84  cos=0.54  k=0.61
[025/100] 03_to_05  L1=0.497  L1/zero=0.86  cos=0.48  k=0.51
[026/100] 03_to_06  L1=0.709  L1/zero=0.93  cos=0.41  k=0.63
[027/100] 03_to_07  L1=0.592  L1/zero=0.92  cos=0.38  k=0.43
[028/100] 03_to_08  L1=0.604  L1/zero=0.88  cos=0.43  k=0.31
[029/100] 03_to_09  L1=0.637  L1/zero=0.93  cos=0.31  k=0.41
[030/100] 03_to_10  L1=0.538  L1/zero=1.00  cos=0.29  k=0.65
[031/100] 04_to_01  L1=0.719  L1/zero=0.92  cos=0.37  k=0.57
[032/100] 04_to_02  L1=0.476  L1/zero=0.89  cos=0.46  k=0.58
[033/100] 04_to_03  L1=0.214  L1/zero=0.90  cos=0.44  k=0.47
[034/100] 04_to_04  L1=0.004  L1/zero=363641.63  cos=nan  k=nan
[035/100] 04_to_05  L1=0.188  L1/zero=0.85  cos=0.50  k=0.55
[036/100] 04_to_06  L1=0.431  L1/zero=0.92  cos=0.40  k=0.51
[037/100] 04_to_07  L1=0.654  L1/zero=0.93  cos=0.42  k=0.25
[038/100] 04_to_08  L1=0.665  L1/zero=0.89  cos=0.48  k=0.31
[039/100] 04_to_09  L1=0.686  L1/zero=0.93  cos=0.31  k=0.53
[040/100] 04_to_10  L1=0.617  L1/zero=0.92  cos=0.40  k=0.65
[041/100] 05_to_01  L1=0.697  L1/zero=0.93  cos=0.43  k=0.75
[042/100] 05_to_02  L1=0.740  L1/zero=0.90  cos=0.43  k=0.53
[043/100] 05_to_03  L1=0.518  L1/zero=0.88  cos=0.44  k=0.42
[044/100] 05_to_04  L1=0.202  L1/zero=0.89  cos=0.43  k=0.48
[045/100] 05_to_05  L1=0.002  L1/zero=237275.31  cos=nan  k=nan
[046/100] 05_to_06  L1=0.213  L1/zero=0.97  cos=0.23  k=0.31
[047/100] 05_to_07  L1=0.428  L1/zero=0.90  cos=0.46  k=0.27
[048/100] 05_to_08  L1=0.575  L1/zero=0.86  cos=0.48  k=0.41
[049/100] 05_to_09  L1=0.777  L1/zero=0.96  cos=0.36  k=0.64
[050/100] 05_to_10  L1=0.757  L1/zero=0.99  cos=0.27  k=0.74
[051/100] 06_to_01  L1=0.726  L1/zero=0.94  cos=0.50  k=0.89
[052/100] 06_to_02  L1=0.679  L1/zero=0.98  cos=0.44  k=0.81
[053/100] 06_to_03  L1=0.689  L1/zero=0.92  cos=0.41  k=0.57
[054/100] 06_to_04  L1=0.437  L1/zero=0.91  cos=0.39  k=0.49
[055/100] 06_to_05  L1=0.207  L1/zero=0.96  cos=0.24  k=0.25
[056/100] 06_to_06  L1=0.003  L1/zero=337412.74  cos=nan  k=nan
[057/100] 06_to_07  L1=0.219  L1/zero=0.97  cos=0.29  k=0.25
[058/100] 06_to_08  L1=0.354  L1/zero=0.86  cos=0.51  k=0.72
[059/100] 06_to_09  L1=0.639  L1/zero=1.04  cos=0.45  k=1.02
[060/100] 06_to_10  L1=0.755  L1/zero=1.05  cos=0.35  k=0.94
[061/100] 07_to_01  L1=0.680  L1/zero=1.08  cos=0.31  k=0.94
[062/100] 07_to_02  L1=0.651  L1/zero=0.90  cos=0.41  k=0.58
[063/100] 07_to_03  L1=0.601  L1/zero=0.91  cos=0.40  k=0.40
[064/100] 07_to_04  L1=0.699  L1/zero=0.95  cos=0.34  k=0.20
[065/100] 07_to_05  L1=0.449  L1/zero=0.93  cos=0.41  k=0.21
[066/100] 07_to_06  L1=0.233  L1/zero=1.01  cos=0.16  k=0.26
[067/100] 07_to_07  L1=0.006  L1/zero=599635.39  cos=nan  k=nan
[068/100] 07_to_08  L1=0.160  L1/zero=1.11  cos=0.31  k=0.83
[069/100] 07_to_09  L1=0.399  L1/zero=1.16  cos=0.41  k=1.23
[070/100] 07_to_10  L1=0.576  L1/zero=1.08  cos=0.37  k=1.00
[071/100] 08_to_01  L1=0.524  L1/zero=1.00  cos=0.36  k=0.87
[072/100] 08_to_02  L1=0.559  L1/zero=0.87  cos=0.42  k=0.47
[073/100] 08_to_03  L1=0.630  L1/zero=0.90  cos=0.42  k=0.30
[074/100] 08_to_04  L1=0.692  L1/zero=0.91  cos=0.43  k=0.28
[075/100] 08_to_05  L1=0.622  L1/zero=0.91  cos=0.38  k=0.33
[076/100] 08_to_06  L1=0.377  L1/zero=0.90  cos=0.40  k=0.65
[077/100] 08_to_07  L1=0.169  L1/zero=1.14  cos=0.21  k=0.68
[078/100] 08_to_08  L1=0.005  L1/zero=514514.60  cos=nan  k=nan
[079/100] 08_to_09  L1=0.195  L1/zero=1.26  cos=0.29  k=1.12
[080/100] 08_to_10  L1=0.423  L1/zero=1.20  cos=0.29  k=1.02
[081/100] 09_to_01  L1=0.418  L1/zero=1.18  cos=0.12  k=0.77
[082/100] 09_to_02  L1=0.560  L1/zero=1.01  cos=0.10  k=0.38
[083/100] 09_to_03  L1=0.645  L1/zero=0.90  cos=0.35  k=0.41
[084/100] 09_to_04  L1=0.682  L1/zero=0.93  cos=0.36  k=0.59
[085/100] 09_to_05  L1=0.810  L1/zero=0.97  cos=0.34  k=0.60
[086/100] 09_to_06  L1=0.673  L1/zero=1.03  cos=0.41  k=0.93
[087/100] 09_to_07  L1=0.420  L1/zero=1.19  cos=0.37  k=1.21
[088/100] 09_to_08  L1=0.207  L1/zero=1.40  cos=0.25  k=1.22
[089/100] 09_to_09  L1=0.004  L1/zero=409807.82  cos=nan  k=nan
[090/100] 09_to_10  L1=0.198  L1/zero=1.30  cos=0.23  k=1.06
[091/100] 10_to_01  L1=0.199  L1/zero=1.13  cos=-0.13  k=0.37
[092/100] 10_to_02  L1=0.510  L1/zero=1.03  cos=0.04  k=0.30
[093/100] 10_to_03  L1=0.613  L1/zero=1.00  cos=0.22  k=0.63
[094/100] 10_to_04  L1=0.644  L1/zero=0.94  cos=0.39  k=0.80
[095/100] 10_to_05  L1=0.784  L1/zero=1.00  cos=0.33  k=0.81
[096/100] 10_to_06  L1=0.825  L1/zero=1.07  cos=0.33  k=0.89
[097/100] 10_to_07  L1=0.592  L1/zero=1.08  cos=0.28  k=0.79
[098/100] 10_to_08  L1=0.405  L1/zero=1.14  cos=0.22  k=0.78
[099/100] 10_to_09  L1=0.192  L1/zero=1.24  cos=0.17  k=0.87
[100/100] 10_to_10  L1=0.005  L1/zero=471650.34  cos=nan  k=nan

[encoder] Directed mean: L1=0.509  L1/zero=0.99  cos=0.35  k=0.63  beat_zero=67%
wrote /home/abhishek/Voxel_GAN/PopulationStudy/ClinicalExperiments/Experiment2/EncoderCRB/plots/qc_varian/P1/CV_P1_V_01 (100 pngs)
[2026-08-26 10:26:06] QC varian encoder CV_P2_V_01
[ckpt] cond_dim=2 phase=linear
[encoder] scan=CV_P2_V_01 pairs=100 panels=100 ckpt=crb_enc_mse_cyclic_full_spare_generator.pth out=/home/abhishek/Voxel_GAN/PopulationStudy/ClinicalExperiments/Experiment2/EncoderCRB/plots/qc_varian/P2/CV_P2_V_01
[001/100] 01_to_01  L1=0.002  L1/zero=245972.65  cos=nan  k=nan
[002/100] 01_to_02  L1=0.304  L1/zero=0.91  cos=0.44  k=0.28
[003/100] 01_to_03  L1=0.675  L1/zero=0.89  cos=0.52  k=0.37
[004/100] 01_to_04  L1=0.876  L1/zero=0.89  cos=0.55  k=0.45
[005/100] 01_to_05  L1=0.986  L1/zero=0.87  cos=0.56  k=0.47
[006/100] 01_to_06  L1=0.967  L1/zero=0.85  cos=0.58  k=0.48
[007/100] 01_to_07  L1=0.804  L1/zero=0.85  cos=0.61  k=0.54
[008/100] 01_to_08  L1=0.718  L1/zero=0.90  cos=0.56  k=0.57
[009/100] 01_to_09  L1=0.463  L1/zero=0.87  cos=0.60  k=0.51
[010/100] 01_to_10  L1=0.208  L1/zero=0.90  cos=0.54  k=0.56
[011/100] 02_to_01  L1=0.318  L1/zero=0.93  cos=0.50  k=0.18
[012/100] 02_to_02  L1=0.003  L1/zero=304085.67  cos=nan  k=nan
[013/100] 02_to_03  L1=0.286  L1/zero=0.87  cos=0.62  k=0.49
[014/100] 02_to_04  L1=0.589  L1/zero=0.86  cos=0.64  k=0.41
[015/100] 02_to_05  L1=0.743  L1/zero=0.85  cos=0.63  k=0.49
[016/100] 02_to_06  L1=0.819  L1/zero=0.83  cos=0.63  k=0.53
[017/100] 02_to_07  L1=0.742  L1/zero=0.81  cos=0.64  k=0.54
[018/100] 02_to_08  L1=0.597  L1/zero=0.79  cos=0.63  k=0.54
[019/100] 02_to_09  L1=0.419  L1/zero=0.84  cos=0.59  k=0.49
[020/100] 02_to_10  L1=0.371  L1/zero=0.95  cos=0.36  k=0.25
[021/100] 03_to_01  L1=0.687  L1/zero=0.89  cos=0.52  k=0.29
[022/100] 03_to_02  L1=0.300  L1/zero=0.88  cos=0.63  k=0.45
[023/100] 03_to_03  L1=0.004  L1/zero=429263.94  cos=nan  k=nan
[024/100] 03_to_04  L1=0.238  L1/zero=0.84  cos=0.68  k=0.48
[025/100] 03_to_05  L1=0.508  L1/zero=0.85  cos=0.60  k=0.49
[026/100] 03_to_06  L1=0.618  L1/zero=0.86  cos=0.56  k=0.55
[027/100] 03_to_07  L1=0.620  L1/zero=0.87  cos=0.55  k=0.56
[028/100] 03_to_08  L1=0.548  L1/zero=0.86  cos=0.54  k=0.48
[029/100] 03_to_09  L1=0.492  L1/zero=0.87  cos=0.47  k=0.35
[030/100] 03_to_10  L1=0.650  L1/zero=0.94  cos=0.32  k=0.32
[031/100] 04_to_01  L1=0.898  L1/zero=0.87  cos=0.56  k=0.37
[032/100] 04_to_02  L1=0.614  L1/zero=0.87  cos=0.61  k=0.39
[033/100] 04_to_03  L1=0.255  L1/zero=0.91  cos=0.57  k=0.35
[034/100] 04_to_04  L1=0.003  L1/zero=297253.93  cos=nan  k=nan
[035/100] 04_to_05  L1=0.182  L1/zero=0.84  cos=0.61  k=0.57
[036/100] 04_to_06  L1=0.352  L1/zero=0.83  cos=0.55  k=0.52
[037/100] 04_to_07  L1=0.449  L1/zero=0.88  cos=0.51  k=0.48
[038/100] 04_to_08  L1=0.519  L1/zero=0.92  cos=0.43  k=0.36
[039/100] 04_to_09  L1=0.598  L1/zero=0.88  cos=0.41  k=0.32
[040/100] 04_to_10  L1=0.777  L1/zero=0.88  cos=0.52  k=0.39
[041/100] 05_to_01  L1=1.052  L1/zero=0.86  cos=0.58  k=0.37
[042/100] 05_to_02  L1=0.799  L1/zero=0.87  cos=0.57  k=0.41
[043/100] 05_to_03  L1=0.519  L1/zero=0.88  cos=0.55  k=0.37
[044/100] 05_to_04  L1=0.195  L1/zero=0.86  cos=0.52  k=0.50
[045/100] 05_to_05  L1=0.002  L1/zero=218261.36  cos=nan  k=nan
[046/100] 05_to_06  L1=0.139  L1/zero=1.00  cos=0.40  k=0.76
[047/100] 05_to_07  L1=0.282  L1/zero=0.99  cos=0.27  k=0.54
[048/100] 05_to_08  L1=0.447  L1/zero=0.88  cos=0.46  k=0.31
[049/100] 05_to_09  L1=0.630  L1/zero=0.88  cos=0.49  k=0.42
[050/100] 05_to_10  L1=0.911  L1/zero=0.88  cos=0.53  k=0.41
[051/100] 06_to_01  L1=1.053  L1/zero=0.84  cos=0.60  k=0.42
[052/100] 06_to_02  L1=0.854  L1/zero=0.84  cos=0.58  k=0.46
[053/100] 06_to_03  L1=0.619  L1/zero=0.87  cos=0.52  k=0.46
[054/100] 06_to_04  L1=0.357  L1/zero=0.85  cos=0.52  k=0.52
[055/100] 06_to_05  L1=0.141  L1/zero=0.93  cos=0.39  k=0.56
[056/100] 06_to_06  L1=0.002  L1/zero=229953.53  cos=nan  k=nan
[057/100] 06_to_07  L1=0.159  L1/zero=0.95  cos=0.28  k=0.56
[058/100] 06_to_08  L1=0.311  L1/zero=0.87  cos=0.51  k=0.48
[059/100] 06_to_09  L1=0.551  L1/zero=0.88  cos=0.53  k=0.52
[060/100] 06_to_10  L1=0.905  L1/zero=0.87  cos=0.53  k=0.44
[061/100] 07_to_01  L1=0.899  L1/zero=0.83  cos=0.61  k=0.45
[062/100] 07_to_02  L1=0.807  L1/zero=0.80  cos=0.58  k=0.44
[063/100] 07_to_03  L1=0.607  L1/zero=0.82  cos=0.54  k=0.41
[064/100] 07_to_04  L1=0.436  L1/zero=0.86  cos=0.48  k=0.37
[065/100] 07_to_05  L1=0.282  L1/zero=0.93  cos=0.34  k=0.49
[066/100] 07_to_06  L1=0.178  L1/zero=0.96  cos=0.28  k=0.47
[067/100] 07_to_07  L1=0.003  L1/zero=326585.23  cos=nan  k=nan
[068/100] 07_to_08  L1=0.196  L1/zero=0.88  cos=0.55  k=0.61
[069/100] 07_to_09  L1=0.422  L1/zero=0.94  cos=0.55  k=0.65
[070/100] 07_to_10  L1=0.717  L1/zero=0.89  cos=0.56  k=0.53
[071/100] 08_to_01  L1=0.770  L1/zero=0.84  cos=0.59  k=0.46
[072/100] 08_to_02  L1=0.636  L1/zero=0.76  cos=0.62  k=0.49
[073/100] 08_to_03  L1=0.551  L1/zero=0.83  cos=0.55  k=0.44
[074/100] 08_to_04  L1=0.489  L1/zero=0.86  cos=0.51  k=0.32
[075/100] 08_to_05  L1=0.423  L1/zero=0.86  cos=0.47  k=0.33
[076/100] 08_to_06  L1=0.322  L1/zero=0.86  cos=0.48  k=0.49
[077/100] 08_to_07  L1=0.235  L1/zero=0.92  cos=0.41  k=0.54
[078/100] 08_to_08  L1=0.003  L1/zero=265528.49  cos=nan  k=nan
[079/100] 08_to_09  L1=0.288  L1/zero=0.95  cos=0.52  k=0.68
[080/100] 08_to_10  L1=0.589  L1/zero=0.91  cos=0.53  k=0.49
[081/100] 09_to_01  L1=0.482  L1/zero=0.86  cos=0.59  k=0.40
[082/100] 09_to_02  L1=0.438  L1/zero=0.86  cos=0.56  k=0.43
[083/100] 09_to_03  L1=0.556  L1/zero=0.93  cos=0.36  k=0.21
[084/100] 09_to_04  L1=0.577  L1/zero=0.89  cos=0.43  k=0.28
[085/100] 09_to_05  L1=0.627  L1/zero=0.89  cos=0.46  k=0.37
[086/100] 09_to_06  L1=0.543  L1/zero=0.88  cos=0.54  k=0.51
[087/100] 09_to_07  L1=0.407  L1/zero=0.92  cos=0.53  k=0.54
[088/100] 09_to_08  L1=0.243  L1/zero=0.91  cos=0.57  k=0.50
[089/100] 09_to_09  L1=0.002  L1/zero=230668.35  cos=nan  k=nan
[090/100] 09_to_10  L1=0.272  L1/zero=0.87  cos=0.60  k=0.47
[091/100] 10_to_01  L1=0.218  L1/zero=0.85  cos=0.55  k=0.42
[092/100] 10_to_02  L1=0.385  L1/zero=0.97  cos=0.25  k=0.28
[093/100] 10_to_03  L1=0.692  L1/zero=0.95  cos=0.25  k=0.26
[094/100] 10_to_04  L1=0.824  L1/zero=0.91  cos=0.45  k=0.33
[095/100] 10_to_05  L1=0.821  L1/zero=0.88  cos=0.54  k=0.42
[096/100] 10_to_06  L1=0.839  L1/zero=0.89  cos=0.50  k=0.47
[097/100] 10_to_07  L1=0.692  L1/zero=0.90  cos=0.55  k=0.53
[098/100] 10_to_08  L1=0.534  L1/zero=0.90  cos=0.58  k=0.52
[099/100] 10_to_09  L1=0.270  L1/zero=0.85  cos=0.63  k=0.46
[100/100] 10_to_10  L1=0.003  L1/zero=256728.01  cos=nan  k=nan

[encoder] Directed mean: L1=0.538  L1/zero=0.88  cos=0.52  k=0.45  beat_zero=100%
wrote /home/abhishek/Voxel_GAN/PopulationStudy/ClinicalExperiments/Experiment2/EncoderCRB/plots/qc_varian/P2/CV_P2_V_01 (100 pngs)
[2026-08-26 10:26:52] QC varian encoder CV_P3_V_01
[ckpt] cond_dim=2 phase=linear
[encoder] scan=CV_P3_V_01 pairs=100 panels=100 ckpt=crb_enc_mse_cyclic_full_spare_generator.pth out=/home/abhishek/Voxel_GAN/PopulationStudy/ClinicalExperiments/Experiment2/EncoderCRB/plots/qc_varian/P3/CV_P3_V_01
[001/100] 01_to_01  L1=0.005  L1/zero=451556.27  cos=nan  k=nan
[002/100] 01_to_02  L1=0.313  L1/zero=0.96  cos=0.42  k=0.39
[003/100] 01_to_03  L1=0.628  L1/zero=0.93  cos=0.55  k=0.60
[004/100] 01_to_04  L1=0.713  L1/zero=0.80  cos=0.65  k=0.67
[005/100] 01_to_05  L1=0.880  L1/zero=0.73  cos=0.72  k=0.59
[006/100] 01_to_06  L1=1.003  L1/zero=0.72  cos=0.72  k=0.55
[007/100] 01_to_07  L1=0.920  L1/zero=0.82  cos=0.59  k=0.52
[008/100] 01_to_08  L1=0.689  L1/zero=0.80  cos=0.64  k=0.51
[009/100] 01_to_09  L1=0.516  L1/zero=0.84  cos=0.66  k=0.36
[010/100] 01_to_10  L1=0.317  L1/zero=0.92  cos=0.51  k=0.22
[011/100] 02_to_01  L1=0.317  L1/zero=0.99  cos=0.33  k=0.27
[012/100] 02_to_02  L1=0.003  L1/zero=269967.81  cos=nan  k=nan
[013/100] 02_to_03  L1=0.270  L1/zero=0.80  cos=0.70  k=0.74
[014/100] 02_to_04  L1=0.504  L1/zero=0.79  cos=0.67  k=0.73
[015/100] 02_to_05  L1=0.707  L1/zero=0.73  cos=0.70  k=0.61
[016/100] 02_to_06  L1=0.843  L1/zero=0.72  cos=0.70  k=0.61
[017/100] 02_to_07  L1=0.830  L1/zero=0.84  cos=0.55  k=0.60
[018/100] 02_to_08  L1=0.660  L1/zero=0.86  cos=0.54  k=0.58
[019/100] 02_to_09  L1=0.596  L1/zero=0.95  cos=0.37  k=0.45
[020/100] 02_to_10  L1=0.437  L1/zero=1.09  cos=-0.03  k=0.46
[021/100] 03_to_01  L1=0.615  L1/zero=0.95  cos=0.51  k=0.52
[022/100] 03_to_02  L1=0.285  L1/zero=0.84  cos=0.67  k=0.67
[023/100] 03_to_03  L1=0.004  L1/zero=380732.33  cos=nan  k=nan
[024/100] 03_to_04  L1=0.246  L1/zero=0.82  cos=0.62  k=0.66
[025/100] 03_to_05  L1=0.504  L1/zero=0.80  cos=0.64  k=0.55
[026/100] 03_to_06  L1=0.675  L1/zero=0.79  cos=0.65  k=0.57
[027/100] 03_to_07  L1=0.670  L1/zero=0.92  cos=0.49  k=0.58
[028/100] 03_to_08  L1=0.625  L1/zero=0.98  cos=0.38  k=0.58
[029/100] 03_to_09  L1=0.574  L1/zero=1.11  cos=0.14  k=0.77
[030/100] 03_to_10  L1=0.596  L1/zero=1.14  cos=0.20  k=0.82
[031/100] 04_to_01  L1=0.669  L1/zero=0.81  cos=0.66  k=0.68
[032/100] 04_to_02  L1=0.460  L1/zero=0.80  cos=0.71  k=0.71
[033/100] 04_to_03  L1=0.232  L1/zero=0.83  cos=0.63  k=0.58
[034/100] 04_to_04  L1=0.003  L1/zero=336809.71  cos=nan  k=nan
[035/100] 04_to_05  L1=0.268  L1/zero=0.77  cos=0.72  k=0.46
[036/100] 04_to_06  L1=0.505  L1/zero=0.81  cos=0.64  k=0.45
[037/100] 04_to_07  L1=0.542  L1/zero=0.93  cos=0.42  k=0.48
[038/100] 04_to_08  L1=0.562  L1/zero=1.03  cos=0.33  k=0.66
[039/100] 04_to_09  L1=0.609  L1/zero=1.20  cos=0.28  k=1.02
[040/100] 04_to_10  L1=0.573  L1/zero=0.97  cos=0.51  k=0.94
[041/100] 05_to_01  L1=0.774  L1/zero=0.72  cos=0.76  k=0.62
[042/100] 05_to_02  L1=0.658  L1/zero=0.74  cos=0.72  k=0.61
[043/100] 05_to_03  L1=0.484  L1/zero=0.81  cos=0.66  k=0.52
[044/100] 05_to_04  L1=0.275  L1/zero=0.82  cos=0.70  k=0.40
[045/100] 05_to_05  L1=0.002  L1/zero=232680.00  cos=nan  k=nan
[046/100] 05_to_06  L1=0.208  L1/zero=0.79  cos=0.60  k=0.53
[047/100] 05_to_07  L1=0.375  L1/zero=0.94  cos=0.33  k=0.47
[048/100] 05_to_08  L1=0.494  L1/zero=0.86  cos=0.53  k=0.65
[049/100] 05_to_09  L1=0.601  L1/zero=0.87  cos=0.60  k=0.93
[050/100] 05_to_10  L1=0.668  L1/zero=0.76  cos=0.68  k=0.79
[051/100] 06_to_01  L1=0.947  L1/zero=0.73  cos=0.74  k=0.57
[052/100] 06_to_02  L1=0.771  L1/zero=0.72  cos=0.72  k=0.62
[053/100] 06_to_03  L1=0.626  L1/zero=0.77  cos=0.66  k=0.56
[054/100] 06_to_04  L1=0.486  L1/zero=0.79  cos=0.66  k=0.43
[055/100] 06_to_05  L1=0.217  L1/zero=0.82  cos=0.61  k=0.43
[056/100] 06_to_06  L1=0.003  L1/zero=291292.16  cos=nan  k=nan
[057/100] 06_to_07  L1=0.295  L1/zero=0.88  cos=0.46  k=0.31
[058/100] 06_to_08  L1=0.448  L1/zero=0.76  cos=0.66  k=0.46
[059/100] 06_to_09  L1=0.539  L1/zero=0.73  cos=0.72  k=0.72
[060/100] 06_to_10  L1=0.707  L1/zero=0.74  cos=0.71  k=0.71
[061/100] 07_to_01  L1=0.819  L1/zero=0.80  cos=0.60  k=0.57
[062/100] 07_to_02  L1=0.770  L1/zero=0.84  cos=0.53  k=0.57
[063/100] 07_to_03  L1=0.643  L1/zero=0.89  cos=0.49  k=0.53
[064/100] 07_to_04  L1=0.510  L1/zero=0.90  cos=0.41  k=0.45
[065/100] 07_to_05  L1=0.396  L1/zero=0.96  cos=0.28  k=0.40
[066/100] 07_to_06  L1=0.327  L1/zero=0.92  cos=0.41  k=0.21
[067/100] 07_to_07  L1=0.006  L1/zero=551592.37  cos=nan  k=nan
[068/100] 07_to_08  L1=0.265  L1/zero=0.83  cos=0.59  k=0.51
[069/100] 07_to_09  L1=0.401  L1/zero=0.88  cos=0.65  k=1.00
[070/100] 07_to_10  L1=0.532  L1/zero=0.81  cos=0.68  k=0.81
[071/100] 08_to_01  L1=0.645  L1/zero=0.81  cos=0.56  k=0.42
[072/100] 08_to_02  L1=0.542  L1/zero=0.80  cos=0.57  k=0.45
[073/100] 08_to_03  L1=0.528  L1/zero=0.93  cos=0.33  k=0.52
[074/100] 08_to_04  L1=0.563  L1/zero=1.03  cos=0.20  k=0.53
[075/100] 08_to_05  L1=0.539  L1/zero=0.86  cos=0.47  k=0.42
[076/100] 08_to_06  L1=0.517  L1/zero=0.82  cos=0.56  k=0.44
[077/100] 08_to_07  L1=0.329  L1/zero=0.91  cos=0.46  k=0.30
[078/100] 08_to_08  L1=0.005  L1/zero=454781.62  cos=nan  k=nan
[079/100] 08_to_09  L1=0.280  L1/zero=0.91  cos=0.44  k=0.59
[080/100] 08_to_10  L1=0.436  L1/zero=0.91  cos=0.53  k=0.69
[081/100] 09_to_01  L1=0.490  L1/zero=0.84  cos=0.65  k=0.37
[082/100] 09_to_02  L1=0.534  L1/zero=0.94  cos=0.31  k=0.44
[083/100] 09_to_03  L1=0.576  L1/zero=1.12  cos=0.04  k=0.72
[084/100] 09_to_04  L1=0.588  L1/zero=1.16  cos=0.26  k=1.00
[085/100] 09_to_05  L1=0.597  L1/zero=0.84  cos=0.59  k=0.83
[086/100] 09_to_06  L1=0.573  L1/zero=0.75  cos=0.71  k=0.82
[087/100] 09_to_07  L1=0.397  L1/zero=0.88  cos=0.64  k=0.92
[088/100] 09_to_08  L1=0.240  L1/zero=0.93  cos=0.48  k=0.67
[089/100] 09_to_09  L1=0.007  L1/zero=692961.50  cos=nan  k=nan
[090/100] 09_to_10  L1=0.264  L1/zero=0.94  cos=0.44  k=0.48
[091/100] 10_to_01  L1=0.351  L1/zero=0.96  cos=0.45  k=0.16
[092/100] 10_to_02  L1=0.444  L1/zero=1.09  cos=-0.15  k=0.46
[093/100] 10_to_03  L1=0.544  L1/zero=1.06  cos=0.28  k=0.81
[094/100] 10_to_04  L1=0.570  L1/zero=0.96  cos=0.48  k=0.96
[095/100] 10_to_05  L1=0.700  L1/zero=0.75  cos=0.68  k=0.69
[096/100] 10_to_06  L1=0.729  L1/zero=0.71  cos=0.73  k=0.69
[097/100] 10_to_07  L1=0.568  L1/zero=0.83  cos=0.65  k=0.62
[098/100] 10_to_08  L1=0.444  L1/zero=0.91  cos=0.53  k=0.52
[099/100] 10_to_09  L1=0.297  L1/zero=0.98  cos=0.28  k=0.27
[100/100] 10_to_10  L1=0.006  L1/zero=580123.53  cos=nan  k=nan

[encoder] Directed mean: L1=0.532  L1/zero=0.87  cos=0.53  k=0.58  beat_zero=89%
wrote /home/abhishek/Voxel_GAN/PopulationStudy/ClinicalExperiments/Experiment2/EncoderCRB/plots/qc_varian/P3/CV_P3_V_01 (100 pngs)
[2026-08-26 10:27:38] QC varian encoder CV_P4_V_01
[ckpt] cond_dim=2 phase=linear
[encoder] scan=CV_P4_V_01 pairs=100 panels=100 ckpt=crb_enc_mse_cyclic_full_spare_generator.pth out=/home/abhishek/Voxel_GAN/PopulationStudy/ClinicalExperiments/Experiment2/EncoderCRB/plots/qc_varian/P4/CV_P4_V_01
[001/100] 01_to_01  L1=0.005  L1/zero=547563.28  cos=nan  k=nan
[002/100] 01_to_02  L1=0.266  L1/zero=0.78  cos=0.68  k=0.57
[003/100] 01_to_03  L1=0.654  L1/zero=0.75  cos=0.73  k=0.64
[004/100] 01_to_04  L1=1.113  L1/zero=0.75  cos=0.70  k=0.55
[005/100] 01_to_05  L1=1.272  L1/zero=0.72  cos=0.75  k=0.56
[006/100] 01_to_06  L1=1.248  L1/zero=0.70  cos=0.77  k=0.58
[007/100] 01_to_07  L1=1.111  L1/zero=0.71  cos=0.74  k=0.53
[008/100] 01_to_08  L1=0.892  L1/zero=0.70  cos=0.75  k=0.45
[009/100] 01_to_09  L1=0.601  L1/zero=0.73  cos=0.73  k=0.36
[010/100] 01_to_10  L1=0.288  L1/zero=0.80  cos=0.70  k=0.29
[011/100] 02_to_01  L1=0.271  L1/zero=0.80  cos=0.67  k=0.50
[012/100] 02_to_02  L1=0.007  L1/zero=738678.83  cos=nan  k=nan
[013/100] 02_to_03  L1=0.350  L1/zero=0.77  cos=0.74  k=0.65
[014/100] 02_to_04  L1=0.761  L1/zero=0.79  cos=0.68  k=0.53
[015/100] 02_to_05  L1=1.147  L1/zero=0.74  cos=0.71  k=0.49
[016/100] 02_to_06  L1=1.110  L1/zero=0.69  cos=0.76  k=0.55
[017/100] 02_to_07  L1=1.112  L1/zero=0.73  cos=0.69  k=0.50
[018/100] 02_to_08  L1=0.921  L1/zero=0.73  cos=0.68  k=0.42
[019/100] 02_to_09  L1=0.684  L1/zero=0.79  cos=0.55  k=0.42
[020/100] 02_to_10  L1=0.403  L1/zero=0.86  cos=0.47  k=0.54
[021/100] 03_to_01  L1=0.630  L1/zero=0.75  cos=0.74  k=0.61
[022/100] 03_to_02  L1=0.339  L1/zero=0.75  cos=0.76  k=0.59
[023/100] 03_to_03  L1=0.008  L1/zero=767703.03  cos=nan  k=nan
[024/100] 03_to_04  L1=0.341  L1/zero=0.79  cos=0.73  k=0.53
[025/100] 03_to_05  L1=0.720  L1/zero=0.79  cos=0.67  k=0.46
[026/100] 03_to_06  L1=0.798  L1/zero=0.70  cos=0.71  k=0.52
[027/100] 03_to_07  L1=0.832  L1/zero=0.74  cos=0.64  k=0.45
[028/100] 03_to_08  L1=0.759  L1/zero=0.81  cos=0.57  k=0.44
[029/100] 03_to_09  L1=0.715  L1/zero=0.87  cos=0.51  k=0.55
[030/100] 03_to_10  L1=0.694  L1/zero=0.80  cos=0.60  k=0.64
[031/100] 04_to_01  L1=1.050  L1/zero=0.74  cos=0.75  k=0.54
[032/100] 04_to_02  L1=0.728  L1/zero=0.79  cos=0.70  k=0.52
[033/100] 04_to_03  L1=0.344  L1/zero=0.83  cos=0.69  k=0.42
[034/100] 04_to_04  L1=0.007  L1/zero=683463.64  cos=nan  k=nan
[035/100] 04_to_05  L1=0.292  L1/zero=0.82  cos=0.66  k=0.50
[036/100] 04_to_06  L1=0.512  L1/zero=0.87  cos=0.52  k=0.56
[037/100] 04_to_07  L1=0.473  L1/zero=0.90  cos=0.44  k=0.59
[038/100] 04_to_08  L1=0.567  L1/zero=0.92  cos=0.43  k=0.67
[039/100] 04_to_09  L1=0.666  L1/zero=0.78  cos=0.61  k=0.77
[040/100] 04_to_10  L1=0.897  L1/zero=0.74  cos=0.71  k=0.59
[041/100] 05_to_01  L1=1.194  L1/zero=0.71  cos=0.79  k=0.55
[042/100] 05_to_02  L1=1.114  L1/zero=0.74  cos=0.74  k=0.45
[043/100] 05_to_03  L1=0.739  L1/zero=0.83  cos=0.63  k=0.40
[044/100] 05_to_04  L1=0.307  L1/zero=0.85  cos=0.62  k=0.43
[045/100] 05_to_05  L1=0.006  L1/zero=648320.47  cos=nan  k=nan
[046/100] 05_to_06  L1=0.202  L1/zero=1.00  cos=0.27  k=0.64
[047/100] 05_to_07  L1=0.441  L1/zero=1.13  cos=0.05  k=0.55
[048/100] 05_to_08  L1=0.597  L1/zero=0.85  cos=0.60  k=0.72
[049/100] 05_to_09  L1=0.726  L1/zero=0.70  cos=0.78  k=0.80
[050/100] 05_to_10  L1=0.942  L1/zero=0.68  cos=0.81  k=0.65
[051/100] 06_to_01  L1=1.176  L1/zero=0.69  cos=0.81  k=0.53
[052/100] 06_to_02  L1=1.124  L1/zero=0.70  cos=0.78  k=0.48
[053/100] 06_to_03  L1=0.795  L1/zero=0.72  cos=0.71  k=0.45
[054/100] 06_to_04  L1=0.516  L1/zero=0.90  cos=0.46  k=0.51
[055/100] 06_to_05  L1=0.206  L1/zero=1.02  cos=0.17  k=0.57
[056/100] 06_to_06  L1=0.011  L1/zero=1084132.12  cos=nan  k=nan
[057/100] 06_to_07  L1=0.286  L1/zero=0.98  cos=0.40  k=0.38
[058/100] 06_to_08  L1=0.507  L1/zero=0.79  cos=0.71  k=0.80
[059/100] 06_to_09  L1=0.696  L1/zero=0.70  cos=0.80  k=0.86
[060/100] 06_to_10  L1=0.908  L1/zero=0.65  cos=0.84  k=0.71
[061/100] 07_to_01  L1=1.144  L1/zero=0.72  cos=0.78  k=0.42
[062/100] 07_to_02  L1=1.167  L1/zero=0.76  cos=0.71  k=0.37
[063/100] 07_to_03  L1=0.808  L1/zero=0.78  cos=0.61  k=0.38
[064/100] 07_to_04  L1=0.440  L1/zero=0.87  cos=0.46  k=0.50
[065/100] 07_to_05  L1=0.424  L1/zero=1.05  cos=0.07  k=0.42
[066/100] 07_to_06  L1=0.307  L1/zero=0.98  cos=0.33  k=0.24
[067/100] 07_to_07  L1=0.014  L1/zero=1367902.85  cos=nan  k=nan
[068/100] 07_to_08  L1=0.302  L1/zero=0.81  cos=0.66  k=0.52
[069/100] 07_to_09  L1=0.487  L1/zero=0.70  cos=0.77  k=0.70
[070/100] 07_to_10  L1=0.807  L1/zero=0.70  cos=0.79  k=0.50
[071/100] 08_to_01  L1=0.883  L1/zero=0.71  cos=0.77  k=0.42
[072/100] 08_to_02  L1=0.966  L1/zero=0.78  cos=0.63  k=0.37
[073/100] 08_to_03  L1=0.730  L1/zero=0.83  cos=0.51  k=0.44
[074/100] 08_to_04  L1=0.571  L1/zero=0.86  cos=0.47  k=0.63
[075/100] 08_to_05  L1=0.604  L1/zero=0.78  cos=0.65  k=0.61
[076/100] 08_to_06  L1=0.539  L1/zero=0.77  cos=0.70  k=0.67
[077/100] 08_to_07  L1=0.337  L1/zero=0.79  cos=0.68  k=0.46
[078/100] 08_to_08  L1=0.006  L1/zero=588834.38  cos=nan  k=nan
[079/100] 08_to_09  L1=0.296  L1/zero=0.70  cos=0.78  k=0.61
[080/100] 08_to_10  L1=0.564  L1/zero=0.68  cos=0.79  k=0.53
[081/100] 09_to_01  L1=0.567  L1/zero=0.71  cos=0.75  k=0.39
[082/100] 09_to_02  L1=0.723  L1/zero=0.83  cos=0.51  k=0.38
[083/100] 09_to_03  L1=0.736  L1/zero=0.88  cos=0.47  k=0.51
[084/100] 09_to_04  L1=0.659  L1/zero=0.76  cos=0.63  k=0.70
[085/100] 09_to_05  L1=0.763  L1/zero=0.70  cos=0.76  k=0.71
[086/100] 09_to_06  L1=0.737  L1/zero=0.70  cos=0.77  k=0.76
[087/100] 09_to_07  L1=0.495  L1/zero=0.70  cos=0.76  k=0.71
[088/100] 09_to_08  L1=0.275  L1/zero=0.69  cos=0.80  k=0.55
[089/100] 09_to_09  L1=0.007  L1/zero=694707.32  cos=nan  k=nan
[090/100] 09_to_10  L1=0.287  L1/zero=0.72  cos=0.77  k=0.45
[091/100] 10_to_01  L1=0.306  L1/zero=0.83  cos=0.67  k=0.27
[092/100] 10_to_02  L1=0.424  L1/zero=0.88  cos=0.42  k=0.58
[093/100] 10_to_03  L1=0.646  L1/zero=0.76  cos=0.65  k=0.68
[094/100] 10_to_04  L1=0.947  L1/zero=0.75  cos=0.67  k=0.60
[095/100] 10_to_05  L1=0.995  L1/zero=0.70  cos=0.77  k=0.65
[096/100] 10_to_06  L1=1.000  L1/zero=0.69  cos=0.79  k=0.67
[097/100] 10_to_07  L1=0.786  L1/zero=0.69  cos=0.77  k=0.60
[098/100] 10_to_08  L1=0.579  L1/zero=0.67  cos=0.77  k=0.52
[099/100] 10_to_09  L1=0.273  L1/zero=0.65  cos=0.82  k=0.49
[100/100] 10_to_10  L1=0.004  L1/zero=410659.29  cos=nan  k=nan

[encoder] Directed mean: L1=0.673  L1/zero=0.78  cos=0.65  k=0.54  beat_zero=96%
wrote /home/abhishek/Voxel_GAN/PopulationStudy/ClinicalExperiments/Experiment2/EncoderCRB/plots/qc_varian/P4/CV_P4_V_01 (100 pngs)
[2026-08-26 10:28:25] QC varian encoder CV_P5_V_01
[ckpt] cond_dim=2 phase=linear
[encoder] scan=CV_P5_V_01 pairs=100 panels=100 ckpt=crb_enc_mse_cyclic_full_spare_generator.pth out=/home/abhishek/Voxel_GAN/PopulationStudy/ClinicalExperiments/Experiment2/EncoderCRB/plots/qc_varian/P5/CV_P5_V_01
[001/100] 01_to_01  L1=0.004  L1/zero=411676.76  cos=nan  k=nan
[002/100] 01_to_02  L1=0.248  L1/zero=0.88  cos=0.52  k=0.35
[003/100] 01_to_03  L1=0.570  L1/zero=0.86  cos=0.63  k=0.41
[004/100] 01_to_04  L1=0.925  L1/zero=0.85  cos=0.64  k=0.36
[005/100] 01_to_05  L1=1.325  L1/zero=0.84  cos=0.67  k=0.32
[006/100] 01_to_06  L1=1.446  L1/zero=0.84  cos=0.66  k=0.32
[007/100] 01_to_07  L1=1.327  L1/zero=0.88  cos=0.58  k=0.25
[008/100] 01_to_08  L1=1.071  L1/zero=0.90  cos=0.52  k=0.23
[009/100] 01_to_09  L1=0.661  L1/zero=0.93  cos=0.44  k=0.21
[010/100] 01_to_10  L1=0.287  L1/zero=1.00  cos=0.09  k=0.17
[011/100] 02_to_01  L1=0.265  L1/zero=0.93  cos=0.46  k=0.21
[012/100] 02_to_02  L1=0.004  L1/zero=415132.19  cos=nan  k=nan
[013/100] 02_to_03  L1=0.350  L1/zero=0.84  cos=0.61  k=0.45
[014/100] 02_to_04  L1=0.786  L1/zero=0.84  cos=0.64  k=0.35
[015/100] 02_to_05  L1=1.269  L1/zero=0.89  cos=0.58  k=0.23
[016/100] 02_to_06  L1=1.471  L1/zero=0.89  cos=0.56  k=0.23
[017/100] 02_to_07  L1=1.390  L1/zero=0.94  cos=0.49  k=0.16
[018/100] 02_to_08  L1=1.118  L1/zero=0.95  cos=0.41  k=0.15
[019/100] 02_to_09  L1=0.746  L1/zero=0.93  cos=0.47  k=0.20
[020/100] 02_to_10  L1=0.455  L1/zero=0.95  cos=0.32  k=0.20
[021/100] 03_to_01  L1=0.604  L1/zero=0.90  cos=0.52  k=0.26
[022/100] 03_to_02  L1=0.383  L1/zero=0.93  cos=0.40  k=0.38
[023/100] 03_to_03  L1=0.004  L1/zero=367084.31  cos=nan  k=nan
[024/100] 03_to_04  L1=0.437  L1/zero=0.91  cos=0.40  k=0.33
[025/100] 03_to_05  L1=0.935  L1/zero=0.90  cos=0.45  k=0.22
[026/100] 03_to_06  L1=1.152  L1/zero=0.91  cos=0.42  k=0.25
[027/100] 03_to_07  L1=1.123  L1/zero=0.97  cos=0.25  k=0.13
[028/100] 03_to_08  L1=0.771  L1/zero=0.92  cos=0.53  k=0.19
[029/100] 03_to_09  L1=0.666  L1/zero=0.91  cos=0.50  k=0.23
[030/100] 03_to_10  L1=0.640  L1/zero=0.91  cos=0.40  k=0.36
[031/100] 04_to_01  L1=0.950  L1/zero=0.84  cos=0.67  k=0.41
[032/100] 04_to_02  L1=0.799  L1/zero=0.86  cos=0.61  k=0.30
[033/100] 04_to_03  L1=0.406  L1/zero=0.89  cos=0.55  k=0.30
[034/100] 04_to_04  L1=0.003  L1/zero=347709.98  cos=nan  k=nan
[035/100] 04_to_05  L1=0.342  L1/zero=0.85  cos=0.62  k=0.30
[036/100] 04_to_06  L1=0.588  L1/zero=0.89  cos=0.50  k=0.25
[037/100] 04_to_07  L1=0.629  L1/zero=0.96  cos=0.31  k=0.21
[038/100] 04_to_08  L1=0.637  L1/zero=0.97  cos=0.30  k=0.23
[039/100] 04_to_09  L1=0.685  L1/zero=0.92  cos=0.49  k=0.40
[040/100] 04_to_10  L1=0.833  L1/zero=0.87  cos=0.62  k=0.33
[041/100] 05_to_01  L1=1.344  L1/zero=0.87  cos=0.58  k=0.27
[042/100] 05_to_02  L1=1.196  L1/zero=0.88  cos=0.59  k=0.22
[043/100] 05_to_03  L1=0.861  L1/zero=0.91  cos=0.50  k=0.19
[044/100] 05_to_04  L1=0.360  L1/zero=0.94  cos=0.42  k=0.17
[045/100] 05_to_05  L1=0.002  L1/zero=225993.08  cos=nan  k=nan
[046/100] 05_to_06  L1=0.227  L1/zero=0.97  cos=0.27  k=0.26
[047/100] 05_to_07  L1=0.397  L1/zero=0.99  cos=0.08  k=0.16
[048/100] 05_to_08  L1=0.653  L1/zero=0.98  cos=0.26  k=0.17
[049/100] 05_to_09  L1=0.898  L1/zero=0.90  cos=0.55  k=0.25
[050/100] 05_to_10  L1=1.169  L1/zero=0.87  cos=0.58  k=0.29
[051/100] 06_to_01  L1=1.414  L1/zero=0.85  cos=0.68  k=0.29
[052/100] 06_to_02  L1=1.387  L1/zero=0.87  cos=0.63  k=0.25
[053/100] 06_to_03  L1=1.016  L1/zero=0.87  cos=0.61  k=0.23
[054/100] 06_to_04  L1=0.544  L1/zero=0.89  cos=0.51  k=0.25
[055/100] 06_to_05  L1=0.248  L1/zero=0.94  cos=0.33  k=0.28
[056/100] 06_to_06  L1=0.003  L1/zero=303135.56  cos=nan  k=nan
[057/100] 06_to_07  L1=0.330  L1/zero=0.98  cos=0.19  k=0.12
[058/100] 06_to_08  L1=0.596  L1/zero=0.90  cos=0.51  k=0.32
[059/100] 06_to_09  L1=0.906  L1/zero=0.86  cos=0.65  k=0.35
[060/100] 06_to_10  L1=1.232  L1/zero=0.87  cos=0.64  k=0.29
[061/100] 07_to_01  L1=1.391  L1/zero=0.95  cos=0.39  k=0.16
[062/100] 07_to_02  L1=1.385  L1/zero=0.94  cos=0.49  k=0.11
[063/100] 07_to_03  L1=1.012  L1/zero=0.96  cos=0.40  k=0.10
[064/100] 07_to_04  L1=0.564  L1/zero=0.93  cos=0.40  k=0.18
[065/100] 07_to_05  L1=0.392  L1/zero=0.97  cos=0.17  k=0.15
[066/100] 07_to_06  L1=0.335  L1/zero=1.00  cos=0.03  k=0.12
[067/100] 07_to_07  L1=0.015  L1/zero=1510995.63  cos=nan  k=nan
[068/100] 07_to_08  L1=0.392  L1/zero=0.98  cos=0.10  k=0.15
[069/100] 07_to_09  L1=0.730  L1/zero=0.93  cos=0.40  k=0.24
[070/100] 07_to_10  L1=1.087  L1/zero=0.91  cos=0.46  k=0.23
[071/100] 08_to_01  L1=1.114  L1/zero=0.93  cos=0.36  k=0.13
[072/100] 08_to_02  L1=1.038  L1/zero=0.93  cos=0.49  k=0.13
[073/100] 08_to_03  L1=0.721  L1/zero=0.91  cos=0.53  k=0.17
[074/100] 08_to_04  L1=0.632  L1/zero=0.98  cos=0.23  k=0.15
[075/100] 08_to_05  L1=0.711  L1/zero=0.98  cos=0.22  k=0.12
[076/100] 08_to_06  L1=0.664  L1/zero=0.96  cos=0.32  k=0.12
[077/100] 08_to_07  L1=0.403  L1/zero=0.97  cos=0.13  k=0.14
[078/100] 08_to_08  L1=0.019  L1/zero=1866827.91  cos=nan  k=nan
[079/100] 08_to_09  L1=0.380  L1/zero=0.94  cos=0.21  k=0.19
[080/100] 08_to_10  L1=0.743  L1/zero=0.93  cos=0.28  k=0.19
[081/100] 09_to_01  L1=0.645  L1/zero=0.95  cos=0.38  k=0.18
[082/100] 09_to_02  L1=0.753  L1/zero=1.03  cos=-0.12  k=0.15
[083/100] 09_to_03  L1=0.649  L1/zero=0.95  cos=0.38  k=0.17
[084/100] 09_to_04  L1=0.736  L1/zero=0.93  cos=0.42  k=0.23
[085/100] 09_to_05  L1=0.933  L1/zero=0.88  cos=0.58  k=0.26
[086/100] 09_to_06  L1=0.954  L1/zero=0.86  cos=0.60  k=0.32
[087/100] 09_to_07  L1=0.739  L1/zero=0.91  cos=0.47  k=0.22
[088/100] 09_to_08  L1=0.375  L1/zero=0.93  cos=0.39  k=0.22
[089/100] 09_to_09  L1=0.003  L1/zero=341698.18  cos=nan  k=nan
[090/100] 09_to_10  L1=0.326  L1/zero=0.90  cos=0.48  k=0.32
[091/100] 10_to_01  L1=0.309  L1/zero=1.03  cos=-0.17  k=0.16
[092/100] 10_to_02  L1=0.438  L1/zero=0.98  cos=0.15  k=0.23
[093/100] 10_to_03  L1=0.584  L1/zero=0.89  cos=0.53  k=0.40
[094/100] 10_to_04  L1=0.836  L1/zero=0.88  cos=0.60  k=0.37
[095/100] 10_to_05  L1=1.149  L1/zero=0.85  cos=0.64  k=0.33
[096/100] 10_to_06  L1=1.225  L1/zero=0.83  cos=0.65  k=0.36
[097/100] 10_to_07  L1=1.063  L1/zero=0.88  cos=0.58  k=0.29
[098/100] 10_to_08  L1=0.735  L1/zero=0.90  cos=0.54  k=0.25
[099/100] 10_to_09  L1=0.325  L1/zero=0.86  cos=0.59  k=0.34
[100/100] 10_to_10  L1=0.004  L1/zero=408620.62  cos=nan  k=nan

[encoder] Directed mean: L1=0.773  L1/zero=0.91  cos=0.44  k=0.24  beat_zero=97%
wrote /home/abhishek/Voxel_GAN/PopulationStudy/ClinicalExperiments/Experiment2/EncoderCRB/plots/qc_varian/P5/CV_P5_V_01 (100 pngs)
[2026-08-26 10:29:10] QC elekta encoder CE_P1_V_01
[ckpt] cond_dim=2 phase=linear
[encoder|elekta] scan=CE_P1_V_01 pairs=100 panels=100 ckpt=crb_enc_mse_cyclic_full_spare_generator.pth out=/home/abhishek/Voxel_GAN/PopulationStudy/ClinicalExperiments/Experiment2/EncoderCRB/plots/qc_elekta/P1/CE_P1_V_01
[001/100] 01_to_01  L1=0.012  L1/zero=1239528.60  cos=nan  k=nan
[002/100] 01_to_02  L1=0.447  L1/zero=1.08  cos=0.01  k=0.38
[003/100] 01_to_03  L1=1.230  L1/zero=1.03  cos=0.01  k=0.21
[004/100] 01_to_04  L1=1.495  L1/zero=1.03  cos=0.05  k=0.22
[005/100] 01_to_05  L1=1.583  L1/zero=1.02  cos=-0.03  k=0.15
[006/100] 01_to_06  L1=1.534  L1/zero=1.02  cos=0.03  k=0.16
[007/100] 01_to_07  L1=1.368  L1/zero=1.03  cos=-0.11  k=0.09
[008/100] 01_to_08  L1=1.089  L1/zero=1.02  cos=-0.05  k=0.09
[009/100] 01_to_09  L1=0.735  L1/zero=1.02  cos=0.01  k=0.09
[010/100] 01_to_10  L1=0.366  L1/zero=1.03  cos=-0.11  k=0.12
[011/100] 02_to_01  L1=0.404  L1/zero=1.00  cos=0.31  k=0.59
[012/100] 02_to_02  L1=0.017  L1/zero=1714848.17  cos=nan  k=nan
[013/100] 02_to_03  L1=0.516  L1/zero=1.03  cos=-0.02  k=0.09
[014/100] 02_to_04  L1=0.820  L1/zero=1.03  cos=-0.03  k=0.12
[015/100] 02_to_05  L1=1.074  L1/zero=1.04  cos=-0.18  k=0.11
[016/100] 02_to_06  L1=1.143  L1/zero=1.04  cos=-0.12  k=0.13
[017/100] 02_to_07  L1=1.015  L1/zero=1.00  cos=0.15  k=0.09
[018/100] 02_to_08  L1=0.844  L1/zero=0.94  cos=0.50  k=0.11
[019/100] 02_to_09  L1=0.703  L1/zero=1.00  cos=0.10  k=0.07
[020/100] 02_to_10  L1=0.449  L1/zero=1.03  cos=-0.05  k=0.14
[021/100] 03_to_01  L1=1.150  L1/zero=0.97  cos=0.33  k=0.27
[022/100] 03_to_02  L1=0.493  L1/zero=0.98  cos=0.24  k=0.15
[023/100] 03_to_03  L1=0.019  L1/zero=1943818.48  cos=nan  k=nan
[024/100] 03_to_04  L1=0.297  L1/zero=1.01  cos=0.09  k=0.14
[025/100] 03_to_05  L1=0.522  L1/zero=0.99  cos=0.14  k=0.14
[026/100] 03_to_06  L1=0.619  L1/zero=0.97  cos=0.23  k=0.13
[027/100] 03_to_07  L1=0.671  L1/zero=0.95  cos=0.37  k=0.11
[028/100] 03_to_08  L1=0.812  L1/zero=1.05  cos=-0.16  k=0.11
[029/100] 03_to_09  L1=0.941  L1/zero=1.07  cos=-0.30  k=0.14
[030/100] 03_to_10  L1=1.166  L1/zero=1.09  cos=-0.37  k=0.16
[031/100] 04_to_01  L1=1.411  L1/zero=1.00  cos=0.26  k=0.31
[032/100] 04_to_02  L1=0.858  L1/zero=1.09  cos=-0.37  k=0.17
[033/100] 04_to_03  L1=0.289  L1/zero=1.01  cos=0.03  k=0.24
[034/100] 04_to_04  L1=0.036  L1/zero=3647360.58  cos=nan  k=nan
[035/100] 04_to_05  L1=0.256  L1/zero=1.02  cos=0.01  k=0.20
[036/100] 04_to_06  L1=0.381  L1/zero=0.99  cos=0.09  k=0.14
[037/100] 04_to_07  L1=0.538  L1/zero=1.04  cos=-0.09  k=0.14
[038/100] 04_to_08  L1=0.811  L1/zero=1.14  cos=-0.36  k=0.21
[039/100] 04_to_09  L1=1.073  L1/zero=1.14  cos=-0.38  k=0.23
[040/100] 04_to_10  L1=1.385  L1/zero=1.15  cos=-0.41  k=0.23
[041/100] 05_to_01  L1=1.521  L1/zero=1.03  cos=0.03  k=0.17
[042/100] 05_to_02  L1=1.177  L1/zero=1.12  cos=-0.40  k=0.22
[043/100] 05_to_03  L1=0.518  L1/zero=1.01  cos=0.04  k=0.29
[044/100] 05_to_04  L1=0.248  L1/zero=0.97  cos=0.27  k=0.49
[045/100] 05_to_05  L1=0.060  L1/zero=5951564.39  cos=nan  k=nan
[046/100] 05_to_06  L1=0.191  L1/zero=1.09  cos=-0.06  k=0.50
[047/100] 05_to_07  L1=0.432  L1/zero=1.18  cos=-0.29  k=0.34
[048/100] 05_to_08  L1=0.802  L1/zero=1.25  cos=-0.43  k=0.34
[049/100] 05_to_09  L1=1.120  L1/zero=1.21  cos=-0.44  k=0.30
[050/100] 05_to_10  L1=1.428  L1/zero=1.17  cos=-0.41  k=0.26
[051/100] 06_to_01  L1=1.647  L1/zero=1.14  cos=-0.49  k=0.21
[052/100] 06_to_02  L1=1.219  L1/zero=1.15  cos=-0.34  k=0.27
[053/100] 06_to_03  L1=0.632  L1/zero=1.02  cos=0.14  k=0.38
[054/100] 06_to_04  L1=0.370  L1/zero=0.95  cos=0.31  k=0.53
[055/100] 06_to_05  L1=0.181  L1/zero=1.00  cos=0.45  k=1.00
[056/100] 06_to_06  L1=0.101  L1/zero=10065105.56  cos=nan  k=nan
[057/100] 06_to_07  L1=0.366  L1/zero=1.31  cos=-0.34  k=0.54
[058/100] 06_to_08  L1=0.744  L1/zero=1.31  cos=-0.49  k=0.40
[059/100] 06_to_09  L1=1.108  L1/zero=1.28  cos=-0.51  k=0.36
[060/100] 06_to_10  L1=1.451  L1/zero=1.24  cos=-0.48  k=0.31
[061/100] 07_to_01  L1=1.417  L1/zero=1.13  cos=-0.38  k=0.22
[062/100] 07_to_02  L1=1.020  L1/zero=1.07  cos=-0.14  k=0.25
[063/100] 07_to_03  L1=0.642  L1/zero=0.91  cos=0.43  k=0.31
[064/100] 07_to_04  L1=0.431  L1/zero=0.83  cos=0.56  k=0.41
[065/100] 07_to_05  L1=0.321  L1/zero=0.88  cos=0.43  k=0.48
[066/100] 07_to_06  L1=0.267  L1/zero=0.97  cos=0.30  k=0.56
[067/100] 07_to_07  L1=0.099  L1/zero=9871206.43  cos=nan  k=nan
[068/100] 07_to_08  L1=0.408  L1/zero=1.42  cos=-0.42  k=0.60
[069/100] 07_to_09  L1=0.793  L1/zero=1.32  cos=-0.48  k=0.44
[070/100] 07_to_10  L1=1.180  L1/zero=1.25  cos=-0.49  k=0.33
[071/100] 08_to_01  L1=1.097  L1/zero=1.08  cos=-0.26  k=0.17
[072/100] 08_to_02  L1=0.853  L1/zero=0.96  cos=0.23  k=0.23
[073/100] 08_to_03  L1=0.689  L1/zero=0.88  cos=0.55  k=0.24
[074/100] 08_to_04  L1=0.669  L1/zero=0.92  cos=0.40  k=0.20
[075/100] 08_to_05  L1=0.650  L1/zero=1.02  cos=0.01  k=0.20
[076/100] 08_to_06  L1=0.620  L1/zero=1.09  cos=-0.23  k=0.23
[077/100] 08_to_07  L1=0.323  L1/zero=1.08  cos=0.02  k=0.46
[078/100] 08_to_08  L1=0.115  L1/zero=11517958.34  cos=nan  k=nan
[079/100] 08_to_09  L1=0.429  L1/zero=1.31  cos=-0.37  k=0.50
[080/100] 08_to_10  L1=0.823  L1/zero=1.21  cos=-0.40  k=0.31
[081/100] 09_to_01  L1=0.735  L1/zero=1.06  cos=-0.17  k=0.15
[082/100] 09_to_02  L1=0.671  L1/zero=0.98  cos=0.21  k=0.21
[083/100] 09_to_03  L1=0.855  L1/zero=0.97  cos=0.32  k=0.12
[084/100] 09_to_04  L1=0.975  L1/zero=1.02  cos=-0.12  k=0.12
[085/100] 09_to_05  L1=1.009  L1/zero=1.09  cos=-0.44  k=0.16
[086/100] 09_to_06  L1=0.978  L1/zero=1.14  cos=-0.52  k=0.20
[087/100] 09_to_07  L1=0.683  L1/zero=1.12  cos=-0.40  k=0.23
[088/100] 09_to_08  L1=0.341  L1/zero=1.10  cos=-0.04  k=0.32
[089/100] 09_to_09  L1=0.089  L1/zero=8926545.08  cos=nan  k=nan
[090/100] 09_to_10  L1=0.412  L1/zero=1.23  cos=-0.36  k=0.35
[091/100] 10_to_01  L1=0.374  L1/zero=1.06  cos=-0.15  k=0.20
[092/100] 10_to_02  L1=0.435  L1/zero=1.01  cos=-0.02  k=0.21
[093/100] 10_to_03  L1=1.113  L1/zero=1.03  cos=-0.25  k=0.09
[094/100] 10_to_04  L1=1.319  L1/zero=1.07  cos=-0.46  k=0.13
[095/100] 10_to_05  L1=1.381  L1/zero=1.09  cos=-0.48  k=0.16
[096/100] 10_to_06  L1=1.329  L1/zero=1.12  cos=-0.48  k=0.17
[097/100] 10_to_07  L1=1.058  L1/zero=1.10  cos=-0.39  k=0.17
[098/100] 10_to_08  L1=0.711  L1/zero=1.06  cos=-0.20  k=0.16
[099/100] 10_to_09  L1=0.355  L1/zero=1.01  cos=0.13  k=0.26
[100/100] 10_to_10  L1=0.065  L1/zero=6460773.20  cos=nan  k=nan

[encoder|elekta] Directed mean: L1=0.811  L1/zero=1.07  cos=-0.09  k=0.25  beat_zero=24%
wrote /home/abhishek/Voxel_GAN/PopulationStudy/ClinicalExperiments/Experiment2/EncoderCRB/plots/qc_elekta/P1/CE_P1_V_01 (100 pngs)
[2026-08-26 10:29:55] QC elekta encoder CE_P2_V_01
[ckpt] cond_dim=2 phase=linear
[encoder|elekta] scan=CE_P2_V_01 pairs=100 panels=100 ckpt=crb_enc_mse_cyclic_full_spare_generator.pth out=/home/abhishek/Voxel_GAN/PopulationStudy/ClinicalExperiments/Experiment2/EncoderCRB/plots/qc_elekta/P2/CE_P2_V_01
[001/100] 01_to_01  L1=0.024  L1/zero=2442233.08  cos=nan  k=nan
[002/100] 01_to_02  L1=0.379  L1/zero=0.99  cos=0.13  k=0.17
[003/100] 01_to_03  L1=1.232  L1/zero=1.00  cos=0.01  k=0.07
[004/100] 01_to_04  L1=1.641  L1/zero=1.00  cos=0.08  k=0.06
[005/100] 01_to_05  L1=1.805  L1/zero=1.00  cos=0.02  k=0.07
[006/100] 01_to_06  L1=1.768  L1/zero=1.00  cos=0.03  k=0.09
[007/100] 01_to_07  L1=1.343  L1/zero=1.00  cos=0.01  k=0.08
[008/100] 01_to_08  L1=0.772  L1/zero=1.01  cos=-0.10  k=0.10
[009/100] 01_to_09  L1=0.371  L1/zero=1.02  cos=-0.17  k=0.21
[010/100] 01_to_10  L1=0.236  L1/zero=1.02  cos=-0.02  k=0.29
[011/100] 02_to_01  L1=0.353  L1/zero=0.95  cos=0.33  k=0.43
[012/100] 02_to_02  L1=0.038  L1/zero=3838895.63  cos=nan  k=nan
[013/100] 02_to_03  L1=0.513  L1/zero=1.01  cos=-0.00  k=0.08
[014/100] 02_to_04  L1=1.113  L1/zero=1.01  cos=-0.03  k=0.08
[015/100] 02_to_05  L1=1.410  L1/zero=1.01  cos=-0.05  k=0.08
[016/100] 02_to_06  L1=1.363  L1/zero=1.01  cos=-0.02  k=0.09
[017/100] 02_to_07  L1=1.006  L1/zero=1.00  cos=-0.02  k=0.09
[018/100] 02_to_08  L1=0.606  L1/zero=1.00  cos=-0.02  k=0.10
[019/100] 02_to_09  L1=0.520  L1/zero=1.00  cos=0.12  k=0.10
[020/100] 02_to_10  L1=0.635  L1/zero=1.01  cos=-0.07  k=0.10
[021/100] 03_to_01  L1=1.138  L1/zero=0.97  cos=0.25  k=0.30
[022/100] 03_to_02  L1=0.471  L1/zero=0.98  cos=0.19  k=0.13
[023/100] 03_to_03  L1=0.026  L1/zero=2649034.00  cos=nan  k=nan
[024/100] 03_to_04  L1=0.365  L1/zero=1.02  cos=-0.09  k=0.11
[025/100] 03_to_05  L1=0.588  L1/zero=1.00  cos=0.11  k=0.10
[026/100] 03_to_06  L1=0.749  L1/zero=1.00  cos=0.05  k=0.09
[027/100] 03_to_07  L1=0.616  L1/zero=0.98  cos=0.21  k=0.12
[028/100] 03_to_08  L1=0.908  L1/zero=1.02  cos=-0.14  k=0.11
[029/100] 03_to_09  L1=1.184  L1/zero=1.02  cos=-0.12  k=0.12
[030/100] 03_to_10  L1=1.409  L1/zero=1.03  cos=-0.20  k=0.13
[031/100] 04_to_01  L1=1.455  L1/zero=0.94  cos=0.32  k=0.36
[032/100] 04_to_02  L1=1.078  L1/zero=1.06  cos=-0.29  k=0.14
[033/100] 04_to_03  L1=0.355  L1/zero=1.03  cos=-0.03  k=0.24
[034/100] 04_to_04  L1=0.061  L1/zero=6127559.39  cos=nan  k=nan
[035/100] 04_to_05  L1=0.268  L1/zero=1.08  cos=-0.28  k=0.25
[036/100] 04_to_06  L1=0.400  L1/zero=1.04  cos=-0.17  k=0.16
[037/100] 04_to_07  L1=0.637  L1/zero=1.04  cos=-0.16  k=0.16
[038/100] 04_to_08  L1=1.132  L1/zero=1.05  cos=-0.21  k=0.18
[039/100] 04_to_09  L1=1.511  L1/zero=1.05  cos=-0.18  k=0.18
[040/100] 04_to_10  L1=1.782  L1/zero=1.07  cos=-0.28  k=0.20
[041/100] 05_to_01  L1=1.711  L1/zero=1.01  cos=-0.11  k=0.09
[042/100] 05_to_02  L1=1.392  L1/zero=1.10  cos=-0.34  k=0.20
[043/100] 05_to_03  L1=0.595  L1/zero=1.05  cos=-0.03  k=0.30
[044/100] 05_to_04  L1=0.245  L1/zero=0.99  cos=0.29  k=0.69
[045/100] 05_to_05  L1=0.106  L1/zero=10597030.07  cos=nan  k=nan
[046/100] 05_to_06  L1=0.312  L1/zero=1.28  cos=-0.41  k=0.58
[047/100] 05_to_07  L1=0.674  L1/zero=1.12  cos=-0.24  k=0.29
[048/100] 05_to_08  L1=1.194  L1/zero=1.11  cos=-0.28  k=0.25
[049/100] 05_to_09  L1=1.662  L1/zero=1.09  cos=-0.25  k=0.22
[050/100] 05_to_10  L1=2.015  L1/zero=1.08  cos=-0.28  k=0.21
[051/100] 06_to_01  L1=1.853  L1/zero=1.09  cos=-0.33  k=0.21
[052/100] 06_to_02  L1=1.396  L1/zero=1.11  cos=-0.24  k=0.28
[053/100] 06_to_03  L1=0.775  L1/zero=1.09  cos=-0.05  k=0.41
[054/100] 06_to_04  L1=0.335  L1/zero=0.88  cos=0.47  k=0.72
[055/100] 06_to_05  L1=0.224  L1/zero=0.91  cos=0.47  k=1.02
[056/100] 06_to_06  L1=0.162  L1/zero=16248036.92  cos=nan  k=nan
[057/100] 06_to_07  L1=0.495  L1/zero=1.22  cos=-0.24  k=0.46
[058/100] 06_to_08  L1=1.010  L1/zero=1.16  cos=-0.29  k=0.31
[059/100] 06_to_09  L1=1.577  L1/zero=1.12  cos=-0.30  k=0.26
[060/100] 06_to_10  L1=2.008  L1/zero=1.10  cos=-0.29  k=0.24
[061/100] 07_to_01  L1=1.364  L1/zero=1.09  cos=-0.27  k=0.24
[062/100] 07_to_02  L1=1.042  L1/zero=1.09  cos=-0.17  k=0.31
[063/100] 07_to_03  L1=0.574  L1/zero=0.92  cos=0.28  k=0.45
[064/100] 07_to_04  L1=0.543  L1/zero=0.87  cos=0.42  k=0.46
[065/100] 07_to_05  L1=0.571  L1/zero=0.93  cos=0.27  k=0.38
[066/100] 07_to_06  L1=0.421  L1/zero=1.01  cos=0.15  k=0.50
[067/100] 07_to_07  L1=0.195  L1/zero=19461119.17  cos=nan  k=nan
[068/100] 07_to_08  L1=0.580  L1/zero=1.24  cos=-0.17  k=0.49
[069/100] 07_to_09  L1=1.082  L1/zero=1.16  cos=-0.25  k=0.35
[070/100] 07_to_10  L1=1.559  L1/zero=1.12  cos=-0.28  k=0.29
[071/100] 08_to_01  L1=0.807  L1/zero=1.07  cos=-0.16  k=0.26
[072/100] 08_to_02  L1=0.602  L1/zero=1.02  cos=-0.05  k=0.42
[073/100] 08_to_03  L1=0.840  L1/zero=0.93  cos=0.37  k=0.26
[074/100] 08_to_04  L1=1.074  L1/zero=0.97  cos=0.17  k=0.17
[075/100] 08_to_05  L1=1.145  L1/zero=1.01  cos=-0.14  k=0.12
[076/100] 08_to_06  L1=0.999  L1/zero=1.04  cos=-0.28  k=0.13
[077/100] 08_to_07  L1=0.513  L1/zero=1.06  cos=-0.02  k=0.32
[078/100] 08_to_08  L1=0.189  L1/zero=18921986.22  cos=nan  k=nan
[079/100] 08_to_09  L1=0.511  L1/zero=1.26  cos=-0.23  k=0.51
[080/100] 08_to_10  L1=0.872  L1/zero=1.16  cos=-0.26  k=0.37
[081/100] 09_to_01  L1=0.398  L1/zero=1.08  cos=-0.11  k=0.39
[082/100] 09_to_02  L1=0.565  L1/zero=1.02  cos=0.03  k=0.35
[083/100] 09_to_03  L1=1.195  L1/zero=0.99  cos=0.07  k=0.11
[084/100] 09_to_04  L1=1.532  L1/zero=1.02  cos=-0.20  k=0.08
[085/100] 09_to_05  L1=1.689  L1/zero=1.04  cos=-0.36  k=0.09
[086/100] 09_to_06  L1=1.589  L1/zero=1.05  cos=-0.38  k=0.11
[087/100] 09_to_07  L1=1.044  L1/zero=1.05  cos=-0.27  k=0.13
[088/100] 09_to_08  L1=0.447  L1/zero=1.06  cos=0.01  k=0.29
[089/100] 09_to_09  L1=0.155  L1/zero=15456603.47  cos=nan  k=nan
[090/100] 09_to_10  L1=0.374  L1/zero=1.31  cos=-0.26  k=0.61
[091/100] 10_to_01  L1=0.258  L1/zero=1.07  cos=-0.01  k=0.44
[092/100] 10_to_02  L1=0.659  L1/zero=1.02  cos=-0.00  k=0.16
[093/100] 10_to_03  L1=1.440  L1/zero=1.01  cos=-0.23  k=0.07
[094/100] 10_to_04  L1=1.808  L1/zero=1.02  cos=-0.29  k=0.08
[095/100] 10_to_05  L1=2.080  L1/zero=1.03  cos=-0.31  k=0.10
[096/100] 10_to_06  L1=2.028  L1/zero=1.04  cos=-0.32  k=0.11
[097/100] 10_to_07  L1=1.567  L1/zero=1.04  cos=-0.31  k=0.12
[098/100] 10_to_08  L1=0.820  L1/zero=1.05  cos=-0.20  k=0.14
[099/100] 10_to_09  L1=0.307  L1/zero=1.03  cos=0.14  k=0.40
[100/100] 10_to_10  L1=0.100  L1/zero=9972968.70  cos=nan  k=nan

[encoder|elekta] Directed mean: L1=0.972  L1/zero=1.04  cos=-0.08  k=0.24  beat_zero=24%
wrote /home/abhishek/Voxel_GAN/PopulationStudy/ClinicalExperiments/Experiment2/EncoderCRB/plots/qc_elekta/P2/CE_P2_V_01 (100 pngs)
[2026-08-26 10:30:38] QC elekta encoder CE_P3_V_01
[ckpt] cond_dim=2 phase=linear
[encoder|elekta] scan=CE_P3_V_01 pairs=100 panels=100 ckpt=crb_enc_mse_cyclic_full_spare_generator.pth out=/home/abhishek/Voxel_GAN/PopulationStudy/ClinicalExperiments/Experiment2/EncoderCRB/plots/qc_elekta/P3/CE_P3_V_01
[001/100] 01_to_01  L1=0.016  L1/zero=1591331.70  cos=nan  k=nan
[002/100] 01_to_02  L1=1.599  L1/zero=1.00  cos=-0.20  k=0.02
[003/100] 01_to_03  L1=2.705  L1/zero=0.99  cos=-0.01  k=0.02
[004/100] 01_to_04  L1=3.265  L1/zero=0.98  cos=0.14  k=0.03
[005/100] 01_to_05  L1=3.809  L1/zero=0.98  cos=0.24  k=0.02
[006/100] 01_to_06  L1=3.677  L1/zero=0.98  cos=0.26  k=0.03
[007/100] 01_to_07  L1=2.296  L1/zero=0.97  cos=0.17  k=0.03
[008/100] 01_to_08  L1=0.857  L1/zero=0.98  cos=-0.06  k=0.05
[009/100] 01_to_09  L1=0.999  L1/zero=0.99  cos=0.17  k=0.04
[010/100] 01_to_10  L1=1.262  L1/zero=0.99  cos=0.19  k=0.04
[011/100] 02_to_01  L1=1.530  L1/zero=1.01  cos=-0.10  k=0.04
[012/100] 02_to_02  L1=0.021  L1/zero=2087169.51  cos=nan  k=nan
[013/100] 02_to_03  L1=0.702  L1/zero=1.00  cos=0.14  k=0.03
[014/100] 02_to_04  L1=1.173  L1/zero=0.96  cos=0.16  k=0.06
[015/100] 02_to_05  L1=1.585  L1/zero=0.96  cos=0.25  k=0.05
[016/100] 02_to_06  L1=1.595  L1/zero=0.98  cos=-0.04  k=0.04
[017/100] 02_to_07  L1=0.999  L1/zero=1.00  cos=0.04  k=0.05
[018/100] 02_to_08  L1=1.619  L1/zero=1.01  cos=-0.17  k=0.05
[019/100] 02_to_09  L1=2.892  L1/zero=1.02  cos=-0.31  k=0.06
[020/100] 02_to_10  L1=3.408  L1/zero=1.01  cos=-0.26  k=0.06
[021/100] 03_to_01  L1=2.508  L1/zero=1.00  cos=-0.21  k=0.01
[022/100] 03_to_02  L1=0.727  L1/zero=1.04  cos=-0.20  k=0.07
[023/100] 03_to_03  L1=0.044  L1/zero=4361357.17  cos=nan  k=nan
[024/100] 03_to_04  L1=0.453  L1/zero=1.04  cos=-0.19  k=0.15
[025/100] 03_to_05  L1=0.813  L1/zero=1.04  cos=-0.58  k=0.09
[026/100] 03_to_06  L1=0.988  L1/zero=1.03  cos=-0.47  k=0.07
[027/100] 03_to_07  L1=1.022  L1/zero=1.01  cos=0.03  k=0.12
[028/100] 03_to_08  L1=2.327  L1/zero=1.05  cos=-0.21  k=0.14
[029/100] 03_to_09  L1=4.202  L1/zero=1.02  cos=-0.32  k=0.07
[030/100] 03_to_10  L1=4.616  L1/zero=1.01  cos=-0.40  k=0.06
[031/100] 04_to_01  L1=3.136  L1/zero=1.00  cos=-0.22  k=0.01
[032/100] 04_to_02  L1=1.199  L1/zero=1.01  cos=-0.19  k=0.04
[033/100] 04_to_03  L1=0.474  L1/zero=1.12  cos=-0.47  k=0.22
[034/100] 04_to_04  L1=0.132  L1/zero=13208284.97  cos=nan  k=nan
[035/100] 04_to_05  L1=0.361  L1/zero=1.12  cos=-0.09  k=0.43
[036/100] 04_to_06  L1=0.495  L1/zero=1.03  cos=0.14  k=0.33
[037/100] 04_to_07  L1=1.130  L1/zero=1.08  cos=-0.07  k=0.29
[038/100] 04_to_08  L1=2.751  L1/zero=1.03  cos=-0.21  k=0.13
[039/100] 04_to_09  L1=4.760  L1/zero=1.02  cos=-0.44  k=0.08
[040/100] 04_to_10  L1=5.824  L1/zero=1.02  cos=-0.51  k=0.07
[041/100] 05_to_01  L1=3.530  L1/zero=1.00  cos=-0.12  k=0.01
[042/100] 05_to_02  L1=1.543  L1/zero=1.02  cos=-0.41  k=0.08
[043/100] 05_to_03  L1=0.799  L1/zero=1.07  cos=-0.38  k=0.22
[044/100] 05_to_04  L1=0.487  L1/zero=1.49  cos=-0.35  k=0.79
[045/100] 05_to_05  L1=0.247  L1/zero=24660579.86  cos=nan  k=nan
[046/100] 05_to_06  L1=0.354  L1/zero=1.49  cos=0.17  k=1.43
[047/100] 05_to_07  L1=1.173  L1/zero=1.13  cos=-0.14  k=0.32
[048/100] 05_to_08  L1=3.038  L1/zero=1.03  cos=-0.23  k=0.12
[049/100] 05_to_09  L1=5.414  L1/zero=1.03  cos=-0.55  k=0.07
[050/100] 05_to_10  L1=6.209  L1/zero=1.03  cos=-0.54  k=0.07
[051/100] 06_to_01  L1=3.532  L1/zero=1.01  cos=-0.47  k=0.05
[052/100] 06_to_02  L1=1.567  L1/zero=1.00  cos=-0.23  k=0.14
[053/100] 06_to_03  L1=0.944  L1/zero=1.06  cos=-0.19  k=0.29
[054/100] 06_to_04  L1=0.667  L1/zero=1.37  cos=-0.27  k=0.73
[055/100] 06_to_05  L1=0.472  L1/zero=1.89  cos=-0.11  k=1.64
[056/100] 06_to_06  L1=0.376  L1/zero=37646660.21  cos=nan  k=nan
[057/100] 06_to_07  L1=1.062  L1/zero=1.19  cos=-0.16  k=0.35
[058/100] 06_to_08  L1=2.887  L1/zero=1.02  cos=-0.21  k=0.12
[059/100] 06_to_09  L1=5.251  L1/zero=1.02  cos=-0.52  k=0.07
[060/100] 06_to_10  L1=6.148  L1/zero=1.02  cos=-0.51  k=0.07
[061/100] 07_to_01  L1=2.254  L1/zero=1.00  cos=-0.30  k=0.07
[062/100] 07_to_02  L1=0.985  L1/zero=0.99  cos=0.07  k=0.26
[063/100] 07_to_03  L1=1.020  L1/zero=1.01  cos=0.10  k=0.34
[064/100] 07_to_04  L1=1.136  L1/zero=1.04  cos=0.09  k=0.32
[065/100] 07_to_05  L1=1.257  L1/zero=1.09  cos=0.05  k=0.29
[066/100] 07_to_06  L1=1.106  L1/zero=1.18  cos=0.08  k=0.36
[067/100] 07_to_07  L1=0.408  L1/zero=40778559.45  cos=nan  k=nan
[068/100] 07_to_08  L1=1.577  L1/zero=1.05  cos=-0.14  k=0.23
[069/100] 07_to_09  L1=3.335  L1/zero=0.99  cos=-0.22  k=0.11
[070/100] 07_to_10  L1=4.056  L1/zero=1.01  cos=-0.42  k=0.10
[071/100] 08_to_01  L1=0.868  L1/zero=0.98  cos=-0.13  k=0.16
[072/100] 08_to_02  L1=1.647  L1/zero=0.99  cos=0.20  k=0.18
[073/100] 08_to_03  L1=2.425  L1/zero=1.02  cos=0.14  k=0.12
[074/100] 08_to_04  L1=3.018  L1/zero=1.03  cos=0.05  k=0.10
[075/100] 08_to_05  L1=3.338  L1/zero=1.03  cos=-0.00  k=0.09
[076/100] 08_to_06  L1=3.150  L1/zero=1.04  cos=0.02  k=0.09
[077/100] 08_to_07  L1=1.712  L1/zero=1.09  cos=0.10  k=0.19
[078/100] 08_to_08  L1=0.325  L1/zero=32460176.94  cos=nan  k=nan
[079/100] 08_to_09  L1=1.411  L1/zero=1.02  cos=-0.16  k=0.22
[080/100] 08_to_10  L1=2.084  L1/zero=1.00  cos=-0.26  k=0.18
[081/100] 09_to_01  L1=1.015  L1/zero=0.98  cos=0.22  k=0.14
[082/100] 09_to_02  L1=3.168  L1/zero=1.01  cos=0.12  k=0.08
[083/100] 09_to_03  L1=4.457  L1/zero=1.01  cos=0.11  k=0.04
[084/100] 09_to_04  L1=5.135  L1/zero=1.01  cos=-0.03  k=0.03
[085/100] 09_to_05  L1=5.497  L1/zero=1.01  cos=-0.17  k=0.03
[086/100] 09_to_06  L1=5.472  L1/zero=1.01  cos=-0.08  k=0.03
[087/100] 09_to_07  L1=3.639  L1/zero=1.02  cos=0.11  k=0.05
[088/100] 09_to_08  L1=1.517  L1/zero=1.07  cos=0.16  k=0.14
[089/100] 09_to_09  L1=0.281  L1/zero=28123199.94  cos=nan  k=nan
[090/100] 09_to_10  L1=0.660  L1/zero=1.24  cos=-0.20  k=0.50
[091/100] 10_to_01  L1=1.386  L1/zero=1.01  cos=0.15  k=0.09
[092/100] 10_to_02  L1=3.793  L1/zero=1.01  cos=0.13  k=0.04
[093/100] 10_to_03  L1=5.106  L1/zero=1.01  cos=0.03  k=0.02
[094/100] 10_to_04  L1=5.832  L1/zero=1.00  cos=-0.14  k=0.01
[095/100] 10_to_05  L1=6.215  L1/zero=1.00  cos=-0.19  k=0.02
[096/100] 10_to_06  L1=6.126  L1/zero=1.00  cos=-0.09  k=0.02
[097/100] 10_to_07  L1=4.397  L1/zero=1.00  cos=0.17  k=0.02
[098/100] 10_to_08  L1=2.235  L1/zero=1.02  cos=0.18  k=0.06
[099/100] 10_to_09  L1=0.621  L1/zero=1.17  cos=0.11  k=0.38
[100/100] 10_to_10  L1=0.258  L1/zero=25829431.41  cos=nan  k=nan

[encoder|elekta] Directed mean: L1=2.461  L1/zero=1.05  cos=-0.10  k=0.16  beat_zero=22%
wrote /home/abhishek/Voxel_GAN/PopulationStudy/ClinicalExperiments/Experiment2/EncoderCRB/plots/qc_elekta/P3/CE_P3_V_01 (100 pngs)
[2026-08-26 10:31:18] QC elekta encoder CE_P4_V_01
[ckpt] cond_dim=2 phase=linear
[encoder|elekta] scan=CE_P4_V_01 pairs=100 panels=100 ckpt=crb_enc_mse_cyclic_full_spare_generator.pth out=/home/abhishek/Voxel_GAN/PopulationStudy/ClinicalExperiments/Experiment2/EncoderCRB/plots/qc_elekta/P4/CE_P4_V_01
[001/100] 01_to_01  L1=0.013  L1/zero=1304893.01  cos=nan  k=nan
[002/100] 01_to_02  L1=0.446  L1/zero=0.99  cos=0.12  k=0.14
[003/100] 01_to_03  L1=0.800  L1/zero=0.96  cos=0.30  k=0.14
[004/100] 01_to_04  L1=1.074  L1/zero=0.95  cos=0.38  k=0.18
[005/100] 01_to_05  L1=1.310  L1/zero=0.95  cos=0.39  k=0.18
[006/100] 01_to_06  L1=1.481  L1/zero=1.00  cos=0.21  k=0.18
[007/100] 01_to_07  L1=0.974  L1/zero=0.95  cos=0.34  k=0.22
[008/100] 01_to_08  L1=0.572  L1/zero=0.99  cos=0.18  k=0.25
[009/100] 01_to_09  L1=0.463  L1/zero=1.03  cos=-0.05  k=0.23
[010/100] 01_to_10  L1=0.334  L1/zero=1.02  cos=-0.04  k=0.17
[011/100] 02_to_01  L1=0.405  L1/zero=0.94  cos=0.34  k=0.22
[012/100] 02_to_02  L1=0.019  L1/zero=1891917.92  cos=nan  k=nan
[013/100] 02_to_03  L1=0.332  L1/zero=0.98  cos=0.17  k=0.17
[014/100] 02_to_04  L1=0.634  L1/zero=0.95  cos=0.32  k=0.20
[015/100] 02_to_05  L1=0.916  L1/zero=0.95  cos=0.36  k=0.18
[016/100] 02_to_06  L1=1.076  L1/zero=0.96  cos=0.40  k=0.14
[017/100] 02_to_07  L1=0.852  L1/zero=0.95  cos=0.42  k=0.14
[018/100] 02_to_08  L1=0.820  L1/zero=1.00  cos=-0.02  k=0.15
[019/100] 02_to_09  L1=0.974  L1/zero=1.01  cos=-0.14  k=0.07
[020/100] 02_to_10  L1=0.855  L1/zero=0.99  cos=0.08  k=0.09
[021/100] 03_to_01  L1=0.707  L1/zero=0.92  cos=0.44  k=0.35
[022/100] 03_to_02  L1=0.317  L1/zero=0.94  cos=0.27  k=0.33
[023/100] 03_to_03  L1=0.018  L1/zero=1767648.94  cos=nan  k=nan
[024/100] 03_to_04  L1=0.268  L1/zero=0.97  cos=0.23  k=0.24
[025/100] 03_to_05  L1=0.606  L1/zero=0.96  cos=0.36  k=0.16
[026/100] 03_to_06  L1=0.790  L1/zero=0.94  cos=0.39  k=0.19
[027/100] 03_to_07  L1=0.844  L1/zero=0.95  cos=0.35  k=0.17
[028/100] 03_to_08  L1=1.027  L1/zero=1.00  cos=0.09  k=0.14
[029/100] 03_to_09  L1=1.238  L1/zero=1.01  cos=-0.09  k=0.07
[030/100] 03_to_10  L1=1.134  L1/zero=1.00  cos=0.19  k=0.10
[031/100] 04_to_01  L1=0.950  L1/zero=0.92  cos=0.41  k=0.35
[032/100] 04_to_02  L1=0.616  L1/zero=0.98  cos=0.28  k=0.25
[033/100] 04_to_03  L1=0.259  L1/zero=0.96  cos=0.29  k=0.28
[034/100] 04_to_04  L1=0.031  L1/zero=3108299.15  cos=nan  k=nan
[035/100] 04_to_05  L1=0.350  L1/zero=0.98  cos=0.15  k=0.13
[036/100] 04_to_06  L1=0.563  L1/zero=0.97  cos=0.27  k=0.12
[037/100] 04_to_07  L1=0.709  L1/zero=1.00  cos=0.08  k=0.14
[038/100] 04_to_08  L1=1.069  L1/zero=1.03  cos=-0.25  k=0.09
[039/100] 04_to_09  L1=1.450  L1/zero=1.02  cos=-0.08  k=0.09
[040/100] 04_to_10  L1=1.327  L1/zero=1.00  cos=0.21  k=0.15
[041/100] 05_to_01  L1=1.252  L1/zero=0.96  cos=0.35  k=0.22
[042/100] 05_to_02  L1=0.891  L1/zero=0.99  cos=0.27  k=0.22
[043/100] 05_to_03  L1=0.584  L1/zero=0.97  cos=0.31  k=0.24
[044/100] 05_to_04  L1=0.319  L1/zero=0.97  cos=0.20  k=0.32
[045/100] 05_to_05  L1=0.048  L1/zero=4801648.86  cos=nan  k=nan
[046/100] 05_to_06  L1=0.298  L1/zero=1.06  cos=-0.19  k=0.30
[047/100] 05_to_07  L1=0.703  L1/zero=1.06  cos=-0.32  k=0.14
[048/100] 05_to_08  L1=1.226  L1/zero=1.05  cos=-0.31  k=0.11
[049/100] 05_to_09  L1=1.607  L1/zero=1.04  cos=-0.20  k=0.10
[050/100] 05_to_10  L1=1.669  L1/zero=1.02  cos=-0.02  k=0.13
[051/100] 06_to_01  L1=1.415  L1/zero=1.04  cos=0.04  k=0.19
[052/100] 06_to_02  L1=1.030  L1/zero=0.98  cos=0.33  k=0.26
[053/100] 06_to_03  L1=0.745  L1/zero=0.93  cos=0.43  k=0.28
[054/100] 06_to_04  L1=0.518  L1/zero=0.92  cos=0.44  k=0.33
[055/100] 06_to_05  L1=0.268  L1/zero=0.95  cos=0.33  k=0.56
[056/100] 06_to_06  L1=0.082  L1/zero=8246521.65  cos=nan  k=nan
[057/100] 06_to_07  L1=0.556  L1/zero=1.11  cos=-0.20  k=0.22
[058/100] 06_to_08  L1=1.123  L1/zero=1.07  cos=-0.22  k=0.14
[059/100] 06_to_09  L1=1.533  L1/zero=1.06  cos=-0.21  k=0.12
[060/100] 06_to_10  L1=1.712  L1/zero=1.04  cos=-0.13  k=0.14
[061/100] 07_to_01  L1=1.036  L1/zero=1.07  cos=-0.06  k=0.29
[062/100] 07_to_02  L1=0.832  L1/zero=0.93  cos=0.48  k=0.26
[063/100] 07_to_03  L1=0.777  L1/zero=0.89  cos=0.57  k=0.24
[064/100] 07_to_04  L1=0.661  L1/zero=0.92  cos=0.44  k=0.26
[065/100] 07_to_05  L1=0.667  L1/zero=0.98  cos=0.19  k=0.20
[066/100] 07_to_06  L1=0.520  L1/zero=1.01  cos=0.05  k=0.22
[067/100] 07_to_07  L1=0.083  L1/zero=8344314.25  cos=nan  k=nan
[068/100] 07_to_08  L1=0.533  L1/zero=1.12  cos=-0.10  k=0.29
[069/100] 07_to_09  L1=1.011  L1/zero=1.09  cos=-0.17  k=0.20
[070/100] 07_to_10  L1=1.199  L1/zero=1.06  cos=-0.10  k=0.20
[071/100] 08_to_01  L1=0.599  L1/zero=1.06  cos=0.02  k=0.37
[072/100] 08_to_02  L1=0.872  L1/zero=1.01  cos=-0.01  k=0.23
[073/100] 08_to_03  L1=1.059  L1/zero=0.98  cos=0.19  k=0.16
[074/100] 08_to_04  L1=1.098  L1/zero=1.01  cos=-0.00  k=0.14
[075/100] 08_to_05  L1=1.284  L1/zero=1.03  cos=-0.14  k=0.11
[076/100] 08_to_06  L1=1.168  L1/zero=1.05  cos=-0.22  k=0.11
[077/100] 08_to_07  L1=0.533  L1/zero=1.06  cos=-0.02  k=0.22
[078/100] 08_to_08  L1=0.077  L1/zero=7659032.20  cos=nan  k=nan
[079/100] 08_to_09  L1=0.452  L1/zero=1.13  cos=-0.09  k=0.34
[080/100] 08_to_10  L1=0.691  L1/zero=1.07  cos=-0.03  k=0.31
[081/100] 09_to_01  L1=0.491  L1/zero=1.06  cos=-0.05  k=0.31
[082/100] 09_to_02  L1=1.042  L1/zero=1.02  cos=-0.11  k=0.15
[083/100] 09_to_03  L1=1.320  L1/zero=1.02  cos=-0.20  k=0.10
[084/100] 09_to_04  L1=1.571  L1/zero=1.03  cos=-0.24  k=0.09
[085/100] 09_to_05  L1=1.761  L1/zero=1.05  cos=-0.30  k=0.10
[086/100] 09_to_06  L1=1.669  L1/zero=1.07  cos=-0.27  k=0.12
[087/100] 09_to_07  L1=1.044  L1/zero=1.05  cos=-0.13  k=0.15
[088/100] 09_to_08  L1=0.444  L1/zero=1.07  cos=0.00  k=0.26
[089/100] 09_to_09  L1=0.073  L1/zero=7290020.59  cos=nan  k=nan
[090/100] 09_to_10  L1=0.252  L1/zero=1.17  cos=0.07  k=0.70
[091/100] 10_to_01  L1=0.379  L1/zero=1.12  cos=-0.08  k=0.38
[092/100] 10_to_02  L1=0.948  L1/zero=1.03  cos=-0.11  k=0.12
[093/100] 10_to_03  L1=1.261  L1/zero=1.02  cos=-0.11  k=0.10
[094/100] 10_to_04  L1=1.489  L1/zero=1.03  cos=-0.05  k=0.11
[095/100] 10_to_05  L1=1.875  L1/zero=1.05  cos=-0.24  k=0.11
[096/100] 10_to_06  L1=1.863  L1/zero=1.05  cos=-0.16  k=0.13
[097/100] 10_to_07  L1=1.288  L1/zero=1.04  cos=-0.09  k=0.17
[098/100] 10_to_08  L1=0.672  L1/zero=1.03  cos=0.01  k=0.21
[099/100] 10_to_09  L1=0.250  L1/zero=1.09  cos=0.03  k=0.53
[100/100] 10_to_10  L1=0.065  L1/zero=6496439.13  cos=nan  k=nan

[encoder|elekta] Directed mean: L1=0.896  L1/zero=1.01  cos=0.08  k=0.20  beat_zero=46%
wrote /home/abhishek/Voxel_GAN/PopulationStudy/ClinicalExperiments/Experiment2/EncoderCRB/plots/qc_elekta/P4/CE_P4_V_01 (100 pngs)
[2026-08-26 10:32:02] QC elekta encoder CE_P5_V_01
[ckpt] cond_dim=2 phase=linear
[encoder|elekta] scan=CE_P5_V_01 pairs=100 panels=100 ckpt=crb_enc_mse_cyclic_full_spare_generator.pth out=/home/abhishek/Voxel_GAN/PopulationStudy/ClinicalExperiments/Experiment2/EncoderCRB/plots/qc_elekta/P5/CE_P5_V_01
[001/100] 01_to_01  L1=0.004  L1/zero=358753.23  cos=nan  k=nan
[002/100] 01_to_02  L1=0.573  L1/zero=0.92  cos=0.43  k=0.18
[003/100] 01_to_03  L1=1.390  L1/zero=0.95  cos=0.39  k=0.13
[004/100] 01_to_04  L1=1.986  L1/zero=0.94  cos=0.47  k=0.13
[005/100] 01_to_05  L1=2.313  L1/zero=0.95  cos=0.46  k=0.12
[006/100] 01_to_06  L1=2.328  L1/zero=0.95  cos=0.49  k=0.13
[007/100] 01_to_07  L1=1.788  L1/zero=0.90  cos=0.50  k=0.19
[008/100] 01_to_08  L1=1.171  L1/zero=0.88  cos=0.43  k=0.27
[009/100] 01_to_09  L1=0.382  L1/zero=1.00  cos=0.28  k=0.40
[010/100] 01_to_10  L1=0.222  L1/zero=1.11  cos=-0.20  k=0.30
[011/100] 02_to_01  L1=0.486  L1/zero=0.94  cos=0.47  k=0.13
[012/100] 02_to_02  L1=0.002  L1/zero=212854.17  cos=nan  k=nan
[013/100] 02_to_03  L1=0.643  L1/zero=0.93  cos=0.45  k=0.18
[014/100] 02_to_04  L1=1.200  L1/zero=0.93  cos=0.52  k=0.17
[015/100] 02_to_05  L1=1.524  L1/zero=0.92  cos=0.57  k=0.17
[016/100] 02_to_06  L1=1.548  L1/zero=0.90  cos=0.57  k=0.19
[017/100] 02_to_07  L1=1.240  L1/zero=0.89  cos=0.43  k=0.23
[018/100] 02_to_08  L1=0.957  L1/zero=1.01  cos=0.17  k=0.17
[019/100] 02_to_09  L1=0.664  L1/zero=1.01  cos=0.06  k=0.17
[020/100] 02_to_10  L1=0.735  L1/zero=0.98  cos=0.29  k=0.19
[021/100] 03_to_01  L1=1.207  L1/zero=0.96  cos=0.34  k=0.13
[022/100] 03_to_02  L1=0.515  L1/zero=0.92  cos=0.53  k=0.22
[023/100] 03_to_03  L1=0.006  L1/zero=613463.81  cos=nan  k=nan
[024/100] 03_to_04  L1=0.423  L1/zero=0.87  cos=0.62  k=0.26
[025/100] 03_to_05  L1=0.751  L1/zero=0.88  cos=0.58  k=0.26
[026/100] 03_to_06  L1=0.885  L1/zero=0.89  cos=0.48  k=0.22
[027/100] 03_to_07  L1=0.979  L1/zero=1.02  cos=0.19  k=0.17
[028/100] 03_to_08  L1=1.180  L1/zero=1.02  cos=-0.01  k=0.10
[029/100] 03_to_09  L1=1.257  L1/zero=0.97  cos=0.26  k=0.13
[030/100] 03_to_10  L1=1.355  L1/zero=0.93  cos=0.46  k=0.22
[031/100] 04_to_01  L1=1.737  L1/zero=0.96  cos=0.33  k=0.15
[032/100] 04_to_02  L1=1.024  L1/zero=0.92  cos=0.53  k=0.20
[033/100] 04_to_03  L1=0.392  L1/zero=0.92  cos=0.54  k=0.21
[034/100] 04_to_04  L1=0.004  L1/zero=379102.14  cos=nan  k=nan
[035/100] 04_to_05  L1=0.291  L1/zero=0.92  cos=0.43  k=0.22
[036/100] 04_to_06  L1=0.509  L1/zero=0.95  cos=0.35  k=0.19
[037/100] 04_to_07  L1=0.903  L1/zero=1.02  cos=0.15  k=0.13
[038/100] 04_to_08  L1=1.394  L1/zero=0.99  cos=0.25  k=0.08
[039/100] 04_to_09  L1=1.781  L1/zero=0.99  cos=0.18  k=0.09
[040/100] 04_to_10  L1=1.915  L1/zero=0.98  cos=0.29  k=0.14
[041/100] 05_to_01  L1=2.078  L1/zero=0.98  cos=0.23  k=0.13
[042/100] 05_to_02  L1=1.331  L1/zero=0.93  cos=0.45  k=0.20
[043/100] 05_to_03  L1=0.667  L1/zero=0.91  cos=0.47  k=0.22
[044/100] 05_to_04  L1=0.271  L1/zero=0.94  cos=0.31  k=0.22
[045/100] 05_to_05  L1=0.001  L1/zero=139683.53  cos=nan  k=nan
[046/100] 05_to_06  L1=0.272  L1/zero=1.00  cos=0.24  k=0.12
[047/100] 05_to_07  L1=0.784  L1/zero=0.97  cos=0.33  k=0.12
[048/100] 05_to_08  L1=1.455  L1/zero=0.98  cos=0.24  k=0.09
[049/100] 05_to_09  L1=1.986  L1/zero=1.00  cos=0.12  k=0.09
[050/100] 05_to_10  L1=2.284  L1/zero=1.00  cos=0.07  k=0.10
[051/100] 06_to_01  L1=2.061  L1/zero=0.97  cos=0.24  k=0.16
[052/100] 06_to_02  L1=1.322  L1/zero=0.90  cos=0.45  k=0.28
[053/100] 06_to_03  L1=0.752  L1/zero=0.90  cos=0.38  k=0.27
[054/100] 06_to_04  L1=0.448  L1/zero=0.97  cos=0.25  k=0.26
[055/100] 06_to_05  L1=0.270  L1/zero=1.02  cos=0.05  k=0.11
[056/100] 06_to_06  L1=0.002  L1/zero=208293.51  cos=nan  k=nan
[057/100] 06_to_07  L1=0.484  L1/zero=0.95  cos=0.44  k=0.14
[058/100] 06_to_08  L1=1.221  L1/zero=0.97  cos=0.29  k=0.11
[059/100] 06_to_09  L1=1.808  L1/zero=0.99  cos=0.18  k=0.12
[060/100] 06_to_10  L1=2.187  L1/zero=0.99  cos=0.17  k=0.14
[061/100] 07_to_01  L1=1.494  L1/zero=0.90  cos=0.42  k=0.30
[062/100] 07_to_02  L1=1.035  L1/zero=0.90  cos=0.37  k=0.38
[063/100] 07_to_03  L1=0.803  L1/zero=1.02  cos=0.16  k=0.23
[064/100] 07_to_04  L1=0.835  L1/zero=1.01  cos=0.10  k=0.16
[065/100] 07_to_05  L1=0.741  L1/zero=0.97  cos=0.26  k=0.15
[066/100] 07_to_06  L1=0.484  L1/zero=0.94  cos=0.41  k=0.19
[067/100] 07_to_07  L1=0.008  L1/zero=757184.72  cos=nan  k=nan
[068/100] 07_to_08  L1=0.518  L1/zero=0.90  cos=0.57  k=0.23
[069/100] 07_to_09  L1=1.194  L1/zero=0.94  cos=0.38  k=0.20
[070/100] 07_to_10  L1=1.600  L1/zero=0.91  cos=0.43  k=0.24
[071/100] 08_to_01  L1=0.926  L1/zero=0.93  cos=0.34  k=0.25
[072/100] 08_to_02  L1=0.765  L1/zero=1.06  cos=-0.02  k=0.19
[073/100] 08_to_03  L1=1.118  L1/zero=1.01  cos=-0.04  k=0.11
[074/100] 08_to_04  L1=1.389  L1/zero=0.99  cos=0.16  k=0.08
[075/100] 08_to_05  L1=1.508  L1/zero=0.99  cos=0.16  k=0.07
[076/100] 08_to_06  L1=1.266  L1/zero=0.99  cos=0.20  k=0.09
[077/100] 08_to_07  L1=0.588  L1/zero=0.95  cos=0.41  k=0.15
[078/100] 08_to_08  L1=0.005  L1/zero=520148.64  cos=nan  k=nan
[079/100] 08_to_09  L1=0.440  L1/zero=0.93  cos=0.41  k=0.36
[080/100] 08_to_10  L1=0.866  L1/zero=0.91  cos=0.46  k=0.28
[081/100] 09_to_01  L1=0.398  L1/zero=1.07  cos=0.20  k=0.49
[082/100] 09_to_02  L1=0.798  L1/zero=1.06  cos=-0.33  k=0.16
[083/100] 09_to_03  L1=1.407  L1/zero=0.99  cos=0.20  k=0.10
[084/100] 09_to_04  L1=1.874  L1/zero=0.98  cos=0.34  k=0.08
[085/100] 09_to_05  L1=2.116  L1/zero=0.98  cos=0.26  k=0.08
[086/100] 09_to_06  L1=2.064  L1/zero=0.97  cos=0.30  k=0.09
[087/100] 09_to_07  L1=1.464  L1/zero=0.96  cos=0.38  k=0.11
[088/100] 09_to_08  L1=0.482  L1/zero=0.88  cos=0.51  k=0.23
[089/100] 09_to_09  L1=0.004  L1/zero=410054.20  cos=nan  k=nan
[090/100] 09_to_10  L1=0.293  L1/zero=0.92  cos=0.41  k=0.32
[091/100] 10_to_01  L1=0.248  L1/zero=1.12  cos=-0.37  k=0.29
[092/100] 10_to_02  L1=0.882  L1/zero=0.99  cos=0.17  k=0.18
[093/100] 10_to_03  L1=1.634  L1/zero=0.95  cos=0.40  k=0.15
[094/100] 10_to_04  L1=2.289  L1/zero=1.01  cos=-0.01  k=0.08
[095/100] 10_to_05  L1=2.650  L1/zero=1.01  cos=0.02  k=0.06
[096/100] 10_to_06  L1=2.580  L1/zero=0.99  cos=0.28  k=0.08
[097/100] 10_to_07  L1=1.975  L1/zero=0.96  cos=0.44  k=0.11
[098/100] 10_to_08  L1=1.117  L1/zero=0.93  cos=0.37  k=0.29
[099/100] 10_to_09  L1=0.326  L1/zero=0.89  cos=0.49  k=0.22
[100/100] 10_to_10  L1=0.003  L1/zero=307614.22  cos=nan  k=nan

[encoder|elekta] Directed mean: L1=1.150  L1/zero=0.96  cos=0.30  k=0.18  beat_zero=80%
wrote /home/abhishek/Voxel_GAN/PopulationStudy/ClinicalExperiments/Experiment2/EncoderCRB/plots/qc_elekta/P5/CE_P5_V_01 (100 pngs)
[2026-08-26 10:32:43] QC varian decoder CV_P1_V_01
[ckpt] cond_dim=2 phase=linear
[decoder] scan=CV_P1_V_01 pairs=100 panels=100 ckpt=crb_dec_mse_cyclic_full_spare_generator.pth out=/home/abhishek/Voxel_GAN/PopulationStudy/ClinicalExperiments/Experiment2/DecoderCRB/plots/qc_varian/P1/CV_P1_V_01
[001/100] 01_to_01  L1=0.028  L1/zero=2762863.23  cos=nan  k=nan
[002/100] 01_to_02  L1=0.227  L1/zero=1.00  cos=0.28  k=0.48
[003/100] 01_to_03  L1=0.543  L1/zero=1.05  cos=0.40  k=0.82
[004/100] 01_to_04  L1=0.817  L1/zero=1.14  cos=0.40  k=0.97
[005/100] 01_to_05  L1=0.972  L1/zero=1.29  cos=0.45  k=1.27
[006/100] 01_to_06  L1=1.013  L1/zero=1.36  cos=0.48  k=1.47
[007/100] 01_to_07  L1=0.904  L1/zero=1.43  cos=0.17  k=1.32
[008/100] 01_to_08  L1=0.570  L1/zero=1.09  cos=0.19  k=0.79
[009/100] 01_to_09  L1=0.369  L1/zero=1.05  cos=0.11  k=0.48
[010/100] 01_to_10  L1=0.180  L1/zero=1.12  cos=-0.08  k=0.35
[011/100] 02_to_01  L1=0.228  L1/zero=1.00  cos=0.30  k=0.56
[012/100] 02_to_02  L1=0.014  L1/zero=1427730.55  cos=nan  k=nan
[013/100] 02_to_03  L1=0.225  L1/zero=1.03  cos=0.45  k=0.89
[014/100] 02_to_04  L1=0.503  L1/zero=0.94  cos=0.45  k=0.73
[015/100] 02_to_05  L1=0.817  L1/zero=1.01  cos=0.43  k=0.85
[016/100] 02_to_06  L1=0.824  L1/zero=1.20  cos=0.44  k=1.17
[017/100] 02_to_07  L1=0.731  L1/zero=1.03  cos=0.37  k=0.77
[018/100] 02_to_08  L1=0.606  L1/zero=0.97  cos=0.29  k=0.47
[019/100] 02_to_09  L1=0.538  L1/zero=0.99  cos=0.15  k=0.20
[020/100] 02_to_10  L1=0.504  L1/zero=1.00  cos=0.17  k=0.31
[021/100] 03_to_01  L1=0.594  L1/zero=1.16  cos=0.37  k=0.97
[022/100] 03_to_02  L1=0.265  L1/zero=1.23  cos=0.50  k=1.36
[023/100] 03_to_03  L1=0.019  L1/zero=1853776.35  cos=nan  k=nan
[024/100] 03_to_04  L1=0.231  L1/zero=0.96  cos=0.37  k=0.59
[025/100] 03_to_05  L1=0.537  L1/zero=0.93  cos=0.37  k=0.54
[026/100] 03_to_06  L1=0.726  L1/zero=0.96  cos=0.32  k=0.51
[027/100] 03_to_07  L1=0.628  L1/zero=0.98  cos=0.26  k=0.39
[028/100] 03_to_08  L1=0.687  L1/zero=1.00  cos=0.07  k=0.22
[029/100] 03_to_09  L1=0.775  L1/zero=1.13  cos=-0.08  k=0.46
[030/100] 03_to_10  L1=0.649  L1/zero=1.20  cos=0.20  k=0.83
[031/100] 04_to_01  L1=0.891  L1/zero=1.14  cos=0.39  k=0.92
[032/100] 04_to_02  L1=0.551  L1/zero=1.03  cos=0.45  k=0.92
[033/100] 04_to_03  L1=0.238  L1/zero=1.00  cos=0.43  k=0.84
[034/100] 04_to_04  L1=0.016  L1/zero=1606375.35  cos=nan  k=nan
[035/100] 04_to_05  L1=0.206  L1/zero=0.93  cos=0.31  k=0.42
[036/100] 04_to_06  L1=0.439  L1/zero=0.94  cos=0.29  k=0.26
[037/100] 04_to_07  L1=0.700  L1/zero=0.99  cos=0.16  k=0.17
[038/100] 04_to_08  L1=0.789  L1/zero=1.06  cos=0.02  k=0.35
[039/100] 04_to_09  L1=0.872  L1/zero=1.19  cos=0.00  k=0.65
[040/100] 04_to_10  L1=0.767  L1/zero=1.14  cos=0.36  k=0.89
[041/100] 05_to_01  L1=0.938  L1/zero=1.25  cos=0.47  k=1.22
[042/100] 05_to_02  L1=0.809  L1/zero=0.98  cos=0.47  k=0.84
[043/100] 05_to_03  L1=0.545  L1/zero=0.93  cos=0.41  k=0.65
[044/100] 05_to_04  L1=0.217  L1/zero=0.96  cos=0.35  k=0.63
[045/100] 05_to_05  L1=0.016  L1/zero=1597664.88  cos=nan  k=nan
[046/100] 05_to_06  L1=0.211  L1/zero=0.97  cos=0.22  k=0.29
[047/100] 05_to_07  L1=0.462  L1/zero=0.98  cos=0.24  k=0.30
[048/100] 05_to_08  L1=0.715  L1/zero=1.07  cos=0.12  k=0.54
[049/100] 05_to_09  L1=0.971  L1/zero=1.20  cos=0.08  k=0.77
[050/100] 05_to_10  L1=0.957  L1/zero=1.26  cos=0.18  k=1.04
[051/100] 06_to_01  L1=0.948  L1/zero=1.23  cos=0.53  k=1.34
[052/100] 06_to_02  L1=0.783  L1/zero=1.13  cos=0.46  k=1.06
[053/100] 06_to_03  L1=0.710  L1/zero=0.95  cos=0.37  k=0.61
[054/100] 06_to_04  L1=0.454  L1/zero=0.94  cos=0.33  k=0.48
[055/100] 06_to_05  L1=0.215  L1/zero=1.00  cos=0.12  k=0.31
[056/100] 06_to_06  L1=0.018  L1/zero=1819795.37  cos=nan  k=nan
[057/100] 06_to_07  L1=0.232  L1/zero=1.03  cos=0.23  k=0.52
[058/100] 06_to_08  L1=0.539  L1/zero=1.31  cos=0.11  k=0.97
[059/100] 06_to_09  L1=0.876  L1/zero=1.42  cos=0.10  k=1.16
[060/100] 06_to_10  L1=0.990  L1/zero=1.37  cos=0.19  k=1.24
[061/100] 07_to_01  L1=0.806  L1/zero=1.28  cos=0.24  k=1.17
[062/100] 07_to_02  L1=0.704  L1/zero=0.97  cos=0.38  k=0.68
[063/100] 07_to_03  L1=0.657  L1/zero=1.00  cos=0.26  k=0.44
[064/100] 07_to_04  L1=0.718  L1/zero=0.98  cos=0.23  k=0.25
[065/100] 07_to_05  L1=0.490  L1/zero=1.01  cos=0.15  k=0.34
[066/100] 07_to_06  L1=0.242  L1/zero=1.05  cos=0.14  k=0.45
[067/100] 07_to_07  L1=0.020  L1/zero=2020485.51  cos=nan  k=nan
[068/100] 07_to_08  L1=0.216  L1/zero=1.49  cos=0.14  k=1.27
[069/100] 07_to_09  L1=0.576  L1/zero=1.68  cos=0.08  k=1.46
[070/100] 07_to_10  L1=0.814  L1/zero=1.52  cos=0.12  k=1.30
[071/100] 08_to_01  L1=0.547  L1/zero=1.05  cos=0.19  k=0.73
[072/100] 08_to_02  L1=0.623  L1/zero=0.97  cos=0.24  k=0.41
[073/100] 08_to_03  L1=0.716  L1/zero=1.02  cos=0.07  k=0.30
[074/100] 08_to_04  L1=0.796  L1/zero=1.05  cos=0.05  k=0.40
[075/100] 08_to_05  L1=0.776  L1/zero=1.14  cos=0.09  k=0.67
[076/100] 08_to_06  L1=0.561  L1/zero=1.35  cos=0.09  k=1.10
[077/100] 08_to_07  L1=0.204  L1/zero=1.37  cos=0.05  k=1.03
[078/100] 08_to_08  L1=0.022  L1/zero=2158444.56  cos=nan  k=nan
[079/100] 08_to_09  L1=0.202  L1/zero=1.31  cos=0.22  k=1.15
[080/100] 08_to_10  L1=0.441  L1/zero=1.25  cos=0.18  k=0.99
[081/100] 09_to_01  L1=0.389  L1/zero=1.10  cos=0.09  k=0.59
[082/100] 09_to_02  L1=0.543  L1/zero=0.98  cos=0.22  k=0.35
[083/100] 09_to_03  L1=0.773  L1/zero=1.08  cos=0.02  k=0.51
[084/100] 09_to_04  L1=0.836  L1/zero=1.14  cos=0.08  k=0.76
[085/100] 09_to_05  L1=1.060  L1/zero=1.26  cos=0.07  k=0.92
[086/100] 09_to_06  L1=0.899  L1/zero=1.38  cos=0.12  k=1.20
[087/100] 09_to_07  L1=0.528  L1/zero=1.50  cos=0.07  k=1.34
[088/100] 09_to_08  L1=0.175  L1/zero=1.18  cos=0.19  k=1.02
[089/100] 09_to_09  L1=0.025  L1/zero=2495497.28  cos=nan  k=nan
[090/100] 09_to_10  L1=0.185  L1/zero=1.21  cos=0.21  k=0.98
[091/100] 10_to_01  L1=0.199  L1/zero=1.13  cos=-0.02  k=0.41
[092/100] 10_to_02  L1=0.486  L1/zero=0.98  cos=0.32  k=0.46
[093/100] 10_to_03  L1=0.694  L1/zero=1.13  cos=0.38  k=0.85
[094/100] 10_to_04  L1=0.881  L1/zero=1.29  cos=0.44  k=1.20
[095/100] 10_to_05  L1=1.241  L1/zero=1.58  cos=0.10  k=1.37
[096/100] 10_to_06  L1=1.322  L1/zero=1.71  cos=0.06  k=1.51
[097/100] 10_to_07  L1=0.904  L1/zero=1.64  cos=0.11  k=1.51
[098/100] 10_to_08  L1=0.420  L1/zero=1.19  cos=0.19  k=0.94
[099/100] 10_to_09  L1=0.152  L1/zero=0.99  cos=0.31  k=0.65
[100/100] 10_to_10  L1=0.015  L1/zero=1545290.84  cos=nan  k=nan

[decoder] Directed mean: L1=0.605  L1/zero=1.14  cos=0.23  k=0.78  beat_zero=29%
wrote /home/abhishek/Voxel_GAN/PopulationStudy/ClinicalExperiments/Experiment2/DecoderCRB/plots/qc_varian/P1/CV_P1_V_01 (100 pngs)
[2026-08-26 10:33:28] QC varian decoder CV_P2_V_01
[ckpt] cond_dim=2 phase=linear
[decoder] scan=CV_P2_V_01 pairs=100 panels=100 ckpt=crb_dec_mse_cyclic_full_spare_generator.pth out=/home/abhishek/Voxel_GAN/PopulationStudy/ClinicalExperiments/Experiment2/DecoderCRB/plots/qc_varian/P2/CV_P2_V_01
[001/100] 01_to_01  L1=0.019  L1/zero=1941378.60  cos=nan  k=nan
[002/100] 01_to_02  L1=0.281  L1/zero=0.85  cos=0.63  k=0.37
[003/100] 01_to_03  L1=0.596  L1/zero=0.79  cos=0.71  k=0.53
[004/100] 01_to_04  L1=0.784  L1/zero=0.80  cos=0.70  k=0.67
[005/100] 01_to_05  L1=0.920  L1/zero=0.81  cos=0.70  k=0.75
[006/100] 01_to_06  L1=0.914  L1/zero=0.80  cos=0.71  k=0.78
[007/100] 01_to_07  L1=0.800  L1/zero=0.85  cos=0.69  k=0.81
[008/100] 01_to_08  L1=0.702  L1/zero=0.88  cos=0.60  k=0.67
[009/100] 01_to_09  L1=0.474  L1/zero=0.89  cos=0.56  k=0.56
[010/100] 01_to_10  L1=0.209  L1/zero=0.91  cos=0.46  k=0.38
[011/100] 02_to_01  L1=0.293  L1/zero=0.86  cos=0.61  k=0.32
[012/100] 02_to_02  L1=0.014  L1/zero=1379661.54  cos=nan  k=nan
[013/100] 02_to_03  L1=0.282  L1/zero=0.85  cos=0.66  k=0.59
[014/100] 02_to_04  L1=0.585  L1/zero=0.85  cos=0.67  k=0.59
[015/100] 02_to_05  L1=0.747  L1/zero=0.85  cos=0.68  k=0.70
[016/100] 02_to_06  L1=0.829  L1/zero=0.84  cos=0.67  k=0.73
[017/100] 02_to_07  L1=0.742  L1/zero=0.81  cos=0.67  k=0.68
[018/100] 02_to_08  L1=0.605  L1/zero=0.80  cos=0.63  k=0.54
[019/100] 02_to_09  L1=0.415  L1/zero=0.83  cos=0.59  k=0.38
[020/100] 02_to_10  L1=0.366  L1/zero=0.94  cos=0.26  k=0.29
[021/100] 03_to_01  L1=0.608  L1/zero=0.79  cos=0.70  k=0.54
[022/100] 03_to_02  L1=0.267  L1/zero=0.78  cos=0.71  k=0.70
[023/100] 03_to_03  L1=0.016  L1/zero=1560260.82  cos=nan  k=nan
[024/100] 03_to_04  L1=0.234  L1/zero=0.82  cos=0.67  k=0.60
[025/100] 03_to_05  L1=0.491  L1/zero=0.82  cos=0.64  k=0.56
[026/100] 03_to_06  L1=0.585  L1/zero=0.81  cos=0.64  k=0.60
[027/100] 03_to_07  L1=0.602  L1/zero=0.85  cos=0.61  k=0.57
[028/100] 03_to_08  L1=0.518  L1/zero=0.81  cos=0.63  k=0.44
[029/100] 03_to_09  L1=0.446  L1/zero=0.79  cos=0.58  k=0.44
[030/100] 03_to_10  L1=0.568  L1/zero=0.82  cos=0.59  k=0.56
[031/100] 04_to_01  L1=0.810  L1/zero=0.78  cos=0.72  k=0.57
[032/100] 04_to_02  L1=0.576  L1/zero=0.81  cos=0.70  k=0.59
[033/100] 04_to_03  L1=0.236  L1/zero=0.84  cos=0.67  k=0.68
[034/100] 04_to_04  L1=0.015  L1/zero=1471718.03  cos=nan  k=nan
[035/100] 04_to_05  L1=0.189  L1/zero=0.87  cos=0.54  k=0.52
[036/100] 04_to_06  L1=0.354  L1/zero=0.84  cos=0.54  k=0.47
[037/100] 04_to_07  L1=0.415  L1/zero=0.81  cos=0.63  k=0.42
[038/100] 04_to_08  L1=0.459  L1/zero=0.81  cos=0.63  k=0.40
[039/100] 04_to_09  L1=0.557  L1/zero=0.82  cos=0.56  k=0.53
[040/100] 04_to_10  L1=0.708  L1/zero=0.80  cos=0.67  k=0.56
[041/100] 05_to_01  L1=1.202  L1/zero=0.98  cos=0.47  k=0.52
[042/100] 05_to_02  L1=0.892  L1/zero=0.98  cos=0.50  k=0.50
[043/100] 05_to_03  L1=0.565  L1/zero=0.95  cos=0.48  k=0.46
[044/100] 05_to_04  L1=0.202  L1/zero=0.89  cos=0.49  k=0.49
[045/100] 05_to_05  L1=0.015  L1/zero=1452126.73  cos=nan  k=nan
[046/100] 05_to_06  L1=0.137  L1/zero=0.98  cos=0.29  k=0.51
[047/100] 05_to_07  L1=0.287  L1/zero=1.01  cos=0.23  k=0.48
[048/100] 05_to_08  L1=0.504  L1/zero=1.00  cos=0.25  k=0.40
[049/100] 05_to_09  L1=0.720  L1/zero=1.01  cos=0.37  k=0.55
[050/100] 05_to_10  L1=1.003  L1/zero=0.97  cos=0.49  k=0.52
[051/100] 06_to_01  L1=1.153  L1/zero=0.91  cos=0.53  k=0.50
[052/100] 06_to_02  L1=0.930  L1/zero=0.91  cos=0.51  k=0.47
[053/100] 06_to_03  L1=0.652  L1/zero=0.91  cos=0.45  k=0.45
[054/100] 06_to_04  L1=0.374  L1/zero=0.89  cos=0.42  k=0.43
[055/100] 06_to_05  L1=0.136  L1/zero=0.90  cos=0.41  k=0.45
[056/100] 06_to_06  L1=0.016  L1/zero=1637308.67  cos=nan  k=nan
[057/100] 06_to_07  L1=0.161  L1/zero=0.96  cos=0.32  k=0.49
[058/100] 06_to_08  L1=0.349  L1/zero=0.97  cos=0.42  k=0.58
[059/100] 06_to_09  L1=0.606  L1/zero=0.97  cos=0.51  k=0.64
[060/100] 06_to_10  L1=0.973  L1/zero=0.94  cos=0.52  k=0.52
[061/100] 07_to_01  L1=1.063  L1/zero=0.98  cos=0.45  k=0.49
[062/100] 07_to_02  L1=0.944  L1/zero=0.94  cos=0.46  k=0.44
[063/100] 07_to_03  L1=0.701  L1/zero=0.95  cos=0.37  k=0.41
[064/100] 07_to_04  L1=0.472  L1/zero=0.93  cos=0.34  k=0.33
[065/100] 07_to_05  L1=0.290  L1/zero=0.96  cos=0.28  k=0.38
[066/100] 07_to_06  L1=0.177  L1/zero=0.95  cos=0.30  k=0.37
[067/100] 07_to_07  L1=0.017  L1/zero=1702317.22  cos=nan  k=nan
[068/100] 07_to_08  L1=0.232  L1/zero=1.04  cos=0.35  k=0.68
[069/100] 07_to_09  L1=0.507  L1/zero=1.13  cos=0.43  k=0.75
[070/100] 07_to_10  L1=0.840  L1/zero=1.04  cos=0.46  k=0.57
[071/100] 08_to_01  L1=0.803  L1/zero=0.88  cos=0.55  k=0.51
[072/100] 08_to_02  L1=0.677  L1/zero=0.81  cos=0.59  k=0.50
[073/100] 08_to_03  L1=0.561  L1/zero=0.84  cos=0.56  k=0.40
[074/100] 08_to_04  L1=0.478  L1/zero=0.84  cos=0.55  k=0.41
[075/100] 08_to_05  L1=0.436  L1/zero=0.89  cos=0.53  k=0.67
[076/100] 08_to_06  L1=0.348  L1/zero=0.93  cos=0.55  k=0.88
[077/100] 08_to_07  L1=0.232  L1/zero=0.91  cos=0.51  k=0.74
[078/100] 08_to_08  L1=0.019  L1/zero=1919181.83  cos=nan  k=nan
[079/100] 08_to_09  L1=0.304  L1/zero=1.01  cos=0.50  k=0.78
[080/100] 08_to_10  L1=0.611  L1/zero=0.95  cos=0.53  k=0.59
[081/100] 09_to_01  L1=0.513  L1/zero=0.91  cos=0.45  k=0.34
[082/100] 09_to_02  L1=0.473  L1/zero=0.93  cos=0.37  k=0.30
[083/100] 09_to_03  L1=0.593  L1/zero=0.99  cos=0.15  k=0.33
[084/100] 09_to_04  L1=0.657  L1/zero=1.02  cos=0.32  k=0.59
[085/100] 09_to_05  L1=0.780  L1/zero=1.10  cos=0.34  k=0.76
[086/100] 09_to_06  L1=0.713  L1/zero=1.15  cos=0.42  k=0.87
[087/100] 09_to_07  L1=0.493  L1/zero=1.12  cos=0.46  k=0.78
[088/100] 09_to_08  L1=0.249  L1/zero=0.93  cos=0.51  k=0.49
[089/100] 09_to_09  L1=0.024  L1/zero=2385202.98  cos=nan  k=nan
[090/100] 09_to_10  L1=0.281  L1/zero=0.90  cos=0.54  k=0.42
[091/100] 10_to_01  L1=0.242  L1/zero=0.94  cos=0.30  k=0.23
[092/100] 10_to_02  L1=0.377  L1/zero=0.95  cos=0.22  k=0.34
[093/100] 10_to_03  L1=0.611  L1/zero=0.84  cos=0.57  k=0.59
[094/100] 10_to_04  L1=0.810  L1/zero=0.90  cos=0.64  k=0.82
[095/100] 10_to_05  L1=0.909  L1/zero=0.97  cos=0.64  k=0.99
[096/100] 10_to_06  L1=1.011  L1/zero=1.07  cos=0.56  k=1.02
[097/100] 10_to_07  L1=0.874  L1/zero=1.14  cos=0.54  k=1.01
[098/100] 10_to_08  L1=0.550  L1/zero=0.93  cos=0.56  k=0.69
[099/100] 10_to_09  L1=0.271  L1/zero=0.85  cos=0.59  k=0.44
[100/100] 10_to_10  L1=0.022  L1/zero=2239008.62  cos=nan  k=nan

[decoder] Directed mean: L1=0.557  L1/zero=0.91  cos=0.52  k=0.56  beat_zero=87%
wrote /home/abhishek/Voxel_GAN/PopulationStudy/ClinicalExperiments/Experiment2/DecoderCRB/plots/qc_varian/P2/CV_P2_V_01 (100 pngs)
[2026-08-26 10:34:13] QC varian decoder CV_P3_V_01
[ckpt] cond_dim=2 phase=linear
[decoder] scan=CV_P3_V_01 pairs=100 panels=100 ckpt=crb_dec_mse_cyclic_full_spare_generator.pth out=/home/abhishek/Voxel_GAN/PopulationStudy/ClinicalExperiments/Experiment2/DecoderCRB/plots/qc_varian/P3/CV_P3_V_01
[001/100] 01_to_01  L1=0.018  L1/zero=1784201.15  cos=nan  k=nan
[002/100] 01_to_02  L1=0.343  L1/zero=1.05  cos=0.34  k=0.60
[003/100] 01_to_03  L1=0.633  L1/zero=0.94  cos=0.57  k=0.77
[004/100] 01_to_04  L1=0.784  L1/zero=0.88  cos=0.59  k=0.85
[005/100] 01_to_05  L1=0.955  L1/zero=0.79  cos=0.65  k=0.80
[006/100] 01_to_06  L1=1.084  L1/zero=0.78  cos=0.66  k=0.76
[007/100] 01_to_07  L1=0.956  L1/zero=0.85  cos=0.60  k=0.75
[008/100] 01_to_08  L1=0.692  L1/zero=0.81  cos=0.62  k=0.65
[009/100] 01_to_09  L1=0.508  L1/zero=0.83  cos=0.63  k=0.48
[010/100] 01_to_10  L1=0.328  L1/zero=0.96  cos=0.31  k=0.33
[011/100] 02_to_01  L1=0.336  L1/zero=1.05  cos=0.28  k=0.49
[012/100] 02_to_02  L1=0.020  L1/zero=2006246.71  cos=nan  k=nan
[013/100] 02_to_03  L1=0.278  L1/zero=0.82  cos=0.69  k=0.79
[014/100] 02_to_04  L1=0.509  L1/zero=0.80  cos=0.67  k=0.82
[015/100] 02_to_05  L1=0.708  L1/zero=0.73  cos=0.70  k=0.73
[016/100] 02_to_06  L1=0.853  L1/zero=0.73  cos=0.71  k=0.69
[017/100] 02_to_07  L1=0.841  L1/zero=0.85  cos=0.59  k=0.69
[018/100] 02_to_08  L1=0.684  L1/zero=0.89  cos=0.53  k=0.64
[019/100] 02_to_09  L1=0.637  L1/zero=1.02  cos=0.25  k=0.50
[020/100] 02_to_10  L1=0.508  L1/zero=1.26  cos=-0.17  k=0.76
[021/100] 03_to_01  L1=0.598  L1/zero=0.93  cos=0.60  k=0.83
[022/100] 03_to_02  L1=0.277  L1/zero=0.82  cos=0.74  k=0.99
[023/100] 03_to_03  L1=0.021  L1/zero=2061005.68  cos=nan  k=nan
[024/100] 03_to_04  L1=0.246  L1/zero=0.83  cos=0.63  k=0.78
[025/100] 03_to_05  L1=0.498  L1/zero=0.79  cos=0.66  k=0.67
[026/100] 03_to_06  L1=0.673  L1/zero=0.79  cos=0.66  k=0.63
[027/100] 03_to_07  L1=0.691  L1/zero=0.94  cos=0.48  k=0.65
[028/100] 03_to_08  L1=0.676  L1/zero=1.06  cos=0.27  k=0.68
[029/100] 03_to_09  L1=0.654  L1/zero=1.27  cos=0.10  k=1.10
[030/100] 03_to_10  L1=0.679  L1/zero=1.30  cos=0.26  k=1.23
[031/100] 04_to_01  L1=0.724  L1/zero=0.88  cos=0.64  k=0.95
[032/100] 04_to_02  L1=0.478  L1/zero=0.83  cos=0.72  k=1.00
[033/100] 04_to_03  L1=0.235  L1/zero=0.84  cos=0.65  k=0.95
[034/100] 04_to_04  L1=0.017  L1/zero=1659302.04  cos=nan  k=nan
[035/100] 04_to_05  L1=0.273  L1/zero=0.79  cos=0.70  k=0.47
[036/100] 04_to_06  L1=0.511  L1/zero=0.81  cos=0.62  k=0.46
[037/100] 04_to_07  L1=0.563  L1/zero=0.97  cos=0.36  k=0.57
[038/100] 04_to_08  L1=0.628  L1/zero=1.15  cos=0.27  k=0.94
[039/100] 04_to_09  L1=0.701  L1/zero=1.38  cos=0.29  k=1.39
[040/100] 04_to_10  L1=0.740  L1/zero=1.25  cos=0.47  k=1.37
[041/100] 05_to_01  L1=0.774  L1/zero=0.72  cos=0.77  k=0.87
[042/100] 05_to_02  L1=0.651  L1/zero=0.73  cos=0.74  k=0.85
[043/100] 05_to_03  L1=0.467  L1/zero=0.78  cos=0.69  k=0.78
[044/100] 05_to_04  L1=0.247  L1/zero=0.73  cos=0.74  k=0.61
[045/100] 05_to_05  L1=0.016  L1/zero=1580709.96  cos=nan  k=nan
[046/100] 05_to_06  L1=0.216  L1/zero=0.82  cos=0.56  k=0.42
[047/100] 05_to_07  L1=0.385  L1/zero=0.96  cos=0.40  k=0.73
[048/100] 05_to_08  L1=0.558  L1/zero=0.97  cos=0.55  k=0.97
[049/100] 05_to_09  L1=0.674  L1/zero=0.97  cos=0.61  k=1.17
[050/100] 05_to_10  L1=0.809  L1/zero=0.92  cos=0.65  k=1.08
[051/100] 06_to_01  L1=0.951  L1/zero=0.73  cos=0.75  k=0.57
[052/100] 06_to_02  L1=0.785  L1/zero=0.74  cos=0.70  k=0.62
[053/100] 06_to_03  L1=0.619  L1/zero=0.76  cos=0.67  k=0.58
[054/100] 06_to_04  L1=0.476  L1/zero=0.78  cos=0.66  k=0.46
[055/100] 06_to_05  L1=0.207  L1/zero=0.78  cos=0.66  k=0.44
[056/100] 06_to_06  L1=0.019  L1/zero=1940844.21  cos=nan  k=nan
[057/100] 06_to_07  L1=0.280  L1/zero=0.83  cos=0.58  k=0.39
[058/100] 06_to_08  L1=0.472  L1/zero=0.80  cos=0.65  k=0.58
[059/100] 06_to_09  L1=0.580  L1/zero=0.79  cos=0.68  k=0.78
[060/100] 06_to_10  L1=0.751  L1/zero=0.78  cos=0.68  k=0.74
[061/100] 07_to_01  L1=0.847  L1/zero=0.83  cos=0.65  k=0.80
[062/100] 07_to_02  L1=0.818  L1/zero=0.89  cos=0.55  k=0.74
[063/100] 07_to_03  L1=0.703  L1/zero=0.98  cos=0.44  k=0.67
[064/100] 07_to_04  L1=0.535  L1/zero=0.94  cos=0.36  k=0.60
[065/100] 07_to_05  L1=0.407  L1/zero=0.99  cos=0.34  k=0.71
[066/100] 07_to_06  L1=0.306  L1/zero=0.86  cos=0.49  k=0.55
[067/100] 07_to_07  L1=0.019  L1/zero=1862115.04  cos=nan  k=nan
[068/100] 07_to_08  L1=0.271  L1/zero=0.84  cos=0.66  k=1.02
[069/100] 07_to_09  L1=0.476  L1/zero=1.05  cos=0.70  k=1.44
[070/100] 07_to_10  L1=0.610  L1/zero=0.93  cos=0.71  k=1.21
[071/100] 08_to_01  L1=0.652  L1/zero=0.82  cos=0.63  k=0.54
[072/100] 08_to_02  L1=0.611  L1/zero=0.90  cos=0.43  k=0.51
[073/100] 08_to_03  L1=0.603  L1/zero=1.06  cos=0.05  k=0.58
[074/100] 08_to_04  L1=0.656  L1/zero=1.20  cos=0.03  k=0.79
[075/100] 08_to_05  L1=0.648  L1/zero=1.04  cos=0.40  k=0.89
[076/100] 08_to_06  L1=0.592  L1/zero=0.94  cos=0.52  k=0.85
[077/100] 08_to_07  L1=0.326  L1/zero=0.91  cos=0.47  k=0.62
[078/100] 08_to_08  L1=0.023  L1/zero=2320449.61  cos=nan  k=nan
[079/100] 08_to_09  L1=0.285  L1/zero=0.93  cos=0.51  k=0.89
[080/100] 08_to_10  L1=0.431  L1/zero=0.90  cos=0.62  k=0.88
[081/100] 09_to_01  L1=0.508  L1/zero=0.87  cos=0.58  k=0.51
[082/100] 09_to_02  L1=0.594  L1/zero=1.05  cos=0.12  k=0.56
[083/100] 09_to_03  L1=0.644  L1/zero=1.25  cos=0.08  k=1.09
[084/100] 09_to_04  L1=0.725  L1/zero=1.44  cos=0.24  k=1.45
[085/100] 09_to_05  L1=0.723  L1/zero=1.01  cos=0.58  k=1.30
[086/100] 09_to_06  L1=0.694  L1/zero=0.91  cos=0.66  k=1.22
[087/100] 09_to_07  L1=0.466  L1/zero=1.03  cos=0.66  k=1.41
[088/100] 09_to_08  L1=0.236  L1/zero=0.91  cos=0.59  k=1.04
[089/100] 09_to_09  L1=0.028  L1/zero=2798734.79  cos=nan  k=nan
[090/100] 09_to_10  L1=0.215  L1/zero=0.77  cos=0.72  k=0.74
[091/100] 10_to_01  L1=0.364  L1/zero=0.99  cos=0.04  k=0.32
[092/100] 10_to_02  L1=0.506  L1/zero=1.24  cos=-0.22  k=0.80
[093/100] 10_to_03  L1=0.637  L1/zero=1.24  cos=0.33  k=1.26
[094/100] 10_to_04  L1=0.792  L1/zero=1.33  cos=0.46  k=1.53
[095/100] 10_to_05  L1=0.982  L1/zero=1.05  cos=0.57  k=1.19
[096/100] 10_to_06  L1=0.982  L1/zero=0.96  cos=0.64  k=1.12
[097/100] 10_to_07  L1=0.684  L1/zero=0.99  cos=0.66  k=1.19
[098/100] 10_to_08  L1=0.432  L1/zero=0.89  cos=0.62  k=0.88
[099/100] 10_to_09  L1=0.256  L1/zero=0.85  cos=0.59  k=0.47
[100/100] 10_to_10  L1=0.016  L1/zero=1606757.57  cos=nan  k=nan

[decoder] Directed mean: L1=0.573  L1/zero=0.93  cos=0.52  k=0.81  beat_zero=74%
wrote /home/abhishek/Voxel_GAN/PopulationStudy/ClinicalExperiments/Experiment2/DecoderCRB/plots/qc_varian/P3/CV_P3_V_01 (100 pngs)
[2026-08-26 10:34:58] QC varian decoder CV_P4_V_01
[ckpt] cond_dim=2 phase=linear
[decoder] scan=CV_P4_V_01 pairs=100 panels=100 ckpt=crb_dec_mse_cyclic_full_spare_generator.pth out=/home/abhishek/Voxel_GAN/PopulationStudy/ClinicalExperiments/Experiment2/DecoderCRB/plots/qc_varian/P4/CV_P4_V_01
[001/100] 01_to_01  L1=0.021  L1/zero=2097464.35  cos=nan  k=nan
[002/100] 01_to_02  L1=0.258  L1/zero=0.75  cos=0.69  k=0.56
[003/100] 01_to_03  L1=0.642  L1/zero=0.74  cos=0.73  k=0.65
[004/100] 01_to_04  L1=1.090  L1/zero=0.73  cos=0.72  k=0.60
[005/100] 01_to_05  L1=1.226  L1/zero=0.70  cos=0.77  k=0.66
[006/100] 01_to_06  L1=1.217  L1/zero=0.68  cos=0.79  k=0.69
[007/100] 01_to_07  L1=1.059  L1/zero=0.67  cos=0.78  k=0.64
[008/100] 01_to_08  L1=0.889  L1/zero=0.69  cos=0.76  k=0.46
[009/100] 01_to_09  L1=0.597  L1/zero=0.72  cos=0.73  k=0.38
[010/100] 01_to_10  L1=0.298  L1/zero=0.83  cos=0.49  k=0.30
[011/100] 02_to_01  L1=0.255  L1/zero=0.75  cos=0.72  k=0.52
[012/100] 02_to_02  L1=0.023  L1/zero=2250641.77  cos=nan  k=nan
[013/100] 02_to_03  L1=0.338  L1/zero=0.74  cos=0.75  k=0.69
[014/100] 02_to_04  L1=0.748  L1/zero=0.77  cos=0.68  k=0.66
[015/100] 02_to_05  L1=1.127  L1/zero=0.72  cos=0.72  k=0.63
[016/100] 02_to_06  L1=1.123  L1/zero=0.70  cos=0.75  k=0.67
[017/100] 02_to_07  L1=1.123  L1/zero=0.74  cos=0.68  k=0.56
[018/100] 02_to_08  L1=0.934  L1/zero=0.74  cos=0.65  k=0.43
[019/100] 02_to_09  L1=0.719  L1/zero=0.83  cos=0.47  k=0.39
[020/100] 02_to_10  L1=0.468  L1/zero=1.00  cos=0.31  k=0.69
[021/100] 03_to_01  L1=0.619  L1/zero=0.73  cos=0.74  k=0.72
[022/100] 03_to_02  L1=0.338  L1/zero=0.75  cos=0.75  k=0.79
[023/100] 03_to_03  L1=0.024  L1/zero=2404266.60  cos=nan  k=nan
[024/100] 03_to_04  L1=0.334  L1/zero=0.78  cos=0.70  k=0.65
[025/100] 03_to_05  L1=0.705  L1/zero=0.77  cos=0.66  k=0.59
[026/100] 03_to_06  L1=0.816  L1/zero=0.71  cos=0.69  k=0.60
[027/100] 03_to_07  L1=0.849  L1/zero=0.75  cos=0.61  k=0.48
[028/100] 03_to_08  L1=0.828  L1/zero=0.88  cos=0.44  k=0.45
[029/100] 03_to_09  L1=0.806  L1/zero=0.98  cos=0.39  k=0.67
[030/100] 03_to_10  L1=0.745  L1/zero=0.86  cos=0.56  k=0.82
[031/100] 04_to_01  L1=1.017  L1/zero=0.72  cos=0.78  k=0.61
[032/100] 04_to_02  L1=0.703  L1/zero=0.76  cos=0.72  k=0.69
[033/100] 04_to_03  L1=0.323  L1/zero=0.78  cos=0.70  k=0.75
[034/100] 04_to_04  L1=0.019  L1/zero=1891301.39  cos=nan  k=nan
[035/100] 04_to_05  L1=0.303  L1/zero=0.85  cos=0.60  k=0.58
[036/100] 04_to_06  L1=0.525  L1/zero=0.89  cos=0.49  k=0.62
[037/100] 04_to_07  L1=0.503  L1/zero=0.95  cos=0.36  k=0.68
[038/100] 04_to_08  L1=0.621  L1/zero=1.01  cos=0.41  k=0.86
[039/100] 04_to_09  L1=0.710  L1/zero=0.84  cos=0.60  k=0.90
[040/100] 04_to_10  L1=0.923  L1/zero=0.77  cos=0.68  k=0.73
[041/100] 05_to_01  L1=1.175  L1/zero=0.70  cos=0.80  k=0.64
[042/100] 05_to_02  L1=1.084  L1/zero=0.72  cos=0.74  k=0.61
[043/100] 05_to_03  L1=0.709  L1/zero=0.79  cos=0.64  k=0.65
[044/100] 05_to_04  L1=0.297  L1/zero=0.83  cos=0.62  k=0.74
[045/100] 05_to_05  L1=0.018  L1/zero=1820148.34  cos=nan  k=nan
[046/100] 05_to_06  L1=0.213  L1/zero=1.06  cos=0.17  k=0.63
[047/100] 05_to_07  L1=0.431  L1/zero=1.10  cos=0.30  k=0.89
[048/100] 05_to_08  L1=0.632  L1/zero=0.90  cos=0.60  k=0.97
[049/100] 05_to_09  L1=0.764  L1/zero=0.74  cos=0.74  k=0.91
[050/100] 05_to_10  L1=0.986  L1/zero=0.72  cos=0.78  k=0.78
[051/100] 06_to_01  L1=1.202  L1/zero=0.70  cos=0.79  k=0.66
[052/100] 06_to_02  L1=1.149  L1/zero=0.72  cos=0.75  k=0.63
[053/100] 06_to_03  L1=0.811  L1/zero=0.74  cos=0.67  k=0.63
[054/100] 06_to_04  L1=0.510  L1/zero=0.88  cos=0.52  k=0.72
[055/100] 06_to_05  L1=0.208  L1/zero=1.02  cos=0.29  k=0.74
[056/100] 06_to_06  L1=0.022  L1/zero=2161127.89  cos=nan  k=nan
[057/100] 06_to_07  L1=0.275  L1/zero=0.94  cos=0.61  k=0.92
[058/100] 06_to_08  L1=0.569  L1/zero=0.89  cos=0.68  k=1.03
[059/100] 06_to_09  L1=0.771  L1/zero=0.77  cos=0.76  k=0.96
[060/100] 06_to_10  L1=0.997  L1/zero=0.72  cos=0.79  k=0.78
[061/100] 07_to_01  L1=1.089  L1/zero=0.69  cos=0.82  k=0.54
[062/100] 07_to_02  L1=1.128  L1/zero=0.74  cos=0.70  k=0.49
[063/100] 07_to_03  L1=0.789  L1/zero=0.76  cos=0.61  k=0.48
[064/100] 07_to_04  L1=0.448  L1/zero=0.89  cos=0.42  k=0.63
[065/100] 07_to_05  L1=0.397  L1/zero=0.98  cos=0.36  k=0.73
[066/100] 07_to_06  L1=0.275  L1/zero=0.88  cos=0.56  k=0.69
[067/100] 07_to_07  L1=0.021  L1/zero=2082043.70  cos=nan  k=nan
[068/100] 07_to_08  L1=0.306  L1/zero=0.82  cos=0.67  k=0.86
[069/100] 07_to_09  L1=0.502  L1/zero=0.72  cos=0.77  k=0.88
[070/100] 07_to_10  L1=0.788  L1/zero=0.69  cos=0.83  k=0.67
[071/100] 08_to_01  L1=0.859  L1/zero=0.69  cos=0.79  k=0.45
[072/100] 08_to_02  L1=0.921  L1/zero=0.75  cos=0.65  k=0.43
[073/100] 08_to_03  L1=0.787  L1/zero=0.90  cos=0.38  k=0.50
[074/100] 08_to_04  L1=0.659  L1/zero=0.99  cos=0.42  k=0.89
[075/100] 08_to_05  L1=0.634  L1/zero=0.82  cos=0.68  k=1.01
[076/100] 08_to_06  L1=0.562  L1/zero=0.80  cos=0.73  k=1.06
[077/100] 08_to_07  L1=0.345  L1/zero=0.81  cos=0.65  k=0.82
[078/100] 08_to_08  L1=0.022  L1/zero=2200900.58  cos=nan  k=nan
[079/100] 08_to_09  L1=0.293  L1/zero=0.69  cos=0.78  k=0.76
[080/100] 08_to_10  L1=0.565  L1/zero=0.68  cos=0.80  k=0.60
[081/100] 09_to_01  L1=0.582  L1/zero=0.73  cos=0.71  k=0.39
[082/100] 09_to_02  L1=0.745  L1/zero=0.85  cos=0.42  k=0.43
[083/100] 09_to_03  L1=0.830  L1/zero=1.00  cos=0.37  k=0.70
[084/100] 09_to_04  L1=0.713  L1/zero=0.82  cos=0.66  k=1.00
[085/100] 09_to_05  L1=0.779  L1/zero=0.71  cos=0.76  k=0.98
[086/100] 09_to_06  L1=0.759  L1/zero=0.72  cos=0.77  k=1.01
[087/100] 09_to_07  L1=0.499  L1/zero=0.70  cos=0.78  k=0.94
[088/100] 09_to_08  L1=0.285  L1/zero=0.71  cos=0.76  k=0.67
[089/100] 09_to_09  L1=0.025  L1/zero=2511118.17  cos=nan  k=nan
[090/100] 09_to_10  L1=0.273  L1/zero=0.69  cos=0.84  k=0.49
[091/100] 10_to_01  L1=0.306  L1/zero=0.83  cos=0.35  k=0.35
[092/100] 10_to_02  L1=0.509  L1/zero=1.05  cos=0.23  k=0.77
[093/100] 10_to_03  L1=0.726  L1/zero=0.85  cos=0.59  k=0.88
[094/100] 10_to_04  L1=0.918  L1/zero=0.72  cos=0.73  k=0.85
[095/100] 10_to_05  L1=0.922  L1/zero=0.64  cos=0.80  k=0.88
[096/100] 10_to_06  L1=0.937  L1/zero=0.64  cos=0.81  k=0.89
[097/100] 10_to_07  L1=0.729  L1/zero=0.64  cos=0.81  k=0.82
[098/100] 10_to_08  L1=0.563  L1/zero=0.65  cos=0.79  k=0.61
[099/100] 10_to_09  L1=0.299  L1/zero=0.71  cos=0.80  k=0.47
[100/100] 10_to_10  L1=0.015  L1/zero=1505596.56  cos=nan  k=nan

[decoder] Directed mean: L1=0.681  L1/zero=0.79  cos=0.64  k=0.69  beat_zero=93%
wrote /home/abhishek/Voxel_GAN/PopulationStudy/ClinicalExperiments/Experiment2/DecoderCRB/plots/qc_varian/P4/CV_P4_V_01 (100 pngs)
[2026-08-26 10:35:45] QC varian decoder CV_P5_V_01
[ckpt] cond_dim=2 phase=linear
[decoder] scan=CV_P5_V_01 pairs=100 panels=100 ckpt=crb_dec_mse_cyclic_full_spare_generator.pth out=/home/abhishek/Voxel_GAN/PopulationStudy/ClinicalExperiments/Experiment2/DecoderCRB/plots/qc_varian/P5/CV_P5_V_01
[001/100] 01_to_01  L1=0.039  L1/zero=3862126.17  cos=nan  k=nan
[002/100] 01_to_02  L1=0.241  L1/zero=0.85  cos=0.59  k=0.32
[003/100] 01_to_03  L1=0.539  L1/zero=0.82  cos=0.66  k=0.68
[004/100] 01_to_04  L1=0.862  L1/zero=0.79  cos=0.69  k=0.71
[005/100] 01_to_05  L1=1.266  L1/zero=0.81  cos=0.65  k=0.73
[006/100] 01_to_06  L1=1.416  L1/zero=0.82  cos=0.62  k=0.75
[007/100] 01_to_07  L1=1.208  L1/zero=0.80  cos=0.60  k=0.59
[008/100] 01_to_08  L1=1.053  L1/zero=0.89  cos=0.53  k=0.24
[009/100] 01_to_09  L1=0.669  L1/zero=0.94  cos=0.42  k=0.14
[010/100] 01_to_10  L1=0.285  L1/zero=0.99  cos=0.04  k=0.13
[011/100] 02_to_01  L1=0.243  L1/zero=0.85  cos=0.55  k=0.41
[012/100] 02_to_02  L1=0.019  L1/zero=1897036.47  cos=nan  k=nan
[013/100] 02_to_03  L1=0.373  L1/zero=0.90  cos=0.54  k=0.35
[014/100] 02_to_04  L1=0.788  L1/zero=0.84  cos=0.64  k=0.39
[015/100] 02_to_05  L1=1.128  L1/zero=0.79  cos=0.66  k=0.55
[016/100] 02_to_06  L1=1.311  L1/zero=0.80  cos=0.63  k=0.61
[017/100] 02_to_07  L1=1.324  L1/zero=0.89  cos=0.47  k=0.31
[018/100] 02_to_08  L1=1.122  L1/zero=0.95  cos=0.36  k=0.14
[019/100] 02_to_09  L1=0.832  L1/zero=1.04  cos=-0.21  k=0.11
[020/100] 02_to_10  L1=0.488  L1/zero=1.02  cos=0.04  k=0.30
[021/100] 03_to_01  L1=0.571  L1/zero=0.85  cos=0.68  k=0.78
[022/100] 03_to_02  L1=0.345  L1/zero=0.84  cos=0.67  k=0.65
[023/100] 03_to_03  L1=0.018  L1/zero=1800448.07  cos=nan  k=nan
[024/100] 03_to_04  L1=0.491  L1/zero=1.02  cos=0.03  k=0.15
[025/100] 03_to_05  L1=1.016  L1/zero=0.98  cos=0.29  k=0.14
[026/100] 03_to_06  L1=1.232  L1/zero=0.97  cos=0.31  k=0.14
[027/100] 03_to_07  L1=1.146  L1/zero=0.99  cos=0.15  k=0.07
[028/100] 03_to_08  L1=0.863  L1/zero=1.03  cos=-0.00  k=0.15
[029/100] 03_to_09  L1=0.750  L1/zero=1.02  cos=0.24  k=0.51
[030/100] 03_to_10  L1=0.600  L1/zero=0.85  cos=0.60  k=0.71
[031/100] 04_to_01  L1=0.926  L1/zero=0.82  cos=0.67  k=0.71
[032/100] 04_to_02  L1=0.764  L1/zero=0.82  cos=0.65  k=0.49
[033/100] 04_to_03  L1=0.425  L1/zero=0.93  cos=0.46  k=0.29
[034/100] 04_to_04  L1=0.020  L1/zero=2022349.09  cos=nan  k=nan
[035/100] 04_to_05  L1=0.422  L1/zero=1.04  cos=-0.25  k=0.13
[036/100] 04_to_06  L1=0.678  L1/zero=1.03  cos=-0.14  k=0.10
[037/100] 04_to_07  L1=0.679  L1/zero=1.03  cos=-0.03  k=0.15
[038/100] 04_to_08  L1=0.669  L1/zero=1.02  cos=0.22  k=0.51
[039/100] 04_to_09  L1=0.666  L1/zero=0.89  cos=0.58  k=0.80
[040/100] 04_to_10  L1=0.786  L1/zero=0.82  cos=0.67  k=0.70
[041/100] 05_to_01  L1=1.208  L1/zero=0.78  cos=0.69  k=0.62
[042/100] 05_to_02  L1=1.106  L1/zero=0.82  cos=0.66  k=0.45
[043/100] 05_to_03  L1=0.871  L1/zero=0.92  cos=0.51  k=0.26
[044/100] 05_to_04  L1=0.391  L1/zero=1.02  cos=0.02  k=0.13
[045/100] 05_to_05  L1=0.015  L1/zero=1485206.37  cos=nan  k=nan
[046/100] 05_to_06  L1=0.236  L1/zero=1.01  cos=0.05  k=0.21
[047/100] 05_to_07  L1=0.360  L1/zero=0.90  cos=0.49  k=0.23
[048/100] 05_to_08  L1=0.546  L1/zero=0.82  cos=0.59  k=0.44
[049/100] 05_to_09  L1=0.768  L1/zero=0.77  cos=0.71  k=0.61
[050/100] 05_to_10  L1=1.055  L1/zero=0.79  cos=0.69  k=0.62
[051/100] 06_to_01  L1=1.273  L1/zero=0.77  cos=0.70  k=0.65
[052/100] 06_to_02  L1=1.282  L1/zero=0.81  cos=0.64  k=0.45
[053/100] 06_to_03  L1=1.039  L1/zero=0.89  cos=0.48  k=0.30
[054/100] 06_to_04  L1=0.612  L1/zero=1.00  cos=0.15  k=0.20
[055/100] 06_to_05  L1=0.268  L1/zero=1.02  cos=-0.17  k=0.11
[056/100] 06_to_06  L1=0.015  L1/zero=1488828.66  cos=nan  k=nan
[057/100] 06_to_07  L1=0.307  L1/zero=0.91  cos=0.34  k=0.27
[058/100] 06_to_08  L1=0.502  L1/zero=0.76  cos=0.65  k=0.52
[059/100] 06_to_09  L1=0.794  L1/zero=0.75  cos=0.71  k=0.67
[060/100] 06_to_10  L1=1.120  L1/zero=0.79  cos=0.68  k=0.63
[061/100] 07_to_01  L1=1.209  L1/zero=0.82  cos=0.62  k=0.45
[062/100] 07_to_02  L1=1.360  L1/zero=0.92  cos=0.48  k=0.20
[063/100] 07_to_03  L1=1.088  L1/zero=1.03  cos=-0.10  k=0.11
[064/100] 07_to_04  L1=0.637  L1/zero=1.05  cos=-0.31  k=0.12
[065/100] 07_to_05  L1=0.393  L1/zero=0.98  cos=0.09  k=0.19
[066/100] 07_to_06  L1=0.323  L1/zero=0.96  cos=0.10  k=0.18
[067/100] 07_to_07  L1=0.021  L1/zero=2066302.49  cos=nan  k=nan
[068/100] 07_to_08  L1=0.375  L1/zero=0.94  cos=0.29  k=0.22
[069/100] 07_to_09  L1=0.597  L1/zero=0.76  cos=0.68  k=0.58
[070/100] 07_to_10  L1=0.962  L1/zero=0.80  cos=0.64  k=0.57
[071/100] 08_to_01  L1=1.178  L1/zero=0.99  cos=0.23  k=0.09
[072/100] 08_to_02  L1=1.151  L1/zero=1.04  cos=-0.24  k=0.09
[073/100] 08_to_03  L1=0.849  L1/zero=1.08  cos=-0.32  k=0.14
[074/100] 08_to_04  L1=0.654  L1/zero=1.02  cos=0.14  k=0.43
[075/100] 08_to_05  L1=0.577  L1/zero=0.80  cos=0.59  k=0.65
[076/100] 08_to_06  L1=0.542  L1/zero=0.79  cos=0.63  k=0.67
[077/100] 08_to_07  L1=0.432  L1/zero=1.04  cos=-0.17  k=0.17
[078/100] 08_to_08  L1=0.017  L1/zero=1728046.69  cos=nan  k=nan
[079/100] 08_to_09  L1=0.387  L1/zero=0.96  cos=0.30  k=0.19
[080/100] 08_to_10  L1=0.728  L1/zero=0.91  cos=0.54  k=0.22
[081/100] 09_to_01  L1=0.682  L1/zero=1.01  cos=-0.03  k=0.10
[082/100] 09_to_02  L1=0.785  L1/zero=1.07  cos=-0.40  k=0.14
[083/100] 09_to_03  L1=0.760  L1/zero=1.11  cos=0.04  k=0.52
[084/100] 09_to_04  L1=0.707  L1/zero=0.90  cos=0.58  k=0.74
[085/100] 09_to_05  L1=0.845  L1/zero=0.80  cos=0.67  k=0.71
[086/100] 09_to_06  L1=0.840  L1/zero=0.76  cos=0.69  k=0.69
[087/100] 09_to_07  L1=0.700  L1/zero=0.86  cos=0.59  k=0.33
[088/100] 09_to_08  L1=0.438  L1/zero=1.09  cos=-0.37  k=0.16
[089/100] 09_to_09  L1=0.020  L1/zero=1990640.91  cos=nan  k=nan
[090/100] 09_to_10  L1=0.340  L1/zero=0.94  cos=0.49  k=0.16
[091/100] 10_to_01  L1=0.318  L1/zero=1.06  cos=-0.25  k=0.22
[092/100] 10_to_02  L1=0.543  L1/zero=1.21  cos=-0.09  k=0.62
[093/100] 10_to_03  L1=0.772  L1/zero=1.17  cos=0.38  k=0.95
[094/100] 10_to_04  L1=0.863  L1/zero=0.91  cos=0.66  k=0.99
[095/100] 10_to_05  L1=1.081  L1/zero=0.80  cos=0.69  k=0.91
[096/100] 10_to_06  L1=1.186  L1/zero=0.80  cos=0.67  k=0.91
[097/100] 10_to_07  L1=0.915  L1/zero=0.75  cos=0.68  k=0.69
[098/100] 10_to_08  L1=0.753  L1/zero=0.92  cos=0.50  k=0.21
[099/100] 10_to_09  L1=0.368  L1/zero=0.97  cos=0.28  k=0.16
[100/100] 10_to_10  L1=0.010  L1/zero=1020323.39  cos=nan  k=nan

[decoder] Directed mean: L1=0.758  L1/zero=0.91  cos=0.36  k=0.41  beat_zero=71%
wrote /home/abhishek/Voxel_GAN/PopulationStudy/ClinicalExperiments/Experiment2/DecoderCRB/plots/qc_varian/P5/CV_P5_V_01 (100 pngs)
[2026-08-26 10:36:28] QC elekta decoder CE_P1_V_01
[ckpt] cond_dim=2 phase=linear
[decoder|elekta] scan=CE_P1_V_01 pairs=100 panels=100 ckpt=crb_dec_mse_cyclic_full_spare_generator.pth out=/home/abhishek/Voxel_GAN/PopulationStudy/ClinicalExperiments/Experiment2/DecoderCRB/plots/qc_elekta/P1/CE_P1_V_01
[001/100] 01_to_01  L1=0.016  L1/zero=1621735.47  cos=nan  k=nan
[002/100] 01_to_02  L1=0.387  L1/zero=0.94  cos=0.46  k=0.19
[003/100] 01_to_03  L1=1.120  L1/zero=0.94  cos=0.48  k=0.17
[004/100] 01_to_04  L1=1.341  L1/zero=0.92  cos=0.52  k=0.25
[005/100] 01_to_05  L1=1.412  L1/zero=0.91  cos=0.57  k=0.29
[006/100] 01_to_06  L1=1.362  L1/zero=0.91  cos=0.59  k=0.32
[007/100] 01_to_07  L1=1.214  L1/zero=0.91  cos=0.58  k=0.27
[008/100] 01_to_08  L1=1.006  L1/zero=0.94  cos=0.52  k=0.15
[009/100] 01_to_09  L1=0.706  L1/zero=0.98  cos=0.44  k=0.07
[010/100] 01_to_10  L1=0.354  L1/zero=1.00  cos=0.18  k=0.09
[011/100] 02_to_01  L1=0.377  L1/zero=0.93  cos=0.43  k=0.27
[012/100] 02_to_02  L1=0.011  L1/zero=1137473.06  cos=nan  k=nan
[013/100] 02_to_03  L1=0.484  L1/zero=0.96  cos=0.37  k=0.10
[014/100] 02_to_04  L1=0.752  L1/zero=0.95  cos=0.44  k=0.16
[015/100] 02_to_05  L1=0.948  L1/zero=0.92  cos=0.52  k=0.24
[016/100] 02_to_06  L1=0.999  L1/zero=0.91  cos=0.54  k=0.29
[017/100] 02_to_07  L1=0.934  L1/zero=0.92  cos=0.52  k=0.25
[018/100] 02_to_08  L1=0.853  L1/zero=0.95  cos=0.45  k=0.13
[019/100] 02_to_09  L1=0.708  L1/zero=1.01  cos=0.05  k=0.08
[020/100] 02_to_10  L1=0.456  L1/zero=1.04  cos=-0.00  k=0.21
[021/100] 03_to_01  L1=1.114  L1/zero=0.94  cos=0.42  k=0.24
[022/100] 03_to_02  L1=0.469  L1/zero=0.93  cos=0.47  k=0.22
[023/100] 03_to_03  L1=0.010  L1/zero=998523.65  cos=nan  k=nan
[024/100] 03_to_04  L1=0.293  L1/zero=1.00  cos=0.07  k=0.08
[025/100] 03_to_05  L1=0.507  L1/zero=0.96  cos=0.36  k=0.14
[026/100] 03_to_06  L1=0.604  L1/zero=0.95  cos=0.40  k=0.17
[027/100] 03_to_07  L1=0.670  L1/zero=0.95  cos=0.37  k=0.15
[028/100] 03_to_08  L1=0.760  L1/zero=0.98  cos=0.25  k=0.09
[029/100] 03_to_09  L1=0.891  L1/zero=1.02  cos=0.08  k=0.16
[030/100] 03_to_10  L1=1.035  L1/zero=0.97  cos=0.28  k=0.22
[031/100] 04_to_01  L1=1.309  L1/zero=0.93  cos=0.48  k=0.28
[032/100] 04_to_02  L1=0.723  L1/zero=0.92  cos=0.50  k=0.24
[033/100] 04_to_03  L1=0.272  L1/zero=0.95  cos=0.36  k=0.20
[034/100] 04_to_04  L1=0.011  L1/zero=1146259.90  cos=nan  k=nan
[035/100] 04_to_05  L1=0.242  L1/zero=0.96  cos=0.42  k=0.09
[036/100] 04_to_06  L1=0.366  L1/zero=0.95  cos=0.49  k=0.11
[037/100] 04_to_07  L1=0.508  L1/zero=0.98  cos=0.31  k=0.08
[038/100] 04_to_08  L1=0.712  L1/zero=1.00  cos=0.11  k=0.11
[039/100] 04_to_09  L1=0.935  L1/zero=0.99  cos=0.19  k=0.25
[040/100] 04_to_10  L1=1.148  L1/zero=0.95  cos=0.38  k=0.30
[041/100] 05_to_01  L1=1.358  L1/zero=0.92  cos=0.51  k=0.34
[042/100] 05_to_02  L1=0.964  L1/zero=0.92  cos=0.47  k=0.28
[043/100] 05_to_03  L1=0.476  L1/zero=0.93  cos=0.44  k=0.24
[044/100] 05_to_04  L1=0.253  L1/zero=0.99  cos=0.16  k=0.18
[045/100] 05_to_05  L1=0.016  L1/zero=1587628.01  cos=nan  k=nan
[046/100] 05_to_06  L1=0.169  L1/zero=0.97  cos=0.37  k=0.11
[047/100] 05_to_07  L1=0.364  L1/zero=0.99  cos=0.24  k=0.09
[048/100] 05_to_08  L1=0.639  L1/zero=1.00  cos=0.11  k=0.14
[049/100] 05_to_09  L1=0.913  L1/zero=0.99  cos=0.27  k=0.31
[050/100] 05_to_10  L1=1.154  L1/zero=0.94  cos=0.44  k=0.40
[051/100] 06_to_01  L1=1.316  L1/zero=0.91  cos=0.54  k=0.37
[052/100] 06_to_02  L1=0.953  L1/zero=0.90  cos=0.51  k=0.32
[053/100] 06_to_03  L1=0.555  L1/zero=0.90  cos=0.49  k=0.28
[054/100] 06_to_04  L1=0.369  L1/zero=0.95  cos=0.31  k=0.19
[055/100] 06_to_05  L1=0.188  L1/zero=1.04  cos=-0.19  k=0.17
[056/100] 06_to_06  L1=0.013  L1/zero=1346186.18  cos=nan  k=nan
[057/100] 06_to_07  L1=0.271  L1/zero=0.97  cos=0.29  k=0.12
[058/100] 06_to_08  L1=0.563  L1/zero=0.99  cos=0.18  k=0.18
[059/100] 06_to_09  L1=0.839  L1/zero=0.97  cos=0.35  k=0.36
[060/100] 06_to_10  L1=1.089  L1/zero=0.93  cos=0.49  k=0.44
[061/100] 07_to_01  L1=1.111  L1/zero=0.88  cos=0.58  k=0.31
[062/100] 07_to_02  L1=0.847  L1/zero=0.88  cos=0.56  k=0.26
[063/100] 07_to_03  L1=0.672  L1/zero=0.95  cos=0.31  k=0.18
[064/100] 07_to_04  L1=0.531  L1/zero=1.02  cos=-0.04  k=0.11
[065/100] 07_to_05  L1=0.379  L1/zero=1.04  cos=-0.16  k=0.10
[066/100] 07_to_06  L1=0.279  L1/zero=1.02  cos=-0.11  k=0.08
[067/100] 07_to_07  L1=0.017  L1/zero=1725905.76  cos=nan  k=nan
[068/100] 07_to_08  L1=0.274  L1/zero=0.95  cos=0.34  k=0.21
[069/100] 07_to_09  L1=0.562  L1/zero=0.94  cos=0.43  k=0.32
[070/100] 07_to_10  L1=0.855  L1/zero=0.91  cos=0.53  k=0.35
[071/100] 08_to_01  L1=0.886  L1/zero=0.88  cos=0.64  k=0.25
[072/100] 08_to_02  L1=0.822  L1/zero=0.93  cos=0.54  k=0.15
[073/100] 08_to_03  L1=0.792  L1/zero=1.02  cos=0.03  k=0.10
[074/100] 08_to_04  L1=0.743  L1/zero=1.03  cos=-0.09  k=0.10
[075/100] 08_to_05  L1=0.637  L1/zero=1.00  cos=0.09  k=0.14
[076/100] 08_to_06  L1=0.559  L1/zero=0.98  cos=0.25  k=0.16
[077/100] 08_to_07  L1=0.295  L1/zero=0.99  cos=0.20  k=0.11
[078/100] 08_to_08  L1=0.017  L1/zero=1748532.99  cos=nan  k=nan
[079/100] 08_to_09  L1=0.298  L1/zero=0.91  cos=0.50  k=0.27
[080/100] 08_to_10  L1=0.612  L1/zero=0.90  cos=0.55  k=0.25
[081/100] 09_to_01  L1=0.635  L1/zero=0.91  cos=0.66  k=0.17
[082/100] 09_to_02  L1=0.681  L1/zero=0.99  cos=0.22  k=0.09
[083/100] 09_to_03  L1=0.888  L1/zero=1.01  cos=0.01  k=0.12
[084/100] 09_to_04  L1=0.945  L1/zero=0.99  cos=0.13  k=0.20
[085/100] 09_to_05  L1=0.900  L1/zero=0.98  cos=0.30  k=0.31
[086/100] 09_to_06  L1=0.833  L1/zero=0.97  cos=0.38  k=0.35
[087/100] 09_to_07  L1=0.576  L1/zero=0.95  cos=0.42  k=0.24
[088/100] 09_to_08  L1=0.309  L1/zero=0.99  cos=0.13  k=0.09
[089/100] 09_to_09  L1=0.017  L1/zero=1739349.78  cos=nan  k=nan
[090/100] 09_to_10  L1=0.313  L1/zero=0.93  cos=0.57  k=0.18
[091/100] 10_to_01  L1=0.327  L1/zero=0.93  cos=0.61  k=0.17
[092/100] 10_to_02  L1=0.448  L1/zero=1.04  cos=-0.06  k=0.18
[093/100] 10_to_03  L1=1.064  L1/zero=0.99  cos=0.17  k=0.18
[094/100] 10_to_04  L1=1.188  L1/zero=0.96  cos=0.34  k=0.28
[095/100] 10_to_05  L1=1.184  L1/zero=0.94  cos=0.46  k=0.39
[096/100] 10_to_06  L1=1.108  L1/zero=0.93  cos=0.51  k=0.46
[097/100] 10_to_07  L1=0.884  L1/zero=0.92  cos=0.52  k=0.35
[098/100] 10_to_08  L1=0.627  L1/zero=0.94  cos=0.47  k=0.19
[099/100] 10_to_09  L1=0.357  L1/zero=1.01  cos=-0.08  k=0.08
[100/100] 10_to_10  L1=0.011  L1/zero=1114905.35  cos=nan  k=nan

[decoder|elekta] Directed mean: L1=0.720  L1/zero=0.96  cos=0.34  k=0.21  beat_zero=87%
wrote /home/abhishek/Voxel_GAN/PopulationStudy/ClinicalExperiments/Experiment2/DecoderCRB/plots/qc_elekta/P1/CE_P1_V_01 (100 pngs)
[2026-08-26 10:37:10] QC elekta decoder CE_P2_V_01
[ckpt] cond_dim=2 phase=linear
[decoder|elekta] scan=CE_P2_V_01 pairs=100 panels=100 ckpt=crb_dec_mse_cyclic_full_spare_generator.pth out=/home/abhishek/Voxel_GAN/PopulationStudy/ClinicalExperiments/Experiment2/DecoderCRB/plots/qc_elekta/P2/CE_P2_V_01
[001/100] 01_to_01  L1=0.021  L1/zero=2069769.61  cos=nan  k=nan
[002/100] 01_to_02  L1=0.380  L1/zero=0.99  cos=0.22  k=0.14
[003/100] 01_to_03  L1=1.220  L1/zero=0.99  cos=0.18  k=0.13
[004/100] 01_to_04  L1=1.630  L1/zero=0.99  cos=0.22  k=0.18
[005/100] 01_to_05  L1=1.797  L1/zero=1.00  cos=0.22  k=0.24
[006/100] 01_to_06  L1=1.776  L1/zero=1.01  cos=0.22  k=0.29
[007/100] 01_to_07  L1=1.356  L1/zero=1.01  cos=0.20  k=0.26
[008/100] 01_to_08  L1=0.777  L1/zero=1.02  cos=0.15  k=0.19
[009/100] 01_to_09  L1=0.368  L1/zero=1.01  cos=0.03  k=0.16
[010/100] 01_to_10  L1=0.234  L1/zero=1.01  cos=-0.03  k=0.16
[011/100] 02_to_01  L1=0.363  L1/zero=0.97  cos=0.27  k=0.22
[012/100] 02_to_02  L1=0.013  L1/zero=1291704.08  cos=nan  k=nan
[013/100] 02_to_03  L1=0.510  L1/zero=1.00  cos=0.08  k=0.09
[014/100] 02_to_04  L1=1.107  L1/zero=1.00  cos=0.10  k=0.11
[015/100] 02_to_05  L1=1.400  L1/zero=1.00  cos=0.15  k=0.17
[016/100] 02_to_06  L1=1.378  L1/zero=1.02  cos=0.16  k=0.24
[017/100] 02_to_07  L1=1.033  L1/zero=1.02  cos=0.10  k=0.21
[018/100] 02_to_08  L1=0.625  L1/zero=1.03  cos=-0.04  k=0.17
[019/100] 02_to_09  L1=0.531  L1/zero=1.02  cos=-0.11  k=0.11
[020/100] 02_to_10  L1=0.630  L1/zero=1.00  cos=0.10  k=0.11
[021/100] 03_to_01  L1=1.147  L1/zero=0.98  cos=0.25  k=0.21
[022/100] 03_to_02  L1=0.474  L1/zero=0.99  cos=0.19  k=0.18
[023/100] 03_to_03  L1=0.014  L1/zero=1377143.62  cos=nan  k=nan
[024/100] 03_to_04  L1=0.367  L1/zero=1.03  cos=-0.12  k=0.11
[025/100] 03_to_05  L1=0.594  L1/zero=1.01  cos=0.06  k=0.14
[026/100] 03_to_06  L1=0.769  L1/zero=1.02  cos=0.02  k=0.16
[027/100] 03_to_07  L1=0.646  L1/zero=1.03  cos=-0.02  k=0.16
[028/100] 03_to_08  L1=0.896  L1/zero=1.00  cos=0.08  k=0.09
[029/100] 03_to_09  L1=1.155  L1/zero=0.99  cos=0.10  k=0.11
[030/100] 03_to_10  L1=1.346  L1/zero=0.98  cos=0.19  k=0.14
[031/100] 04_to_01  L1=1.498  L1/zero=0.97  cos=0.27  k=0.24
[032/100] 04_to_02  L1=0.996  L1/zero=0.98  cos=0.20  k=0.16
[033/100] 04_to_03  L1=0.342  L1/zero=0.99  cos=0.10  k=0.15
[034/100] 04_to_04  L1=0.016  L1/zero=1621931.61  cos=nan  k=nan
[035/100] 04_to_05  L1=0.250  L1/zero=1.01  cos=0.01  k=0.19
[036/100] 04_to_06  L1=0.383  L1/zero=0.99  cos=0.17  k=0.17
[037/100] 04_to_07  L1=0.599  L1/zero=0.98  cos=0.21  k=0.09
[038/100] 04_to_08  L1=1.072  L1/zero=1.00  cos=0.07  k=0.09
[039/100] 04_to_09  L1=1.424  L1/zero=0.99  cos=0.13  k=0.14
[040/100] 04_to_10  L1=1.619  L1/zero=0.98  cos=0.23  k=0.18
[041/100] 05_to_01  L1=1.649  L1/zero=0.98  cos=0.27  k=0.30
[042/100] 05_to_02  L1=1.243  L1/zero=0.98  cos=0.21  k=0.21
[043/100] 05_to_03  L1=0.561  L1/zero=0.99  cos=0.13  k=0.20
[044/100] 05_to_04  L1=0.259  L1/zero=1.05  cos=-0.16  k=0.19
[045/100] 05_to_05  L1=0.020  L1/zero=1970888.86  cos=nan  k=nan
[046/100] 05_to_06  L1=0.230  L1/zero=0.95  cos=0.39  k=0.16
[047/100] 05_to_07  L1=0.595  L1/zero=0.99  cos=0.13  k=0.06
[048/100] 05_to_08  L1=1.072  L1/zero=1.00  cos=0.01  k=0.10
[049/100] 05_to_09  L1=1.512  L1/zero=0.99  cos=0.13  k=0.18
[050/100] 05_to_10  L1=1.830  L1/zero=0.98  cos=0.21  k=0.24
[051/100] 06_to_01  L1=1.667  L1/zero=0.98  cos=0.26  k=0.34
[052/100] 06_to_02  L1=1.238  L1/zero=0.99  cos=0.24  k=0.28
[053/100] 06_to_03  L1=0.721  L1/zero=1.01  cos=0.08  k=0.23
[054/100] 06_to_04  L1=0.415  L1/zero=1.09  cos=-0.18  k=0.23
[055/100] 06_to_05  L1=0.263  L1/zero=1.07  cos=-0.37  k=0.16
[056/100] 06_to_06  L1=0.020  L1/zero=1983140.22  cos=nan  k=nan
[057/100] 06_to_07  L1=0.403  L1/zero=0.99  cos=0.10  k=0.12
[058/100] 06_to_08  L1=0.872  L1/zero=1.00  cos=0.05  k=0.14
[059/100] 06_to_09  L1=1.397  L1/zero=0.99  cos=0.18  k=0.23
[060/100] 06_to_10  L1=1.802  L1/zero=0.99  cos=0.20  k=0.26
[061/100] 07_to_01  L1=1.224  L1/zero=0.98  cos=0.27  k=0.33
[062/100] 07_to_02  L1=0.964  L1/zero=1.00  cos=0.15  k=0.24
[063/100] 07_to_03  L1=0.675  L1/zero=1.08  cos=-0.14  k=0.19
[064/100] 07_to_04  L1=0.646  L1/zero=1.04  cos=-0.23  k=0.11
[065/100] 07_to_05  L1=0.636  L1/zero=1.03  cos=-0.29  k=0.08
[066/100] 07_to_06  L1=0.433  L1/zero=1.04  cos=-0.19  k=0.11
[067/100] 07_to_07  L1=0.031  L1/zero=3074439.43  cos=nan  k=nan
[068/100] 07_to_08  L1=0.468  L1/zero=1.00  cos=0.06  k=0.14
[069/100] 07_to_09  L1=0.929  L1/zero=1.00  cos=0.16  k=0.19
[070/100] 07_to_10  L1=1.367  L1/zero=0.98  cos=0.21  k=0.23
[071/100] 08_to_01  L1=0.758  L1/zero=1.00  cos=0.23  k=0.31
[072/100] 08_to_02  L1=0.622  L1/zero=1.06  cos=-0.03  k=0.21
[073/100] 08_to_03  L1=0.933  L1/zero=1.03  cos=-0.19  k=0.09
[074/100] 08_to_04  L1=1.119  L1/zero=1.01  cos=-0.15  k=0.07
[075/100] 08_to_05  L1=1.135  L1/zero=1.01  cos=0.00  k=0.11
[076/100] 08_to_06  L1=0.960  L1/zero=1.00  cos=0.07  k=0.15
[077/100] 08_to_07  L1=0.491  L1/zero=1.01  cos=-0.08  k=0.09
[078/100] 08_to_08  L1=0.018  L1/zero=1781692.54  cos=nan  k=nan
[079/100] 08_to_09  L1=0.402  L1/zero=0.99  cos=0.23  k=0.15
[080/100] 08_to_10  L1=0.745  L1/zero=0.99  cos=0.18  k=0.16
[081/100] 09_to_01  L1=0.387  L1/zero=1.05  cos=0.10  k=0.33
[082/100] 09_to_02  L1=0.571  L1/zero=1.04  cos=-0.18  k=0.11
[083/100] 09_to_03  L1=1.210  L1/zero=1.01  cos=-0.00  k=0.09
[084/100] 09_to_04  L1=1.508  L1/zero=1.00  cos=0.11  k=0.14
[085/100] 09_to_05  L1=1.629  L1/zero=1.00  cos=0.16  k=0.20
[086/100] 09_to_06  L1=1.519  L1/zero=1.01  cos=0.18  k=0.24
[087/100] 09_to_07  L1=0.993  L1/zero=1.00  cos=0.12  k=0.13
[088/100] 09_to_08  L1=0.431  L1/zero=1.02  cos=-0.19  k=0.09
[089/100] 09_to_09  L1=0.014  L1/zero=1383028.74  cos=nan  k=nan
[090/100] 09_to_10  L1=0.284  L1/zero=0.99  cos=0.16  k=0.15
[091/100] 10_to_01  L1=0.270  L1/zero=1.13  cos=-0.36  k=0.28
[092/100] 10_to_02  L1=0.652  L1/zero=1.01  cos=0.02  k=0.12
[093/100] 10_to_03  L1=1.413  L1/zero=1.00  cos=0.10  k=0.14
[094/100] 10_to_04  L1=1.759  L1/zero=1.00  cos=0.18  k=0.21
[095/100] 10_to_05  L1=2.007  L1/zero=1.00  cos=0.19  k=0.26
[096/100] 10_to_06  L1=1.981  L1/zero=1.02  cos=0.19  k=0.30
[097/100] 10_to_07  L1=1.500  L1/zero=1.00  cos=0.18  k=0.23
[098/100] 10_to_08  L1=0.781  L1/zero=1.00  cos=0.11  k=0.14
[099/100] 10_to_09  L1=0.306  L1/zero=1.03  cos=-0.24  k=0.11
[100/100] 10_to_10  L1=0.011  L1/zero=1109419.76  cos=nan  k=nan

[decoder|elekta] Directed mean: L1=0.935  L1/zero=1.01  cos=0.08  k=0.17  beat_zero=47%
wrote /home/abhishek/Voxel_GAN/PopulationStudy/ClinicalExperiments/Experiment2/DecoderCRB/plots/qc_elekta/P2/CE_P2_V_01 (100 pngs)
[2026-08-26 10:37:52] QC elekta decoder CE_P3_V_01
[ckpt] cond_dim=2 phase=linear
[decoder|elekta] scan=CE_P3_V_01 pairs=100 panels=100 ckpt=crb_dec_mse_cyclic_full_spare_generator.pth out=/home/abhishek/Voxel_GAN/PopulationStudy/ClinicalExperiments/Experiment2/DecoderCRB/plots/qc_elekta/P3/CE_P3_V_01
[001/100] 01_to_01  L1=0.034  L1/zero=3368360.55  cos=nan  k=nan
[002/100] 01_to_02  L1=1.586  L1/zero=0.99  cos=0.21  k=0.02
[003/100] 01_to_03  L1=2.713  L1/zero=0.99  cos=0.09  k=0.03
[004/100] 01_to_04  L1=3.278  L1/zero=0.99  cos=0.21  k=0.04
[005/100] 01_to_05  L1=3.811  L1/zero=0.98  cos=0.27  k=0.05
[006/100] 01_to_06  L1=3.675  L1/zero=0.98  cos=0.30  k=0.06
[007/100] 01_to_07  L1=2.288  L1/zero=0.97  cos=0.29  k=0.08
[008/100] 01_to_08  L1=0.863  L1/zero=0.99  cos=0.22  k=0.15
[009/100] 01_to_09  L1=1.004  L1/zero=0.99  cos=0.00  k=0.06
[010/100] 01_to_10  L1=1.276  L1/zero=1.00  cos=0.08  k=0.02
[011/100] 02_to_01  L1=1.501  L1/zero=0.99  cos=0.39  k=0.05
[012/100] 02_to_02  L1=0.021  L1/zero=2078899.93  cos=nan  k=nan
[013/100] 02_to_03  L1=0.710  L1/zero=1.01  cos=-0.31  k=0.04
[014/100] 02_to_04  L1=1.244  L1/zero=1.02  cos=-0.24  k=0.05
[015/100] 02_to_05  L1=1.654  L1/zero=1.00  cos=0.01  k=0.07
[016/100] 02_to_06  L1=1.618  L1/zero=1.00  cos=0.14  k=0.09
[017/100] 02_to_07  L1=0.998  L1/zero=1.00  cos=0.19  k=0.15
[018/100] 02_to_08  L1=1.595  L1/zero=1.00  cos=0.04  k=0.08
[019/100] 02_to_09  L1=2.837  L1/zero=1.00  cos=-0.07  k=0.02
[020/100] 02_to_10  L1=3.380  L1/zero=1.00  cos=0.05  k=0.01
[021/100] 03_to_01  L1=2.451  L1/zero=0.98  cos=0.45  k=0.05
[022/100] 03_to_02  L1=0.703  L1/zero=1.01  cos=0.12  k=0.07
[023/100] 03_to_03  L1=0.024  L1/zero=2439389.01  cos=nan  k=nan
[024/100] 03_to_04  L1=0.447  L1/zero=1.03  cos=-0.38  k=0.08
[025/100] 03_to_05  L1=0.786  L1/zero=1.01  cos=-0.12  k=0.08
[026/100] 03_to_06  L1=0.967  L1/zero=1.01  cos=-0.02  k=0.08
[027/100] 03_to_07  L1=1.010  L1/zero=1.00  cos=0.07  k=0.11
[028/100] 03_to_08  L1=2.214  L1/zero=1.00  cos=-0.06  k=0.04
[029/100] 03_to_09  L1=4.126  L1/zero=1.00  cos=-0.05  k=0.01
[030/100] 03_to_10  L1=4.548  L1/zero=1.00  cos=0.13  k=0.02
[031/100] 04_to_01  L1=3.029  L1/zero=0.97  cos=0.47  k=0.06
[032/100] 04_to_02  L1=1.178  L1/zero=1.00  cos=0.19  k=0.07
[033/100] 04_to_03  L1=0.432  L1/zero=1.02  cos=0.07  k=0.12
[034/100] 04_to_04  L1=0.030  L1/zero=3031399.47  cos=nan  k=nan
[035/100] 04_to_05  L1=0.330  L1/zero=1.03  cos=-0.25  k=0.11
[036/100] 04_to_06  L1=0.485  L1/zero=1.01  cos=-0.01  k=0.11
[037/100] 04_to_07  L1=1.052  L1/zero=1.00  cos=0.02  k=0.07
[038/100] 04_to_08  L1=2.669  L1/zero=1.00  cos=-0.24  k=0.03
[039/100] 04_to_09  L1=4.669  L1/zero=1.00  cos=-0.09  k=0.02
[040/100] 04_to_10  L1=5.642  L1/zero=0.99  cos=0.33  k=0.02
[041/100] 05_to_01  L1=3.369  L1/zero=0.95  cos=0.52  k=0.08
[042/100] 05_to_02  L1=1.478  L1/zero=0.98  cos=0.25  k=0.09
[043/100] 05_to_03  L1=0.759  L1/zero=1.01  cos=0.14  k=0.12
[044/100] 05_to_04  L1=0.325  L1/zero=0.99  cos=0.12  k=0.18
[045/100] 05_to_05  L1=0.033  L1/zero=3265973.93  cos=nan  k=nan
[046/100] 05_to_06  L1=0.238  L1/zero=1.00  cos=-0.04  k=0.16
[047/100] 05_to_07  L1=1.043  L1/zero=1.01  cos=-0.16  k=0.04
[048/100] 05_to_08  L1=2.975  L1/zero=1.01  cos=-0.35  k=0.02
[049/100] 05_to_09  L1=5.245  L1/zero=1.00  cos=0.06  k=0.02
[050/100] 05_to_10  L1=5.962  L1/zero=0.99  cos=0.45  k=0.04
[051/100] 06_to_01  L1=3.283  L1/zero=0.94  cos=0.55  k=0.10
[052/100] 06_to_02  L1=1.497  L1/zero=0.96  cos=0.34  k=0.12
[053/100] 06_to_03  L1=0.866  L1/zero=0.98  cos=0.26  k=0.13
[054/100] 06_to_04  L1=0.473  L1/zero=0.97  cos=0.27  k=0.19
[055/100] 06_to_05  L1=0.253  L1/zero=1.01  cos=0.12  k=0.26
[056/100] 06_to_06  L1=0.037  L1/zero=3673683.11  cos=nan  k=nan
[057/100] 06_to_07  L1=0.902  L1/zero=1.01  cos=-0.08  k=0.05
[058/100] 06_to_08  L1=2.854  L1/zero=1.01  cos=-0.26  k=0.03
[059/100] 06_to_09  L1=5.111  L1/zero=1.00  cos=0.21  k=0.03
[060/100] 06_to_10  L1=5.909  L1/zero=0.98  cos=0.51  k=0.04
[061/100] 07_to_01  L1=2.106  L1/zero=0.93  cos=0.51  k=0.11
[062/100] 07_to_02  L1=0.970  L1/zero=0.98  cos=0.26  k=0.16
[063/100] 07_to_03  L1=1.006  L1/zero=1.00  cos=0.12  k=0.13
[064/100] 07_to_04  L1=1.102  L1/zero=1.01  cos=-0.08  k=0.08
[065/100] 07_to_05  L1=1.173  L1/zero=1.02  cos=-0.34  k=0.05
[066/100] 07_to_06  L1=0.953  L1/zero=1.02  cos=-0.40  k=0.05
[067/100] 07_to_07  L1=0.043  L1/zero=4335692.15  cos=nan  k=nan
[068/100] 07_to_08  L1=1.524  L1/zero=1.01  cos=-0.02  k=0.04
[069/100] 07_to_09  L1=3.370  L1/zero=1.00  cos=0.04  k=0.03
[070/100] 07_to_10  L1=3.963  L1/zero=0.99  cos=0.28  k=0.04
[071/100] 08_to_01  L1=0.869  L1/zero=0.98  cos=0.34  k=0.18
[072/100] 08_to_02  L1=1.661  L1/zero=1.00  cos=-0.10  k=0.07
[073/100] 08_to_03  L1=2.385  L1/zero=1.00  cos=-0.26  k=0.04
[074/100] 08_to_04  L1=2.946  L1/zero=1.01  cos=-0.38  k=0.03
[075/100] 08_to_05  L1=3.267  L1/zero=1.01  cos=-0.51  k=0.02
[076/100] 08_to_06  L1=3.060  L1/zero=1.01  cos=-0.40  k=0.02
[077/100] 08_to_07  L1=1.590  L1/zero=1.01  cos=-0.42  k=0.02
[078/100] 08_to_08  L1=0.032  L1/zero=3212887.79  cos=nan  k=nan
[079/100] 08_to_09  L1=1.391  L1/zero=1.01  cos=0.22  k=0.03
[080/100] 08_to_10  L1=2.072  L1/zero=1.00  cos=0.13  k=0.03
[081/100] 09_to_01  L1=1.044  L1/zero=1.01  cos=-0.27  k=0.09
[082/100] 09_to_02  L1=3.130  L1/zero=1.00  cos=-0.27  k=0.02
[083/100] 09_to_03  L1=4.403  L1/zero=1.00  cos=-0.31  k=0.02
[084/100] 09_to_04  L1=5.067  L1/zero=1.00  cos=-0.21  k=0.02
[085/100] 09_to_05  L1=5.411  L1/zero=1.00  cos=0.02  k=0.02
[086/100] 09_to_06  L1=5.386  L1/zero=1.00  cos=0.14  k=0.02
[087/100] 09_to_07  L1=3.587  L1/zero=1.00  cos=-0.07  k=0.02
[088/100] 09_to_08  L1=1.442  L1/zero=1.02  cos=-0.61  k=0.02
[089/100] 09_to_09  L1=0.013  L1/zero=1267189.81  cos=nan  k=nan
[090/100] 09_to_10  L1=0.525  L1/zero=0.99  cos=0.14  k=0.06
[091/100] 10_to_01  L1=1.393  L1/zero=1.02  cos=-0.44  k=0.03
[092/100] 10_to_02  L1=3.758  L1/zero=1.00  cos=-0.42  k=0.01
[093/100] 10_to_03  L1=5.086  L1/zero=1.00  cos=-0.25  k=0.02
[094/100] 10_to_04  L1=5.789  L1/zero=1.00  cos=0.02  k=0.02
[095/100] 10_to_05  L1=6.151  L1/zero=0.99  cos=0.24  k=0.03
[096/100] 10_to_06  L1=6.058  L1/zero=0.99  cos=0.32  k=0.04
[097/100] 10_to_07  L1=4.375  L1/zero=1.00  cos=0.16  k=0.03
[098/100] 10_to_08  L1=2.218  L1/zero=1.01  cos=-0.30  k=0.03
[099/100] 10_to_09  L1=0.551  L1/zero=1.04  cos=-0.68  k=0.07
[100/100] 10_to_10  L1=0.013  L1/zero=1283777.78  cos=nan  k=nan

[decoder|elekta] Directed mean: L1=2.401  L1/zero=1.00  cos=0.02  k=0.06  beat_zero=51%
wrote /home/abhishek/Voxel_GAN/PopulationStudy/ClinicalExperiments/Experiment2/DecoderCRB/plots/qc_elekta/P3/CE_P3_V_01 (100 pngs)
[2026-08-26 10:38:31] QC elekta decoder CE_P4_V_01
[ckpt] cond_dim=2 phase=linear
[decoder|elekta] scan=CE_P4_V_01 pairs=100 panels=100 ckpt=crb_dec_mse_cyclic_full_spare_generator.pth out=/home/abhishek/Voxel_GAN/PopulationStudy/ClinicalExperiments/Experiment2/DecoderCRB/plots/qc_elekta/P4/CE_P4_V_01
[001/100] 01_to_01  L1=0.029  L1/zero=2902496.23  cos=nan  k=nan
[002/100] 01_to_02  L1=0.448  L1/zero=1.00  cos=0.16  k=0.10
[003/100] 01_to_03  L1=0.762  L1/zero=0.92  cos=0.49  k=0.29
[004/100] 01_to_04  L1=1.003  L1/zero=0.88  cos=0.51  k=0.40
[005/100] 01_to_05  L1=1.185  L1/zero=0.86  cos=0.58  k=0.47
[006/100] 01_to_06  L1=1.272  L1/zero=0.86  cos=0.58  k=0.54
[007/100] 01_to_07  L1=0.945  L1/zero=0.92  cos=0.42  k=0.49
[008/100] 01_to_08  L1=0.600  L1/zero=1.04  cos=0.12  k=0.41
[009/100] 01_to_09  L1=0.453  L1/zero=1.01  cos=0.17  k=0.23
[010/100] 01_to_10  L1=0.328  L1/zero=1.00  cos=0.21  k=0.14
[011/100] 02_to_01  L1=0.406  L1/zero=0.94  cos=0.51  k=0.17
[012/100] 02_to_02  L1=0.018  L1/zero=1819284.26  cos=nan  k=nan
[013/100] 02_to_03  L1=0.370  L1/zero=1.09  cos=-0.07  k=0.32
[014/100] 02_to_04  L1=0.703  L1/zero=1.05  cos=0.09  k=0.35
[015/100] 02_to_05  L1=0.871  L1/zero=0.91  cos=0.44  k=0.43
[016/100] 02_to_06  L1=1.013  L1/zero=0.90  cos=0.42  k=0.51
[017/100] 02_to_07  L1=0.917  L1/zero=1.03  cos=0.10  k=0.35
[018/100] 02_to_08  L1=0.819  L1/zero=1.00  cos=0.14  k=0.22
[019/100] 02_to_09  L1=0.933  L1/zero=0.97  cos=0.44  k=0.10
[020/100] 02_to_10  L1=0.831  L1/zero=0.96  cos=0.50  k=0.11
[021/100] 03_to_01  L1=0.698  L1/zero=0.91  cos=0.51  k=0.57
[022/100] 03_to_02  L1=0.346  L1/zero=1.03  cos=0.24  k=0.66
[023/100] 03_to_03  L1=0.019  L1/zero=1938103.70  cos=nan  k=nan
[024/100] 03_to_04  L1=0.315  L1/zero=1.13  cos=-0.06  k=0.42
[025/100] 03_to_05  L1=0.657  L1/zero=1.04  cos=0.14  k=0.31
[026/100] 03_to_06  L1=0.847  L1/zero=1.00  cos=0.18  k=0.33
[027/100] 03_to_07  L1=0.881  L1/zero=0.99  cos=0.14  k=0.25
[028/100] 03_to_08  L1=0.982  L1/zero=0.95  cos=0.33  k=0.19
[029/100] 03_to_09  L1=1.130  L1/zero=0.92  cos=0.49  k=0.25
[030/100] 03_to_10  L1=1.014  L1/zero=0.89  cos=0.57  k=0.33
[031/100] 04_to_01  L1=0.930  L1/zero=0.90  cos=0.52  k=0.66
[032/100] 04_to_02  L1=0.661  L1/zero=1.05  cos=0.23  k=0.60
[033/100] 04_to_03  L1=0.289  L1/zero=1.07  cos=0.06  k=0.46
[034/100] 04_to_04  L1=0.019  L1/zero=1947007.33  cos=nan  k=nan
[035/100] 04_to_05  L1=0.386  L1/zero=1.09  cos=-0.15  k=0.19
[036/100] 04_to_06  L1=0.609  L1/zero=1.05  cos=-0.09  k=0.20
[037/100] 04_to_07  L1=0.691  L1/zero=0.97  cos=0.19  k=0.19
[038/100] 04_to_08  L1=0.974  L1/zero=0.94  cos=0.42  k=0.23
[039/100] 04_to_09  L1=1.257  L1/zero=0.88  cos=0.54  k=0.33
[040/100] 04_to_10  L1=1.152  L1/zero=0.87  cos=0.57  k=0.44
[041/100] 05_to_01  L1=1.138  L1/zero=0.88  cos=0.57  k=0.69
[042/100] 05_to_02  L1=0.823  L1/zero=0.91  cos=0.45  k=0.63
[043/100] 05_to_03  L1=0.612  L1/zero=1.01  cos=0.23  k=0.40
[044/100] 05_to_04  L1=0.344  L1/zero=1.05  cos=0.04  k=0.21
[045/100] 05_to_05  L1=0.015  L1/zero=1498174.20  cos=nan  k=nan
[046/100] 05_to_06  L1=0.290  L1/zero=1.03  cos=0.05  k=0.20
[047/100] 05_to_07  L1=0.642  L1/zero=0.96  cos=0.30  k=0.15
[048/100] 05_to_08  L1=1.113  L1/zero=0.96  cos=0.43  k=0.22
[049/100] 05_to_09  L1=1.384  L1/zero=0.90  cos=0.56  k=0.36
[050/100] 05_to_10  L1=1.436  L1/zero=0.88  cos=0.57  k=0.49
[051/100] 06_to_01  L1=1.184  L1/zero=0.87  cos=0.59  k=0.70
[052/100] 06_to_02  L1=0.972  L1/zero=0.93  cos=0.41  k=0.58
[053/100] 06_to_03  L1=0.798  L1/zero=1.00  cos=0.19  k=0.37
[054/100] 06_to_04  L1=0.593  L1/zero=1.06  cos=-0.05  k=0.26
[055/100] 06_to_05  L1=0.284  L1/zero=1.01  cos=-0.02  k=0.15
[056/100] 06_to_06  L1=0.014  L1/zero=1434073.41  cos=nan  k=nan
[057/100] 06_to_07  L1=0.506  L1/zero=1.01  cos=0.03  k=0.12
[058/100] 06_to_08  L1=1.016  L1/zero=0.97  cos=0.43  k=0.23
[059/100] 06_to_09  L1=1.255  L1/zero=0.87  cos=0.64  k=0.40
[060/100] 06_to_10  L1=1.391  L1/zero=0.85  cos=0.63  k=0.48
[061/100] 07_to_01  L1=0.886  L1/zero=0.91  cos=0.45  k=0.65
[062/100] 07_to_02  L1=0.886  L1/zero=1.00  cos=0.19  k=0.38
[063/100] 07_to_03  L1=0.870  L1/zero=1.00  cos=0.12  k=0.25
[064/100] 07_to_04  L1=0.709  L1/zero=0.99  cos=0.13  k=0.19
[065/100] 07_to_05  L1=0.676  L1/zero=0.99  cos=0.17  k=0.13
[066/100] 07_to_06  L1=0.519  L1/zero=1.01  cos=0.04  k=0.10
[067/100] 07_to_07  L1=0.019  L1/zero=1904206.35  cos=nan  k=nan
[068/100] 07_to_08  L1=0.491  L1/zero=1.03  cos=0.11  k=0.20
[069/100] 07_to_09  L1=0.844  L1/zero=0.91  cos=0.57  k=0.36
[070/100] 07_to_10  L1=0.960  L1/zero=0.85  cos=0.62  k=0.49
[071/100] 08_to_01  L1=0.571  L1/zero=1.01  cos=0.21  k=0.45
[072/100] 08_to_02  L1=0.850  L1/zero=0.98  cos=0.21  k=0.21
[073/100] 08_to_03  L1=1.052  L1/zero=0.97  cos=0.25  k=0.14
[074/100] 08_to_04  L1=1.037  L1/zero=0.96  cos=0.39  k=0.19
[075/100] 08_to_05  L1=1.158  L1/zero=0.93  cos=0.53  k=0.26
[076/100] 08_to_06  L1=1.029  L1/zero=0.93  cos=0.57  k=0.28
[077/100] 08_to_07  L1=0.539  L1/zero=1.07  cos=-0.16  k=0.17
[078/100] 08_to_08  L1=0.017  L1/zero=1691462.10  cos=nan  k=nan
[079/100] 08_to_09  L1=0.403  L1/zero=1.00  cos=0.25  k=0.21
[080/100] 08_to_10  L1=0.622  L1/zero=0.96  cos=0.36  k=0.30
[081/100] 09_to_01  L1=0.475  L1/zero=1.02  cos=0.12  k=0.23
[082/100] 09_to_02  L1=0.991  L1/zero=0.97  cos=0.47  k=0.10
[083/100] 09_to_03  L1=1.216  L1/zero=0.94  cos=0.50  k=0.18
[084/100] 09_to_04  L1=1.375  L1/zero=0.91  cos=0.54  k=0.29
[085/100] 09_to_05  L1=1.478  L1/zero=0.88  cos=0.62  k=0.36
[086/100] 09_to_06  L1=1.358  L1/zero=0.87  cos=0.67  k=0.39
[087/100] 09_to_07  L1=0.958  L1/zero=0.97  cos=0.44  k=0.23
[088/100] 09_to_08  L1=0.455  L1/zero=1.09  cos=-0.26  k=0.19
[089/100] 09_to_09  L1=0.016  L1/zero=1643462.85  cos=nan  k=nan
[090/100] 09_to_10  L1=0.219  L1/zero=1.02  cos=0.16  k=0.34
[091/100] 10_to_01  L1=0.337  L1/zero=0.99  cos=0.27  k=0.17
[092/100] 10_to_02  L1=0.864  L1/zero=0.94  cos=0.60  k=0.14
[093/100] 10_to_03  L1=1.091  L1/zero=0.88  cos=0.61  k=0.29
[094/100] 10_to_04  L1=1.237  L1/zero=0.85  cos=0.62  k=0.42
[095/100] 10_to_05  L1=1.537  L1/zero=0.86  cos=0.62  k=0.45
[096/100] 10_to_06  L1=1.496  L1/zero=0.84  cos=0.65  k=0.49
[097/100] 10_to_07  L1=1.046  L1/zero=0.85  cos=0.60  k=0.43
[098/100] 10_to_08  L1=0.672  L1/zero=1.03  cos=0.09  k=0.26
[099/100] 10_to_09  L1=0.247  L1/zero=1.08  cos=-0.04  k=0.28
[100/100] 10_to_10  L1=0.009  L1/zero=883351.73  cos=nan  k=nan

[decoder|elekta] Directed mean: L1=0.829  L1/zero=0.96  cos=0.32  k=0.32  beat_zero=63%
wrote /home/abhishek/Voxel_GAN/PopulationStudy/ClinicalExperiments/Experiment2/DecoderCRB/plots/qc_elekta/P4/CE_P4_V_01 (100 pngs)
[2026-08-26 10:39:16] QC elekta decoder CE_P5_V_01
[ckpt] cond_dim=2 phase=linear
[decoder|elekta] scan=CE_P5_V_01 pairs=100 panels=100 ckpt=crb_dec_mse_cyclic_full_spare_generator.pth out=/home/abhishek/Voxel_GAN/PopulationStudy/ClinicalExperiments/Experiment2/DecoderCRB/plots/qc_elekta/P5/CE_P5_V_01
[001/100] 01_to_01  L1=0.036  L1/zero=3558751.94  cos=nan  k=nan
[002/100] 01_to_02  L1=0.618  L1/zero=0.99  cos=0.15  k=0.10
[003/100] 01_to_03  L1=1.436  L1/zero=0.98  cos=0.30  k=0.13
[004/100] 01_to_04  L1=2.018  L1/zero=0.96  cos=0.42  k=0.16
[005/100] 01_to_05  L1=2.257  L1/zero=0.93  cos=0.52  k=0.20
[006/100] 01_to_06  L1=2.275  L1/zero=0.93  cos=0.49  k=0.21
[007/100] 01_to_07  L1=1.913  L1/zero=0.97  cos=0.30  k=0.19
[008/100] 01_to_08  L1=1.332  L1/zero=1.00  cos=0.15  k=0.17
[009/100] 01_to_09  L1=0.391  L1/zero=1.02  cos=0.15  k=0.33
[010/100] 01_to_10  L1=0.209  L1/zero=1.05  cos=-0.08  k=0.23
[011/100] 02_to_01  L1=0.494  L1/zero=0.96  cos=0.45  k=0.13
[012/100] 02_to_02  L1=0.015  L1/zero=1516812.11  cos=nan  k=nan
[013/100] 02_to_03  L1=0.731  L1/zero=1.06  cos=-0.28  k=0.14
[014/100] 02_to_04  L1=1.350  L1/zero=1.05  cos=-0.17  k=0.15
[015/100] 02_to_05  L1=1.662  L1/zero=1.01  cos=0.13  k=0.17
[016/100] 02_to_06  L1=1.711  L1/zero=0.99  cos=0.21  k=0.19
[017/100] 02_to_07  L1=1.484  L1/zero=1.06  cos=-0.10  k=0.16
[018/100] 02_to_08  L1=0.983  L1/zero=1.04  cos=-0.05  k=0.12
[019/100] 02_to_09  L1=0.636  L1/zero=0.97  cos=0.21  k=0.12
[020/100] 02_to_10  L1=0.717  L1/zero=0.96  cos=0.43  k=0.12
[021/100] 03_to_01  L1=1.161  L1/zero=0.93  cos=0.47  k=0.23
[022/100] 03_to_02  L1=0.550  L1/zero=0.99  cos=0.26  k=0.21
[023/100] 03_to_03  L1=0.015  L1/zero=1481265.48  cos=nan  k=nan
[024/100] 03_to_04  L1=0.522  L1/zero=1.07  cos=-0.36  k=0.17
[025/100] 03_to_05  L1=0.904  L1/zero=1.06  cos=-0.28  k=0.18
[026/100] 03_to_06  L1=1.070  L1/zero=1.08  cos=-0.21  k=0.18
[027/100] 03_to_07  L1=1.002  L1/zero=1.04  cos=-0.04  k=0.13
[028/100] 03_to_08  L1=1.128  L1/zero=0.98  cos=0.17  k=0.08
[029/100] 03_to_09  L1=1.257  L1/zero=0.97  cos=0.33  k=0.11
[030/100] 03_to_10  L1=1.364  L1/zero=0.93  cos=0.49  k=0.17
[031/100] 04_to_01  L1=1.659  L1/zero=0.92  cos=0.49  k=0.24
[032/100] 04_to_02  L1=1.085  L1/zero=0.98  cos=0.22  k=0.22
[033/100] 04_to_03  L1=0.434  L1/zero=1.02  cos=-0.01  k=0.21
[034/100] 04_to_04  L1=0.018  L1/zero=1793254.17  cos=nan  k=nan
[035/100] 04_to_05  L1=0.333  L1/zero=1.05  cos=-0.08  k=0.18
[036/100] 04_to_06  L1=0.547  L1/zero=1.02  cos=0.13  k=0.16
[037/100] 04_to_07  L1=0.860  L1/zero=0.97  cos=0.29  k=0.10
[038/100] 04_to_08  L1=1.393  L1/zero=0.99  cos=0.23  k=0.08
[039/100] 04_to_09  L1=1.758  L1/zero=0.97  cos=0.30  k=0.13
[040/100] 04_to_10  L1=1.828  L1/zero=0.93  cos=0.49  k=0.18
[041/100] 05_to_01  L1=1.927  L1/zero=0.91  cos=0.50  k=0.25
[042/100] 05_to_02  L1=1.386  L1/zero=0.97  cos=0.27  k=0.22
[043/100] 05_to_03  L1=0.767  L1/zero=1.05  cos=-0.09  k=0.24
[044/100] 05_to_04  L1=0.298  L1/zero=1.04  cos=0.01  k=0.21
[045/100] 05_to_05  L1=0.016  L1/zero=1578556.37  cos=nan  k=nan
[046/100] 05_to_06  L1=0.265  L1/zero=0.98  cos=0.30  k=0.13
[047/100] 05_to_07  L1=0.772  L1/zero=0.96  cos=0.44  k=0.10
[048/100] 05_to_08  L1=1.489  L1/zero=1.00  cos=0.06  k=0.10
[049/100] 05_to_09  L1=1.935  L1/zero=0.97  cos=0.31  k=0.14
[050/100] 05_to_10  L1=2.104  L1/zero=0.92  cos=0.51  k=0.20
[051/100] 06_to_01  L1=1.950  L1/zero=0.92  cos=0.43  k=0.27
[052/100] 06_to_02  L1=1.402  L1/zero=0.96  cos=0.29  k=0.27
[053/100] 06_to_03  L1=0.875  L1/zero=1.05  cos=0.03  k=0.31
[054/100] 06_to_04  L1=0.486  L1/zero=1.06  cos=0.07  k=0.29
[055/100] 06_to_05  L1=0.273  L1/zero=1.03  cos=-0.01  k=0.16
[056/100] 06_to_06  L1=0.015  L1/zero=1539504.16  cos=nan  k=nan
[057/100] 06_to_07  L1=0.489  L1/zero=0.96  cos=0.38  k=0.13
[058/100] 06_to_08  L1=1.273  L1/zero=1.01  cos=0.03  k=0.15
[059/100] 06_to_09  L1=1.781  L1/zero=0.97  cos=0.26  k=0.18
[060/100] 06_to_10  L1=2.057  L1/zero=0.93  cos=0.45  k=0.21
[061/100] 07_to_01  L1=1.568  L1/zero=0.94  cos=0.31  k=0.29
[062/100] 07_to_02  L1=1.160  L1/zero=1.00  cos=0.17  k=0.36
[063/100] 07_to_03  L1=0.841  L1/zero=1.06  cos=0.08  k=0.35
[064/100] 07_to_04  L1=0.831  L1/zero=1.00  cos=0.12  k=0.18
[065/100] 07_to_05  L1=0.754  L1/zero=0.98  cos=0.19  k=0.12
[066/100] 07_to_06  L1=0.506  L1/zero=0.98  cos=0.22  k=0.11
[067/100] 07_to_07  L1=0.018  L1/zero=1784328.56  cos=nan  k=nan
[068/100] 07_to_08  L1=0.547  L1/zero=0.95  cos=0.33  k=0.26
[069/100] 07_to_09  L1=1.218  L1/zero=0.96  cos=0.25  k=0.23
[070/100] 07_to_10  L1=1.642  L1/zero=0.94  cos=0.36  k=0.24
[071/100] 08_to_01  L1=1.028  L1/zero=1.03  cos=0.01  k=0.14
[072/100] 08_to_02  L1=0.739  L1/zero=1.03  cos=0.04  k=0.17
[073/100] 08_to_03  L1=1.078  L1/zero=0.97  cos=0.30  k=0.09
[074/100] 08_to_04  L1=1.409  L1/zero=1.00  cos=0.08  k=0.07
[075/100] 08_to_05  L1=1.532  L1/zero=1.00  cos=0.08  k=0.10
[076/100] 08_to_06  L1=1.290  L1/zero=1.01  cos=0.03  k=0.09
[077/100] 08_to_07  L1=0.642  L1/zero=1.04  cos=-0.29  k=0.11
[078/100] 08_to_08  L1=0.014  L1/zero=1376818.59  cos=nan  k=nan
[079/100] 08_to_09  L1=0.487  L1/zero=1.03  cos=-0.05  k=0.16
[080/100] 08_to_10  L1=0.957  L1/zero=1.00  cos=0.13  k=0.13
[081/100] 09_to_01  L1=0.419  L1/zero=1.13  cos=-0.07  k=0.39
[082/100] 09_to_02  L1=0.769  L1/zero=1.02  cos=-0.15  k=0.16
[083/100] 09_to_03  L1=1.450  L1/zero=1.02  cos=0.04  k=0.10
[084/100] 09_to_04  L1=1.919  L1/zero=1.00  cos=0.21  k=0.13
[085/100] 09_to_05  L1=2.115  L1/zero=0.98  cos=0.29  k=0.16
[086/100] 09_to_06  L1=2.082  L1/zero=0.98  cos=0.27  k=0.15
[087/100] 09_to_07  L1=1.530  L1/zero=1.00  cos=0.10  k=0.14
[088/100] 09_to_08  L1=0.576  L1/zero=1.05  cos=-0.16  k=0.18
[089/100] 09_to_09  L1=0.019  L1/zero=1862394.44  cos=nan  k=nan
[090/100] 09_to_10  L1=0.322  L1/zero=1.02  cos=0.16  k=0.26
[091/100] 10_to_01  L1=0.224  L1/zero=1.01  cos=0.05  k=0.18
[092/100] 10_to_02  L1=0.860  L1/zero=0.97  cos=0.35  k=0.16
[093/100] 10_to_03  L1=1.646  L1/zero=0.96  cos=0.41  k=0.18
[094/100] 10_to_04  L1=2.120  L1/zero=0.94  cos=0.50  k=0.20
[095/100] 10_to_05  L1=2.421  L1/zero=0.92  cos=0.56  k=0.21
[096/100] 10_to_06  L1=2.423  L1/zero=0.93  cos=0.53  k=0.20
[097/100] 10_to_07  L1=1.985  L1/zero=0.96  cos=0.36  k=0.17
[098/100] 10_to_08  L1=1.263  L1/zero=1.05  cos=-0.17  k=0.13
[099/100] 10_to_09  L1=0.393  L1/zero=1.08  cos=-0.26  k=0.16
[100/100] 10_to_10  L1=0.016  L1/zero=1569620.71  cos=nan  k=nan

[decoder|elekta] Directed mean: L1=1.171  L1/zero=0.99  cos=0.18  k=0.18  beat_zero=54%
wrote /home/abhishek/Voxel_GAN/PopulationStudy/ClinicalExperiments/Experiment2/DecoderCRB/plots/qc_elekta/P5/CE_P5_V_01 (100 pngs)
[2026-08-26 10:39:57] QC varian both CV_P1_V_01
[ckpt] cond_dim=2 phase=linear
[both] scan=CV_P1_V_01 pairs=100 panels=100 ckpt=crb_both_mse_cyclic_full_spare_generator.pth out=/home/abhishek/Voxel_GAN/PopulationStudy/ClinicalExperiments/Experiment2/BothCRB/plots/qc_varian/P1/CV_P1_V_01
[001/100] 01_to_01  L1=0.029  L1/zero=2909411.68  cos=nan  k=nan
[002/100] 01_to_02  L1=0.247  L1/zero=1.09  cos=0.22  k=0.67
[003/100] 01_to_03  L1=0.610  L1/zero=1.19  cos=0.27  k=0.94
[004/100] 01_to_04  L1=0.805  L1/zero=1.13  cos=0.39  k=0.98
[005/100] 01_to_05  L1=0.908  L1/zero=1.20  cos=0.49  k=1.19
[006/100] 01_to_06  L1=0.920  L1/zero=1.24  cos=0.51  k=1.31
[007/100] 01_to_07  L1=0.874  L1/zero=1.38  cos=0.23  k=1.24
[008/100] 01_to_08  L1=0.637  L1/zero=1.21  cos=0.25  k=0.98
[009/100] 01_to_09  L1=0.438  L1/zero=1.25  cos=-0.01  k=0.64
[010/100] 01_to_10  L1=0.198  L1/zero=1.24  cos=-0.24  k=0.47
[011/100] 02_to_01  L1=0.264  L1/zero=1.15  cos=0.27  k=0.87
[012/100] 02_to_02  L1=0.004  L1/zero=402124.88  cos=nan  k=nan
[013/100] 02_to_03  L1=0.233  L1/zero=1.07  cos=0.42  k=0.87
[014/100] 02_to_04  L1=0.528  L1/zero=0.98  cos=0.42  k=0.83
[015/100] 02_to_05  L1=0.802  L1/zero=1.00  cos=0.43  k=0.81
[016/100] 02_to_06  L1=0.775  L1/zero=1.13  cos=0.47  k=1.04
[017/100] 02_to_07  L1=0.668  L1/zero=0.94  cos=0.43  k=0.65
[018/100] 02_to_08  L1=0.586  L1/zero=0.94  cos=0.34  k=0.47
[019/100] 02_to_09  L1=0.607  L1/zero=1.12  cos=-0.04  k=0.43
[020/100] 02_to_10  L1=0.561  L1/zero=1.12  cos=0.04  k=0.53
[021/100] 03_to_01  L1=0.622  L1/zero=1.21  cos=0.33  k=1.08
[022/100] 03_to_02  L1=0.248  L1/zero=1.16  cos=0.41  k=1.05
[023/100] 03_to_03  L1=0.003  L1/zero=277341.62  cos=nan  k=nan
[024/100] 03_to_04  L1=0.195  L1/zero=0.81  cos=0.58  k=0.70
[025/100] 03_to_05  L1=0.498  L1/zero=0.86  cos=0.48  k=0.61
[026/100] 03_to_06  L1=0.714  L1/zero=0.94  cos=0.43  k=0.65
[027/100] 03_to_07  L1=0.605  L1/zero=0.94  cos=0.41  k=0.51
[028/100] 03_to_08  L1=0.701  L1/zero=1.02  cos=0.21  k=0.46
[029/100] 03_to_09  L1=0.819  L1/zero=1.19  cos=0.04  k=0.73
[030/100] 03_to_10  L1=0.760  L1/zero=1.41  cos=0.24  k=1.30
[031/100] 04_to_01  L1=0.850  L1/zero=1.09  cos=0.39  k=0.91
[032/100] 04_to_02  L1=0.542  L1/zero=1.02  cos=0.47  k=0.94
[033/100] 04_to_03  L1=0.210  L1/zero=0.88  cos=0.55  k=0.87
[034/100] 04_to_04  L1=0.001  L1/zero=135728.65  cos=nan  k=nan
[035/100] 04_to_05  L1=0.183  L1/zero=0.83  cos=0.54  k=0.51
[036/100] 04_to_06  L1=0.407  L1/zero=0.87  cos=0.46  k=0.49
[037/100] 04_to_07  L1=0.653  L1/zero=0.93  cos=0.39  k=0.34
[038/100] 04_to_08  L1=0.801  L1/zero=1.07  cos=0.13  k=0.54
[039/100] 04_to_09  L1=0.902  L1/zero=1.23  cos=0.10  k=0.88
[040/100] 04_to_10  L1=0.838  L1/zero=1.25  cos=0.41  k=1.18
[041/100] 05_to_01  L1=0.851  L1/zero=1.14  cos=0.51  k=1.14
[042/100] 05_to_02  L1=0.814  L1/zero=0.98  cos=0.45  k=0.83
[043/100] 05_to_03  L1=0.506  L1/zero=0.86  cos=0.51  k=0.68
[044/100] 05_to_04  L1=0.199  L1/zero=0.88  cos=0.46  k=0.57
[045/100] 05_to_05  L1=0.011  L1/zero=1057592.78  cos=nan  k=nan
[046/100] 05_to_06  L1=0.206  L1/zero=0.94  cos=0.36  k=0.26
[047/100] 05_to_07  L1=0.445  L1/zero=0.94  cos=0.33  k=0.47
[048/100] 05_to_08  L1=0.707  L1/zero=1.06  cos=0.23  k=0.74
[049/100] 05_to_09  L1=0.992  L1/zero=1.23  cos=0.12  k=0.89
[050/100] 05_to_10  L1=0.992  L1/zero=1.30  cos=0.20  k=1.17
[051/100] 06_to_01  L1=0.871  L1/zero=1.13  cos=0.55  k=1.22
[052/100] 06_to_02  L1=0.760  L1/zero=1.09  cos=0.52  k=1.08
[053/100] 06_to_03  L1=0.688  L1/zero=0.92  cos=0.46  k=0.67
[054/100] 06_to_04  L1=0.412  L1/zero=0.86  cos=0.46  k=0.43
[055/100] 06_to_05  L1=0.200  L1/zero=0.93  cos=0.34  k=0.33
[056/100] 06_to_06  L1=0.013  L1/zero=1284359.30  cos=nan  k=nan
[057/100] 06_to_07  L1=0.257  L1/zero=1.14  cos=0.22  k=0.75
[058/100] 06_to_08  L1=0.504  L1/zero=1.22  cos=0.33  k=1.24
[059/100] 06_to_09  L1=0.838  L1/zero=1.36  cos=0.23  k=1.28
[060/100] 06_to_10  L1=0.974  L1/zero=1.35  cos=0.23  k=1.29
[061/100] 07_to_01  L1=0.829  L1/zero=1.31  cos=0.25  k=1.23
[062/100] 07_to_02  L1=0.692  L1/zero=0.96  cos=0.47  k=0.74
[063/100] 07_to_03  L1=0.584  L1/zero=0.89  cos=0.46  k=0.49
[064/100] 07_to_04  L1=0.689  L1/zero=0.94  cos=0.35  k=0.30
[065/100] 07_to_05  L1=0.488  L1/zero=1.01  cos=0.19  k=0.44
[066/100] 07_to_06  L1=0.269  L1/zero=1.16  cos=0.17  k=0.76
[067/100] 07_to_07  L1=0.001  L1/zero=99552.19  cos=nan  k=nan
[068/100] 07_to_08  L1=0.189  L1/zero=1.31  cos=0.23  k=1.13
[069/100] 07_to_09  L1=0.528  L1/zero=1.54  cos=0.29  k=1.67
[070/100] 07_to_10  L1=0.797  L1/zero=1.49  cos=0.26  k=1.53
[071/100] 08_to_01  L1=0.561  L1/zero=1.08  cos=0.22  k=0.78
[072/100] 08_to_02  L1=0.576  L1/zero=0.90  cos=0.38  k=0.46
[073/100] 08_to_03  L1=0.651  L1/zero=0.93  cos=0.32  k=0.39
[074/100] 08_to_04  L1=0.789  L1/zero=1.04  cos=0.13  k=0.49
[075/100] 08_to_05  L1=0.769  L1/zero=1.13  cos=0.12  k=0.77
[076/100] 08_to_06  L1=0.532  L1/zero=1.28  cos=0.26  k=1.28
[077/100] 08_to_07  L1=0.195  L1/zero=1.31  cos=0.23  k=1.19
[078/100] 08_to_08  L1=0.001  L1/zero=78937.95  cos=nan  k=nan
[079/100] 08_to_09  L1=0.223  L1/zero=1.45  cos=0.28  k=1.46
[080/100] 08_to_10  L1=0.470  L1/zero=1.34  cos=0.19  k=1.12
[081/100] 09_to_01  L1=0.377  L1/zero=1.07  cos=0.05  k=0.45
[082/100] 09_to_02  L1=0.562  L1/zero=1.01  cos=0.10  k=0.41
[083/100] 09_to_03  L1=0.760  L1/zero=1.06  cos=0.09  k=0.56
[084/100] 09_to_04  L1=0.878  L1/zero=1.20  cos=0.08  k=0.84
[085/100] 09_to_05  L1=1.059  L1/zero=1.26  cos=0.06  k=0.89
[086/100] 09_to_06  L1=0.880  L1/zero=1.35  cos=0.16  k=1.20
[087/100] 09_to_07  L1=0.543  L1/zero=1.54  cos=0.24  k=1.60
[088/100] 09_to_08  L1=0.228  L1/zero=1.54  cos=0.24  k=1.48
[089/100] 09_to_09  L1=0.001  L1/zero=75226.28  cos=nan  k=nan
[090/100] 09_to_10  L1=0.206  L1/zero=1.35  cos=0.19  k=1.04
[091/100] 10_to_01  L1=0.186  L1/zero=1.06  cos=-0.14  k=0.22
[092/100] 10_to_02  L1=0.518  L1/zero=1.05  cos=0.11  k=0.48
[093/100] 10_to_03  L1=0.756  L1/zero=1.23  cos=0.29  k=0.98
[094/100] 10_to_04  L1=0.844  L1/zero=1.23  cos=0.42  k=1.19
[095/100] 10_to_05  L1=1.041  L1/zero=1.33  cos=0.17  k=1.17
[096/100] 10_to_06  L1=1.111  L1/zero=1.43  cos=0.15  k=1.29
[097/100] 10_to_07  L1=0.778  L1/zero=1.41  cos=0.20  k=1.32
[098/100] 10_to_08  L1=0.450  L1/zero=1.27  cos=0.20  k=1.02
[099/100] 10_to_09  L1=0.216  L1/zero=1.40  cos=0.25  k=1.18
[100/100] 10_to_10  L1=0.001  L1/zero=87724.95  cos=nan  k=nan

[both] Directed mean: L1=0.596  L1/zero=1.14  cos=0.28  k=0.86  beat_zero=28%
wrote /home/abhishek/Voxel_GAN/PopulationStudy/ClinicalExperiments/Experiment2/BothCRB/plots/qc_varian/P1/CV_P1_V_01 (100 pngs)
[2026-08-26 10:40:44] QC varian both CV_P2_V_01
[ckpt] cond_dim=2 phase=linear
[both] scan=CV_P2_V_01 pairs=100 panels=100 ckpt=crb_both_mse_cyclic_full_spare_generator.pth out=/home/abhishek/Voxel_GAN/PopulationStudy/ClinicalExperiments/Experiment2/BothCRB/plots/qc_varian/P2/CV_P2_V_01
[001/100] 01_to_01  L1=0.037  L1/zero=3734242.17  cos=nan  k=nan
[002/100] 01_to_02  L1=0.282  L1/zero=0.85  cos=0.59  k=0.31
[003/100] 01_to_03  L1=0.603  L1/zero=0.80  cos=0.68  k=0.57
[004/100] 01_to_04  L1=0.780  L1/zero=0.79  cos=0.68  k=0.65
[005/100] 01_to_05  L1=0.903  L1/zero=0.79  cos=0.69  k=0.69
[006/100] 01_to_06  L1=0.886  L1/zero=0.78  cos=0.71  k=0.75
[007/100] 01_to_07  L1=0.787  L1/zero=0.83  cos=0.70  k=0.81
[008/100] 01_to_08  L1=0.696  L1/zero=0.87  cos=0.64  k=0.76
[009/100] 01_to_09  L1=0.453  L1/zero=0.85  cos=0.63  k=0.66
[010/100] 01_to_10  L1=0.204  L1/zero=0.89  cos=0.49  k=0.42
[011/100] 02_to_01  L1=0.314  L1/zero=0.92  cos=0.40  k=0.27
[012/100] 02_to_02  L1=0.005  L1/zero=543087.44  cos=nan  k=nan
[013/100] 02_to_03  L1=0.275  L1/zero=0.83  cos=0.67  k=0.60
[014/100] 02_to_04  L1=0.580  L1/zero=0.85  cos=0.66  k=0.52
[015/100] 02_to_05  L1=0.742  L1/zero=0.84  cos=0.64  k=0.62
[016/100] 02_to_06  L1=0.829  L1/zero=0.84  cos=0.63  k=0.68
[017/100] 02_to_07  L1=0.738  L1/zero=0.80  cos=0.68  k=0.67
[018/100] 02_to_08  L1=0.599  L1/zero=0.79  cos=0.65  k=0.60
[019/100] 02_to_09  L1=0.396  L1/zero=0.79  cos=0.65  k=0.52
[020/100] 02_to_10  L1=0.348  L1/zero=0.89  cos=0.42  k=0.39
[021/100] 03_to_01  L1=0.624  L1/zero=0.81  cos=0.67  k=0.54
[022/100] 03_to_02  L1=0.281  L1/zero=0.82  cos=0.70  k=0.74
[023/100] 03_to_03  L1=0.011  L1/zero=1062109.41  cos=nan  k=nan
[024/100] 03_to_04  L1=0.234  L1/zero=0.82  cos=0.70  k=0.45
[025/100] 03_to_05  L1=0.499  L1/zero=0.83  cos=0.64  k=0.57
[026/100] 03_to_06  L1=0.623  L1/zero=0.87  cos=0.58  k=0.63
[027/100] 03_to_07  L1=0.633  L1/zero=0.89  cos=0.57  k=0.62
[028/100] 03_to_08  L1=0.513  L1/zero=0.80  cos=0.61  k=0.51
[029/100] 03_to_09  L1=0.443  L1/zero=0.78  cos=0.60  k=0.50
[030/100] 03_to_10  L1=0.580  L1/zero=0.84  cos=0.55  k=0.61
[031/100] 04_to_01  L1=0.830  L1/zero=0.80  cos=0.68  k=0.57
[032/100] 04_to_02  L1=0.581  L1/zero=0.82  cos=0.68  k=0.62
[033/100] 04_to_03  L1=0.234  L1/zero=0.84  cos=0.65  k=0.53
[034/100] 04_to_04  L1=0.003  L1/zero=262038.32  cos=nan  k=nan
[035/100] 04_to_05  L1=0.188  L1/zero=0.87  cos=0.57  k=0.44
[036/100] 04_to_06  L1=0.367  L1/zero=0.87  cos=0.53  k=0.42
[037/100] 04_to_07  L1=0.436  L1/zero=0.85  cos=0.57  k=0.46
[038/100] 04_to_08  L1=0.481  L1/zero=0.85  cos=0.56  k=0.44
[039/100] 04_to_09  L1=0.552  L1/zero=0.81  cos=0.59  k=0.63
[040/100] 04_to_10  L1=0.754  L1/zero=0.85  cos=0.58  k=0.59
[041/100] 05_to_01  L1=1.102  L1/zero=0.90  cos=0.57  k=0.55
[042/100] 05_to_02  L1=0.814  L1/zero=0.89  cos=0.60  k=0.56
[043/100] 05_to_03  L1=0.501  L1/zero=0.84  cos=0.64  k=0.52
[044/100] 05_to_04  L1=0.189  L1/zero=0.84  cos=0.60  k=0.45
[045/100] 05_to_05  L1=0.004  L1/zero=412542.37  cos=nan  k=nan
[046/100] 05_to_06  L1=0.134  L1/zero=0.96  cos=0.28  k=0.31
[047/100] 05_to_07  L1=0.274  L1/zero=0.96  cos=0.33  k=0.59
[048/100] 05_to_08  L1=0.461  L1/zero=0.91  cos=0.45  k=0.51
[049/100] 05_to_09  L1=0.667  L1/zero=0.93  cos=0.48  k=0.58
[050/100] 05_to_10  L1=0.971  L1/zero=0.94  cos=0.52  k=0.54
[051/100] 06_to_01  L1=1.130  L1/zero=0.90  cos=0.59  k=0.61
[052/100] 06_to_02  L1=0.910  L1/zero=0.89  cos=0.60  k=0.64
[053/100] 06_to_03  L1=0.594  L1/zero=0.83  cos=0.64  k=0.63
[054/100] 06_to_04  L1=0.333  L1/zero=0.80  cos=0.62  k=0.48
[055/100] 06_to_05  L1=0.133  L1/zero=0.88  cos=0.45  k=0.34
[056/100] 06_to_06  L1=0.011  L1/zero=1107935.79  cos=nan  k=nan
[057/100] 06_to_07  L1=0.157  L1/zero=0.94  cos=0.41  k=0.65
[058/100] 06_to_08  L1=0.349  L1/zero=0.97  cos=0.50  k=0.81
[059/100] 06_to_09  L1=0.573  L1/zero=0.91  cos=0.57  k=0.70
[060/100] 06_to_10  L1=0.963  L1/zero=0.93  cos=0.51  k=0.54
[061/100] 07_to_01  L1=0.977  L1/zero=0.90  cos=0.59  k=0.59
[062/100] 07_to_02  L1=0.835  L1/zero=0.83  cos=0.63  k=0.56
[063/100] 07_to_03  L1=0.616  L1/zero=0.84  cos=0.58  k=0.49
[064/100] 07_to_04  L1=0.447  L1/zero=0.88  cos=0.47  k=0.35
[065/100] 07_to_05  L1=0.292  L1/zero=0.97  cos=0.26  k=0.50
[066/100] 07_to_06  L1=0.176  L1/zero=0.94  cos=0.37  k=0.62
[067/100] 07_to_07  L1=0.001  L1/zero=142212.13  cos=nan  k=nan
[068/100] 07_to_08  L1=0.220  L1/zero=0.98  cos=0.40  k=0.59
[069/100] 07_to_09  L1=0.445  L1/zero=0.99  cos=0.52  k=0.69
[070/100] 07_to_10  L1=0.759  L1/zero=0.94  cos=0.53  k=0.60
[071/100] 08_to_01  L1=0.795  L1/zero=0.87  cos=0.65  k=0.66
[072/100] 08_to_02  L1=0.667  L1/zero=0.80  cos=0.67  k=0.64
[073/100] 08_to_03  L1=0.553  L1/zero=0.83  cos=0.59  k=0.50
[074/100] 08_to_04  L1=0.478  L1/zero=0.84  cos=0.56  k=0.43
[075/100] 08_to_05  L1=0.431  L1/zero=0.88  cos=0.48  k=0.56
[076/100] 08_to_06  L1=0.352  L1/zero=0.95  cos=0.50  k=0.81
[077/100] 08_to_07  L1=0.253  L1/zero=0.99  cos=0.48  k=0.92
[078/100] 08_to_08  L1=0.001  L1/zero=91168.26  cos=nan  k=nan
[079/100] 08_to_09  L1=0.264  L1/zero=0.88  cos=0.63  k=0.72
[080/100] 08_to_10  L1=0.579  L1/zero=0.90  cos=0.64  k=0.67
[081/100] 09_to_01  L1=0.479  L1/zero=0.85  cos=0.61  k=0.43
[082/100] 09_to_02  L1=0.430  L1/zero=0.84  cos=0.59  k=0.48
[083/100] 09_to_03  L1=0.547  L1/zero=0.91  cos=0.38  k=0.35
[084/100] 09_to_04  L1=0.625  L1/zero=0.97  cos=0.33  k=0.52
[085/100] 09_to_05  L1=0.678  L1/zero=0.96  cos=0.43  k=0.60
[086/100] 09_to_06  L1=0.600  L1/zero=0.97  cos=0.55  k=0.74
[087/100] 09_to_07  L1=0.430  L1/zero=0.97  cos=0.57  k=0.78
[088/100] 09_to_08  L1=0.247  L1/zero=0.93  cos=0.57  k=0.63
[089/100] 09_to_09  L1=0.001  L1/zero=110079.42  cos=nan  k=nan
[090/100] 09_to_10  L1=0.275  L1/zero=0.88  cos=0.63  k=0.68
[091/100] 10_to_01  L1=0.229  L1/zero=0.89  cos=0.48  k=0.42
[092/100] 10_to_02  L1=0.356  L1/zero=0.90  cos=0.38  k=0.34
[093/100] 10_to_03  L1=0.624  L1/zero=0.86  cos=0.52  k=0.56
[094/100] 10_to_04  L1=0.816  L1/zero=0.90  cos=0.56  k=0.64
[095/100] 10_to_05  L1=0.810  L1/zero=0.87  cos=0.64  k=0.72
[096/100] 10_to_06  L1=0.815  L1/zero=0.86  cos=0.64  k=0.76
[097/100] 10_to_07  L1=0.700  L1/zero=0.91  cos=0.64  k=0.82
[098/100] 10_to_08  L1=0.530  L1/zero=0.89  cos=0.64  k=0.74
[099/100] 10_to_09  L1=0.285  L1/zero=0.89  cos=0.70  k=0.97
[100/100] 10_to_10  L1=0.002  L1/zero=204616.09  cos=nan  k=nan

[both] Directed mean: L1=0.535  L1/zero=0.87  cos=0.57  k=0.58  beat_zero=100%
wrote /home/abhishek/Voxel_GAN/PopulationStudy/ClinicalExperiments/Experiment2/BothCRB/plots/qc_varian/P2/CV_P2_V_01 (100 pngs)
[2026-08-26 10:41:29] QC varian both CV_P3_V_01
[ckpt] cond_dim=2 phase=linear
[both] scan=CV_P3_V_01 pairs=100 panels=100 ckpt=crb_both_mse_cyclic_full_spare_generator.pth out=/home/abhishek/Voxel_GAN/PopulationStudy/ClinicalExperiments/Experiment2/BothCRB/plots/qc_varian/P3/CV_P3_V_01
[001/100] 01_to_01  L1=0.027  L1/zero=2650673.13  cos=nan  k=nan
[002/100] 01_to_02  L1=0.332  L1/zero=1.02  cos=0.39  k=0.50
[003/100] 01_to_03  L1=0.634  L1/zero=0.94  cos=0.56  k=0.73
[004/100] 01_to_04  L1=0.788  L1/zero=0.88  cos=0.62  k=0.87
[005/100] 01_to_05  L1=0.945  L1/zero=0.79  cos=0.68  k=0.79
[006/100] 01_to_06  L1=1.100  L1/zero=0.79  cos=0.68  k=0.75
[007/100] 01_to_07  L1=0.946  L1/zero=0.84  cos=0.60  k=0.67
[008/100] 01_to_08  L1=0.690  L1/zero=0.80  cos=0.64  k=0.56
[009/100] 01_to_09  L1=0.529  L1/zero=0.87  cos=0.60  k=0.37
[010/100] 01_to_10  L1=0.358  L1/zero=1.04  cos=-0.01  k=0.22
[011/100] 02_to_01  L1=0.327  L1/zero=1.02  cos=0.33  k=0.49
[012/100] 02_to_02  L1=0.005  L1/zero=515244.71  cos=nan  k=nan
[013/100] 02_to_03  L1=0.311  L1/zero=0.92  cos=0.49  k=0.45
[014/100] 02_to_04  L1=0.519  L1/zero=0.81  cos=0.62  k=0.59
[015/100] 02_to_05  L1=0.692  L1/zero=0.71  cos=0.71  k=0.62
[016/100] 02_to_06  L1=0.834  L1/zero=0.72  cos=0.72  k=0.63
[017/100] 02_to_07  L1=0.824  L1/zero=0.83  cos=0.59  k=0.62
[018/100] 02_to_08  L1=0.685  L1/zero=0.89  cos=0.50  k=0.62
[019/100] 02_to_09  L1=0.608  L1/zero=0.97  cos=0.30  k=0.47
[020/100] 02_to_10  L1=0.451  L1/zero=1.12  cos=-0.12  k=0.47
[021/100] 03_to_01  L1=0.618  L1/zero=0.96  cos=0.53  k=0.75
[022/100] 03_to_02  L1=0.310  L1/zero=0.92  cos=0.55  k=0.59
[023/100] 03_to_03  L1=0.005  L1/zero=517173.58  cos=nan  k=nan
[024/100] 03_to_04  L1=0.243  L1/zero=0.82  cos=0.63  k=0.47
[025/100] 03_to_05  L1=0.470  L1/zero=0.75  cos=0.71  k=0.52
[026/100] 03_to_06  L1=0.644  L1/zero=0.75  cos=0.70  k=0.56
[027/100] 03_to_07  L1=0.642  L1/zero=0.88  cos=0.53  k=0.59
[028/100] 03_to_08  L1=0.624  L1/zero=0.98  cos=0.37  k=0.64
[029/100] 03_to_09  L1=0.633  L1/zero=1.23  cos=0.15  k=1.08
[030/100] 03_to_10  L1=0.701  L1/zero=1.34  cos=0.27  k=1.32
[031/100] 04_to_01  L1=0.746  L1/zero=0.90  cos=0.64  k=0.98
[032/100] 04_to_02  L1=0.450  L1/zero=0.78  cos=0.73  k=0.86
[033/100] 04_to_03  L1=0.220  L1/zero=0.79  cos=0.69  k=0.66
[034/100] 04_to_04  L1=0.002  L1/zero=245481.31  cos=nan  k=nan
[035/100] 04_to_05  L1=0.276  L1/zero=0.79  cos=0.74  k=0.35
[036/100] 04_to_06  L1=0.501  L1/zero=0.80  cos=0.65  k=0.45
[037/100] 04_to_07  L1=0.543  L1/zero=0.94  cos=0.40  k=0.56
[038/100] 04_to_08  L1=0.606  L1/zero=1.11  cos=0.32  k=0.93
[039/100] 04_to_09  L1=0.730  L1/zero=1.44  cos=0.32  k=1.46
[040/100] 04_to_10  L1=0.794  L1/zero=1.34  cos=0.48  k=1.53
[041/100] 05_to_01  L1=0.806  L1/zero=0.75  cos=0.77  k=0.92
[042/100] 05_to_02  L1=0.638  L1/zero=0.72  cos=0.76  k=0.82
[043/100] 05_to_03  L1=0.442  L1/zero=0.74  cos=0.74  k=0.66
[044/100] 05_to_04  L1=0.254  L1/zero=0.75  cos=0.77  k=0.46
[045/100] 05_to_05  L1=0.005  L1/zero=476324.42  cos=nan  k=nan
[046/100] 05_to_06  L1=0.207  L1/zero=0.79  cos=0.66  k=0.40
[047/100] 05_to_07  L1=0.378  L1/zero=0.94  cos=0.36  k=0.65
[048/100] 05_to_08  L1=0.548  L1/zero=0.95  cos=0.55  k=0.95
[049/100] 05_to_09  L1=0.702  L1/zero=1.01  cos=0.59  k=1.16
[050/100] 05_to_10  L1=0.849  L1/zero=0.96  cos=0.64  k=1.14
[051/100] 06_to_01  L1=0.959  L1/zero=0.74  cos=0.75  k=0.70
[052/100] 06_to_02  L1=0.818  L1/zero=0.77  cos=0.69  k=0.72
[053/100] 06_to_03  L1=0.629  L1/zero=0.77  cos=0.65  k=0.58
[054/100] 06_to_04  L1=0.494  L1/zero=0.81  cos=0.65  k=0.40
[055/100] 06_to_05  L1=0.218  L1/zero=0.83  cos=0.60  k=0.35
[056/100] 06_to_06  L1=0.008  L1/zero=777835.54  cos=nan  k=nan
[057/100] 06_to_07  L1=0.269  L1/zero=0.80  cos=0.65  k=0.38
[058/100] 06_to_08  L1=0.446  L1/zero=0.75  cos=0.67  k=0.59
[059/100] 06_to_09  L1=0.598  L1/zero=0.81  cos=0.66  k=0.80
[060/100] 06_to_10  L1=0.800  L1/zero=0.84  cos=0.66  k=0.82
[061/100] 07_to_01  L1=0.855  L1/zero=0.84  cos=0.68  k=0.88
[062/100] 07_to_02  L1=0.785  L1/zero=0.86  cos=0.59  k=0.72
[063/100] 07_to_03  L1=0.636  L1/zero=0.88  cos=0.52  k=0.61
[064/100] 07_to_04  L1=0.510  L1/zero=0.90  cos=0.42  k=0.54
[065/100] 07_to_05  L1=0.386  L1/zero=0.94  cos=0.34  k=0.53
[066/100] 07_to_06  L1=0.305  L1/zero=0.86  cos=0.50  k=0.50
[067/100] 07_to_07  L1=0.001  L1/zero=115535.79  cos=nan  k=nan
[068/100] 07_to_08  L1=0.259  L1/zero=0.81  cos=0.62  k=0.57
[069/100] 07_to_09  L1=0.424  L1/zero=0.93  cos=0.70  k=1.19
[070/100] 07_to_10  L1=0.627  L1/zero=0.95  cos=0.73  k=1.24
[071/100] 08_to_01  L1=0.680  L1/zero=0.85  cos=0.55  k=0.47
[072/100] 08_to_02  L1=0.605  L1/zero=0.89  cos=0.40  k=0.40
[073/100] 08_to_03  L1=0.595  L1/zero=1.05  cos=0.07  k=0.60
[074/100] 08_to_04  L1=0.719  L1/zero=1.31  cos=-0.04  k=0.91
[075/100] 08_to_05  L1=0.645  L1/zero=1.03  cos=0.42  k=0.93
[076/100] 08_to_06  L1=0.530  L1/zero=0.84  cos=0.58  k=0.90
[077/100] 08_to_07  L1=0.304  L1/zero=0.84  cos=0.54  k=0.44
[078/100] 08_to_08  L1=0.001  L1/zero=83007.95  cos=nan  k=nan
[079/100] 08_to_09  L1=0.283  L1/zero=0.92  cos=0.51  k=0.86
[080/100] 08_to_10  L1=0.461  L1/zero=0.96  cos=0.54  k=0.80
[081/100] 09_to_01  L1=0.492  L1/zero=0.84  cos=0.63  k=0.44
[082/100] 09_to_02  L1=0.605  L1/zero=1.07  cos=0.12  k=0.60
[083/100] 09_to_03  L1=0.685  L1/zero=1.33  cos=0.10  k=1.24
[084/100] 09_to_04  L1=0.822  L1/zero=1.63  cos=0.24  k=1.66
[085/100] 09_to_05  L1=0.800  L1/zero=1.12  cos=0.57  k=1.36
[086/100] 09_to_06  L1=0.764  L1/zero=1.00  cos=0.65  k=1.29
[087/100] 09_to_07  L1=0.484  L1/zero=1.07  cos=0.64  k=1.35
[088/100] 09_to_08  L1=0.248  L1/zero=0.95  cos=0.58  k=1.09
[089/100] 09_to_09  L1=0.001  L1/zero=75448.78  cos=nan  k=nan
[090/100] 09_to_10  L1=0.229  L1/zero=0.81  cos=0.69  k=0.82
[091/100] 10_to_01  L1=0.365  L1/zero=0.99  cos=0.18  k=0.12
[092/100] 10_to_02  L1=0.542  L1/zero=1.33  cos=-0.26  k=0.88
[093/100] 10_to_03  L1=0.736  L1/zero=1.43  cos=0.34  k=1.53
[094/100] 10_to_04  L1=0.912  L1/zero=1.53  cos=0.44  k=1.77
[095/100] 10_to_05  L1=1.006  L1/zero=1.08  cos=0.58  k=1.25
[096/100] 10_to_06  L1=1.011  L1/zero=0.99  cos=0.63  k=1.15
[097/100] 10_to_07  L1=0.694  L1/zero=1.01  cos=0.62  k=1.13
[098/100] 10_to_08  L1=0.442  L1/zero=0.91  cos=0.58  k=0.79
[099/100] 10_to_09  L1=0.253  L1/zero=0.84  cos=0.65  k=0.62
[100/100] 10_to_10  L1=0.001  L1/zero=85513.32  cos=nan  k=nan

[both] Directed mean: L1=0.579  L1/zero=0.94  cos=0.52  k=0.77  beat_zero=73%
wrote /home/abhishek/Voxel_GAN/PopulationStudy/ClinicalExperiments/Experiment2/BothCRB/plots/qc_varian/P3/CV_P3_V_01 (100 pngs)
[2026-08-26 10:42:16] QC varian both CV_P4_V_01
[ckpt] cond_dim=2 phase=linear
[both] scan=CV_P4_V_01 pairs=100 panels=100 ckpt=crb_both_mse_cyclic_full_spare_generator.pth out=/home/abhishek/Voxel_GAN/PopulationStudy/ClinicalExperiments/Experiment2/BothCRB/plots/qc_varian/P4/CV_P4_V_01
[001/100] 01_to_01  L1=0.026  L1/zero=2622667.70  cos=nan  k=nan
[002/100] 01_to_02  L1=0.261  L1/zero=0.76  cos=0.70  k=0.55
[003/100] 01_to_03  L1=0.634  L1/zero=0.73  cos=0.75  k=0.68
[004/100] 01_to_04  L1=1.140  L1/zero=0.76  cos=0.67  k=0.59
[005/100] 01_to_05  L1=1.306  L1/zero=0.74  cos=0.73  k=0.61
[006/100] 01_to_06  L1=1.287  L1/zero=0.72  cos=0.76  k=0.65
[007/100] 01_to_07  L1=1.115  L1/zero=0.71  cos=0.76  k=0.61
[008/100] 01_to_08  L1=0.903  L1/zero=0.70  cos=0.74  k=0.49
[009/100] 01_to_09  L1=0.588  L1/zero=0.71  cos=0.72  k=0.41
[010/100] 01_to_10  L1=0.304  L1/zero=0.84  cos=0.48  k=0.25
[011/100] 02_to_01  L1=0.255  L1/zero=0.75  cos=0.70  k=0.66
[012/100] 02_to_02  L1=0.005  L1/zero=532856.21  cos=nan  k=nan
[013/100] 02_to_03  L1=0.352  L1/zero=0.77  cos=0.77  k=0.49
[014/100] 02_to_04  L1=0.733  L1/zero=0.76  cos=0.71  k=0.55
[015/100] 02_to_05  L1=1.182  L1/zero=0.76  cos=0.68  k=0.54
[016/100] 02_to_06  L1=1.150  L1/zero=0.71  cos=0.74  k=0.61
[017/100] 02_to_07  L1=1.115  L1/zero=0.73  cos=0.70  k=0.53
[018/100] 02_to_08  L1=0.935  L1/zero=0.74  cos=0.66  k=0.43
[019/100] 02_to_09  L1=0.698  L1/zero=0.80  cos=0.52  k=0.44
[020/100] 02_to_10  L1=0.446  L1/zero=0.95  cos=0.41  k=0.73
[021/100] 03_to_01  L1=0.630  L1/zero=0.75  cos=0.76  k=0.69
[022/100] 03_to_02  L1=0.339  L1/zero=0.75  cos=0.77  k=0.64
[023/100] 03_to_03  L1=0.003  L1/zero=255337.54  cos=nan  k=nan
[024/100] 03_to_04  L1=0.347  L1/zero=0.81  cos=0.73  k=0.44
[025/100] 03_to_05  L1=0.705  L1/zero=0.77  cos=0.67  k=0.50
[026/100] 03_to_06  L1=0.807  L1/zero=0.70  cos=0.70  k=0.56
[027/100] 03_to_07  L1=0.830  L1/zero=0.74  cos=0.65  k=0.46
[028/100] 03_to_08  L1=0.782  L1/zero=0.83  cos=0.54  k=0.49
[029/100] 03_to_09  L1=0.777  L1/zero=0.95  cos=0.49  k=0.75
[030/100] 03_to_10  L1=0.742  L1/zero=0.86  cos=0.60  k=0.87
[031/100] 04_to_01  L1=1.026  L1/zero=0.73  cos=0.77  k=0.62
[032/100] 04_to_02  L1=0.688  L1/zero=0.74  cos=0.75  k=0.68
[033/100] 04_to_03  L1=0.321  L1/zero=0.78  cos=0.72  k=0.58
[034/100] 04_to_04  L1=0.002  L1/zero=217387.29  cos=nan  k=nan
[035/100] 04_to_05  L1=0.291  L1/zero=0.81  cos=0.68  k=0.47
[036/100] 04_to_06  L1=0.521  L1/zero=0.88  cos=0.51  k=0.64
[037/100] 04_to_07  L1=0.507  L1/zero=0.96  cos=0.38  k=0.70
[038/100] 04_to_08  L1=0.620  L1/zero=1.01  cos=0.47  k=0.92
[039/100] 04_to_09  L1=0.733  L1/zero=0.86  cos=0.60  k=1.00
[040/100] 04_to_10  L1=0.957  L1/zero=0.79  cos=0.66  k=0.81
[041/100] 05_to_01  L1=1.146  L1/zero=0.68  cos=0.80  k=0.70
[042/100] 05_to_02  L1=1.045  L1/zero=0.70  cos=0.76  k=0.64
[043/100] 05_to_03  L1=0.689  L1/zero=0.77  cos=0.67  k=0.60
[044/100] 05_to_04  L1=0.286  L1/zero=0.80  cos=0.67  k=0.61
[045/100] 05_to_05  L1=0.005  L1/zero=483585.66  cos=nan  k=nan
[046/100] 05_to_06  L1=0.195  L1/zero=0.97  cos=0.37  k=0.66
[047/100] 05_to_07  L1=0.433  L1/zero=1.11  cos=0.31  k=0.88
[048/100] 05_to_08  L1=0.617  L1/zero=0.88  cos=0.63  k=0.97
[049/100] 05_to_09  L1=0.748  L1/zero=0.72  cos=0.76  k=0.91
[050/100] 05_to_10  L1=0.982  L1/zero=0.71  cos=0.78  k=0.80
[051/100] 06_to_01  L1=1.143  L1/zero=0.67  cos=0.82  k=0.74
[052/100] 06_to_02  L1=1.077  L1/zero=0.67  cos=0.79  k=0.69
[053/100] 06_to_03  L1=0.768  L1/zero=0.70  cos=0.70  k=0.67
[054/100] 06_to_04  L1=0.510  L1/zero=0.88  cos=0.54  k=0.75
[055/100] 06_to_05  L1=0.196  L1/zero=0.96  cos=0.37  k=0.68
[056/100] 06_to_06  L1=0.008  L1/zero=818332.47  cos=nan  k=nan
[057/100] 06_to_07  L1=0.259  L1/zero=0.89  cos=0.63  k=0.93
[058/100] 06_to_08  L1=0.554  L1/zero=0.87  cos=0.71  k=1.02
[059/100] 06_to_09  L1=0.746  L1/zero=0.75  cos=0.78  k=0.94
[060/100] 06_to_10  L1=0.970  L1/zero=0.70  cos=0.81  k=0.79
[061/100] 07_to_01  L1=0.968  L1/zero=0.61  cos=0.85  k=0.67
[062/100] 07_to_02  L1=1.085  L1/zero=0.71  cos=0.73  k=0.55
[063/100] 07_to_03  L1=0.768  L1/zero=0.74  cos=0.64  k=0.51
[064/100] 07_to_04  L1=0.484  L1/zero=0.96  cos=0.35  k=0.71
[065/100] 07_to_05  L1=0.401  L1/zero=0.99  cos=0.38  k=0.72
[066/100] 07_to_06  L1=0.262  L1/zero=0.83  cos=0.65  k=0.74
[067/100] 07_to_07  L1=0.002  L1/zero=174010.38  cos=nan  k=nan
[068/100] 07_to_08  L1=0.287  L1/zero=0.77  cos=0.73  k=0.76
[069/100] 07_to_09  L1=0.476  L1/zero=0.68  cos=0.81  k=0.90
[070/100] 07_to_10  L1=0.713  L1/zero=0.62  cos=0.86  k=0.73
[071/100] 08_to_01  L1=0.825  L1/zero=0.66  cos=0.81  k=0.51
[072/100] 08_to_02  L1=0.907  L1/zero=0.74  cos=0.67  k=0.45
[073/100] 08_to_03  L1=0.732  L1/zero=0.84  cos=0.50  k=0.51
[074/100] 08_to_04  L1=0.590  L1/zero=0.89  cos=0.53  k=0.81
[075/100] 08_to_05  L1=0.598  L1/zero=0.77  cos=0.68  k=0.88
[076/100] 08_to_06  L1=0.555  L1/zero=0.79  cos=0.72  k=0.94
[077/100] 08_to_07  L1=0.330  L1/zero=0.78  cos=0.72  k=0.54
[078/100] 08_to_08  L1=0.001  L1/zero=99448.57  cos=nan  k=nan
[079/100] 08_to_09  L1=0.280  L1/zero=0.66  cos=0.80  k=0.66
[080/100] 08_to_10  L1=0.546  L1/zero=0.65  cos=0.81  k=0.61
[081/100] 09_to_01  L1=0.546  L1/zero=0.68  cos=0.77  k=0.43
[082/100] 09_to_02  L1=0.690  L1/zero=0.79  cos=0.55  k=0.47
[083/100] 09_to_03  L1=0.802  L1/zero=0.96  cos=0.45  k=0.74
[084/100] 09_to_04  L1=0.725  L1/zero=0.84  cos=0.62  k=0.99
[085/100] 09_to_05  L1=0.790  L1/zero=0.72  cos=0.75  k=0.91
[086/100] 09_to_06  L1=0.792  L1/zero=0.75  cos=0.76  k=0.91
[087/100] 09_to_07  L1=0.488  L1/zero=0.69  cos=0.80  k=0.85
[088/100] 09_to_08  L1=0.265  L1/zero=0.66  cos=0.81  k=0.67
[089/100] 09_to_09  L1=0.001  L1/zero=76630.66  cos=nan  k=nan
[090/100] 09_to_10  L1=0.244  L1/zero=0.61  cos=0.85  k=0.58
[091/100] 10_to_01  L1=0.313  L1/zero=0.85  cos=0.55  k=0.22
[092/100] 10_to_02  L1=0.469  L1/zero=0.97  cos=0.33  k=0.70
[093/100] 10_to_03  L1=0.683  L1/zero=0.80  cos=0.65  k=0.88
[094/100] 10_to_04  L1=0.963  L1/zero=0.76  cos=0.67  k=0.78
[095/100] 10_to_05  L1=0.990  L1/zero=0.69  cos=0.76  k=0.78
[096/100] 10_to_06  L1=1.022  L1/zero=0.70  cos=0.78  k=0.78
[097/100] 10_to_07  L1=0.784  L1/zero=0.69  cos=0.79  k=0.72
[098/100] 10_to_08  L1=0.574  L1/zero=0.67  cos=0.78  k=0.58
[099/100] 10_to_09  L1=0.278  L1/zero=0.66  cos=0.82  k=0.52
[100/100] 10_to_10  L1=0.001  L1/zero=102493.02  cos=nan  k=nan

[both] Directed mean: L1=0.673  L1/zero=0.78  cos=0.67  k=0.67  beat_zero=98%
wrote /home/abhishek/Voxel_GAN/PopulationStudy/ClinicalExperiments/Experiment2/BothCRB/plots/qc_varian/P4/CV_P4_V_01 (100 pngs)
[2026-08-26 10:43:01] QC varian both CV_P5_V_01
[ckpt] cond_dim=2 phase=linear
[both] scan=CV_P5_V_01 pairs=100 panels=100 ckpt=crb_both_mse_cyclic_full_spare_generator.pth out=/home/abhishek/Voxel_GAN/PopulationStudy/ClinicalExperiments/Experiment2/BothCRB/plots/qc_varian/P5/CV_P5_V_01
[001/100] 01_to_01  L1=0.039  L1/zero=3867655.99  cos=nan  k=nan
[002/100] 01_to_02  L1=0.241  L1/zero=0.85  cos=0.55  k=0.43
[003/100] 01_to_03  L1=0.591  L1/zero=0.89  cos=0.60  k=0.46
[004/100] 01_to_04  L1=0.927  L1/zero=0.85  cos=0.62  k=0.50
[005/100] 01_to_05  L1=1.304  L1/zero=0.83  cos=0.61  k=0.52
[006/100] 01_to_06  L1=1.470  L1/zero=0.85  cos=0.56  k=0.48
[007/100] 01_to_07  L1=1.308  L1/zero=0.87  cos=0.52  k=0.37
[008/100] 01_to_08  L1=1.066  L1/zero=0.90  cos=0.47  k=0.27
[009/100] 01_to_09  L1=0.663  L1/zero=0.93  cos=0.40  k=0.24
[010/100] 01_to_10  L1=0.278  L1/zero=0.97  cos=0.27  k=0.16
[011/100] 02_to_01  L1=0.247  L1/zero=0.87  cos=0.53  k=0.51
[012/100] 02_to_02  L1=0.004  L1/zero=386664.81  cos=nan  k=nan
[013/100] 02_to_03  L1=0.376  L1/zero=0.91  cos=0.59  k=0.29
[014/100] 02_to_04  L1=0.826  L1/zero=0.88  cos=0.62  k=0.33
[015/100] 02_to_05  L1=1.242  L1/zero=0.87  cos=0.57  k=0.39
[016/100] 02_to_06  L1=1.444  L1/zero=0.88  cos=0.52  k=0.36
[017/100] 02_to_07  L1=1.382  L1/zero=0.93  cos=0.46  k=0.16
[018/100] 02_to_08  L1=1.119  L1/zero=0.95  cos=0.39  k=0.13
[019/100] 02_to_09  L1=0.803  L1/zero=1.01  cos=0.17  k=0.16
[020/100] 02_to_10  L1=0.461  L1/zero=0.96  cos=0.28  k=0.34
[021/100] 03_to_01  L1=0.578  L1/zero=0.86  cos=0.63  k=0.42
[022/100] 03_to_02  L1=0.361  L1/zero=0.88  cos=0.61  k=0.33
[023/100] 03_to_03  L1=0.003  L1/zero=289415.03  cos=nan  k=nan
[024/100] 03_to_04  L1=0.459  L1/zero=0.95  cos=0.50  k=0.13
[025/100] 03_to_05  L1=0.951  L1/zero=0.92  cos=0.51  k=0.20
[026/100] 03_to_06  L1=1.171  L1/zero=0.92  cos=0.45  k=0.20
[027/100] 03_to_07  L1=1.124  L1/zero=0.97  cos=0.30  k=0.11
[028/100] 03_to_08  L1=0.858  L1/zero=1.03  cos=0.10  k=0.16
[029/100] 03_to_09  L1=0.752  L1/zero=1.02  cos=0.09  k=0.37
[030/100] 03_to_10  L1=0.692  L1/zero=0.98  cos=0.43  k=0.67
[031/100] 04_to_01  L1=0.991  L1/zero=0.87  cos=0.64  k=0.34
[032/100] 04_to_02  L1=0.817  L1/zero=0.88  cos=0.61  k=0.32
[033/100] 04_to_03  L1=0.403  L1/zero=0.88  cos=0.60  k=0.26
[034/100] 04_to_04  L1=0.002  L1/zero=157540.12  cos=nan  k=nan
[035/100] 04_to_05  L1=0.364  L1/zero=0.90  cos=0.57  k=0.19
[036/100] 04_to_06  L1=0.587  L1/zero=0.89  cos=0.46  k=0.33
[037/100] 04_to_07  L1=0.653  L1/zero=1.00  cos=0.24  k=0.25
[038/100] 04_to_08  L1=0.612  L1/zero=0.93  cos=0.42  k=0.45
[039/100] 04_to_09  L1=0.641  L1/zero=0.86  cos=0.63  k=0.59
[040/100] 04_to_10  L1=0.761  L1/zero=0.80  cos=0.72  k=0.48
[041/100] 05_to_01  L1=1.243  L1/zero=0.80  cos=0.68  k=0.41
[042/100] 05_to_02  L1=1.134  L1/zero=0.84  cos=0.65  k=0.36
[043/100] 05_to_03  L1=0.869  L1/zero=0.92  cos=0.51  k=0.21
[044/100] 05_to_04  L1=0.358  L1/zero=0.94  cos=0.43  k=0.20
[045/100] 05_to_05  L1=0.018  L1/zero=1786216.72  cos=nan  k=nan
[046/100] 05_to_06  L1=0.228  L1/zero=0.97  cos=0.26  k=0.15
[047/100] 05_to_07  L1=0.343  L1/zero=0.85  cos=0.52  k=0.54
[048/100] 05_to_08  L1=0.625  L1/zero=0.93  cos=0.46  k=0.51
[049/100] 05_to_09  L1=0.862  L1/zero=0.86  cos=0.59  k=0.57
[050/100] 05_to_10  L1=1.090  L1/zero=0.81  cos=0.63  k=0.48
[051/100] 06_to_01  L1=1.378  L1/zero=0.83  cos=0.62  k=0.36
[052/100] 06_to_02  L1=1.373  L1/zero=0.86  cos=0.62  k=0.27
[053/100] 06_to_03  L1=1.073  L1/zero=0.92  cos=0.47  k=0.18
[054/100] 06_to_04  L1=0.549  L1/zero=0.90  cos=0.44  k=0.29
[055/100] 06_to_05  L1=0.255  L1/zero=0.97  cos=0.25  k=0.21
[056/100] 06_to_06  L1=0.017  L1/zero=1675196.36  cos=nan  k=nan
[057/100] 06_to_07  L1=0.279  L1/zero=0.83  cos=0.55  k=0.51
[058/100] 06_to_08  L1=0.586  L1/zero=0.89  cos=0.57  k=0.34
[059/100] 06_to_09  L1=0.877  L1/zero=0.83  cos=0.67  k=0.43
[060/100] 06_to_10  L1=1.175  L1/zero=0.83  cos=0.65  k=0.37
[061/100] 07_to_01  L1=1.357  L1/zero=0.92  cos=0.46  k=0.23
[062/100] 07_to_02  L1=1.348  L1/zero=0.92  cos=0.57  k=0.16
[063/100] 07_to_03  L1=0.974  L1/zero=0.92  cos=0.46  k=0.17
[064/100] 07_to_04  L1=0.601  L1/zero=0.99  cos=0.18  k=0.28
[065/100] 07_to_05  L1=0.391  L1/zero=0.97  cos=0.42  k=0.64
[066/100] 07_to_06  L1=0.307  L1/zero=0.91  cos=0.45  k=0.62
[067/100] 07_to_07  L1=0.003  L1/zero=315119.49  cos=nan  k=nan
[068/100] 07_to_08  L1=0.388  L1/zero=0.97  cos=0.41  k=0.19
[069/100] 07_to_09  L1=0.718  L1/zero=0.91  cos=0.54  k=0.29
[070/100] 07_to_10  L1=1.142  L1/zero=0.95  cos=0.38  k=0.17
[071/100] 08_to_01  L1=1.121  L1/zero=0.94  cos=0.36  k=0.18
[072/100] 08_to_02  L1=1.045  L1/zero=0.94  cos=0.39  k=0.15
[073/100] 08_to_03  L1=0.774  L1/zero=0.98  cos=0.22  k=0.21
[074/100] 08_to_04  L1=0.600  L1/zero=0.93  cos=0.44  k=0.48
[075/100] 08_to_05  L1=0.642  L1/zero=0.89  cos=0.60  k=0.43
[076/100] 08_to_06  L1=0.617  L1/zero=0.90  cos=0.55  k=0.37
[077/100] 08_to_07  L1=0.385  L1/zero=0.92  cos=0.54  k=0.21
[078/100] 08_to_08  L1=0.001  L1/zero=79765.07  cos=nan  k=nan
[079/100] 08_to_09  L1=0.375  L1/zero=0.93  cos=0.49  k=0.23
[080/100] 08_to_10  L1=0.768  L1/zero=0.96  cos=0.39  k=0.16
[081/100] 09_to_01  L1=0.687  L1/zero=1.01  cos=-0.13  k=0.08
[082/100] 09_to_02  L1=0.761  L1/zero=1.04  cos=-0.29  k=0.11
[083/100] 09_to_03  L1=0.746  L1/zero=1.09  cos=0.08  k=0.49
[084/100] 09_to_04  L1=0.691  L1/zero=0.88  cos=0.59  k=0.69
[085/100] 09_to_05  L1=0.843  L1/zero=0.80  cos=0.66  k=0.61
[086/100] 09_to_06  L1=0.876  L1/zero=0.79  cos=0.64  k=0.60
[087/100] 09_to_07  L1=0.729  L1/zero=0.90  cos=0.54  k=0.28
[088/100] 09_to_08  L1=0.372  L1/zero=0.92  cos=0.50  k=0.24
[089/100] 09_to_09  L1=0.001  L1/zero=74922.19  cos=nan  k=nan
[090/100] 09_to_10  L1=0.335  L1/zero=0.93  cos=0.44  k=0.34
[091/100] 10_to_01  L1=0.287  L1/zero=0.96  cos=0.41  k=0.11
[092/100] 10_to_02  L1=0.471  L1/zero=1.05  cos=-0.08  k=0.29
[093/100] 10_to_03  L1=0.685  L1/zero=1.04  cos=0.43  k=0.81
[094/100] 10_to_04  L1=0.803  L1/zero=0.85  cos=0.65  k=0.78
[095/100] 10_to_05  L1=1.092  L1/zero=0.80  cos=0.64  k=0.70
[096/100] 10_to_06  L1=1.202  L1/zero=0.81  cos=0.61  k=0.48
[097/100] 10_to_07  L1=1.103  L1/zero=0.91  cos=0.55  k=0.21
[098/100] 10_to_08  L1=0.789  L1/zero=0.96  cos=0.44  k=0.12
[099/100] 10_to_09  L1=0.335  L1/zero=0.89  cos=0.58  k=0.28
[100/100] 10_to_10  L1=0.001  L1/zero=92602.79  cos=nan  k=nan

[both] Directed mean: L1=0.769  L1/zero=0.91  cos=0.47  k=0.34  beat_zero=91%
wrote /home/abhishek/Voxel_GAN/PopulationStudy/ClinicalExperiments/Experiment2/BothCRB/plots/qc_varian/P5/CV_P5_V_01 (100 pngs)
[2026-08-26 10:43:44] QC elekta both CE_P1_V_01
[ckpt] cond_dim=2 phase=linear
[both|elekta] scan=CE_P1_V_01 pairs=100 panels=100 ckpt=crb_both_mse_cyclic_full_spare_generator.pth out=/home/abhishek/Voxel_GAN/PopulationStudy/ClinicalExperiments/Experiment2/BothCRB/plots/qc_elekta/P1/CE_P1_V_01
[001/100] 01_to_01  L1=0.025  L1/zero=2488580.53  cos=nan  k=nan
[002/100] 01_to_02  L1=0.410  L1/zero=0.99  cos=0.03  k=0.09
[003/100] 01_to_03  L1=1.245  L1/zero=1.04  cos=-0.18  k=0.15
[004/100] 01_to_04  L1=1.470  L1/zero=1.01  cos=0.09  k=0.21
[005/100] 01_to_05  L1=1.555  L1/zero=1.00  cos=0.20  k=0.24
[006/100] 01_to_06  L1=1.525  L1/zero=1.01  cos=0.12  k=0.18
[007/100] 01_to_07  L1=1.331  L1/zero=1.00  cos=0.24  k=0.28
[008/100] 01_to_08  L1=1.042  L1/zero=0.98  cos=0.36  k=0.42
[009/100] 01_to_09  L1=0.706  L1/zero=0.97  cos=0.31  k=0.20
[010/100] 01_to_10  L1=0.372  L1/zero=1.05  cos=-0.36  k=0.11
[011/100] 02_to_01  L1=0.385  L1/zero=0.95  cos=0.37  k=0.36
[012/100] 02_to_02  L1=0.019  L1/zero=1919173.26  cos=nan  k=nan
[013/100] 02_to_03  L1=0.529  L1/zero=1.05  cos=-0.12  k=0.17
[014/100] 02_to_04  L1=0.822  L1/zero=1.03  cos=0.01  k=0.19
[015/100] 02_to_05  L1=1.058  L1/zero=1.03  cos=0.01  k=0.16
[016/100] 02_to_06  L1=1.132  L1/zero=1.03  cos=-0.10  k=0.12
[017/100] 02_to_07  L1=0.985  L1/zero=0.97  cos=0.22  k=0.28
[018/100] 02_to_08  L1=0.867  L1/zero=0.96  cos=0.26  k=0.33
[019/100] 02_to_09  L1=0.742  L1/zero=1.05  cos=-0.27  k=0.13
[020/100] 02_to_10  L1=0.448  L1/zero=1.02  cos=0.03  k=0.20
[021/100] 03_to_01  L1=1.230  L1/zero=1.04  cos=-0.02  k=0.18
[022/100] 03_to_02  L1=0.531  L1/zero=1.05  cos=-0.21  k=0.16
[023/100] 03_to_03  L1=0.007  L1/zero=730238.81  cos=nan  k=nan
[024/100] 03_to_04  L1=0.295  L1/zero=1.00  cos=0.18  k=0.25
[025/100] 03_to_05  L1=0.516  L1/zero=0.98  cos=0.26  k=0.36
[026/100] 03_to_06  L1=0.626  L1/zero=0.98  cos=0.23  k=0.41
[027/100] 03_to_07  L1=0.756  L1/zero=1.07  cos=0.20  k=0.48
[028/100] 03_to_08  L1=0.843  L1/zero=1.09  cos=-0.15  k=0.21
[029/100] 03_to_09  L1=0.950  L1/zero=1.08  cos=-0.11  k=0.22
[030/100] 03_to_10  L1=1.120  L1/zero=1.05  cos=0.02  k=0.26
[031/100] 04_to_01  L1=1.470  L1/zero=1.04  cos=-0.05  k=0.19
[032/100] 04_to_02  L1=0.834  L1/zero=1.06  cos=-0.13  k=0.17
[033/100] 04_to_03  L1=0.283  L1/zero=0.99  cos=0.19  k=0.16
[034/100] 04_to_04  L1=0.003  L1/zero=315009.52  cos=nan  k=nan
[035/100] 04_to_05  L1=0.249  L1/zero=0.99  cos=0.15  k=0.22
[036/100] 04_to_06  L1=0.416  L1/zero=1.08  cos=0.25  k=0.60
[037/100] 04_to_07  L1=0.554  L1/zero=1.07  cos=-0.10  k=0.23
[038/100] 04_to_08  L1=0.760  L1/zero=1.07  cos=0.11  k=0.31
[039/100] 04_to_09  L1=0.966  L1/zero=1.03  cos=0.13  k=0.28
[040/100] 04_to_10  L1=1.257  L1/zero=1.04  cos=0.08  k=0.28
[041/100] 05_to_01  L1=1.540  L1/zero=1.04  cos=-0.06  k=0.19
[042/100] 05_to_02  L1=1.101  L1/zero=1.05  cos=-0.08  k=0.17
[043/100] 05_to_03  L1=0.497  L1/zero=0.97  cos=0.28  k=0.40
[044/100] 05_to_04  L1=0.257  L1/zero=1.00  cos=0.21  k=0.42
[045/100] 05_to_05  L1=0.004  L1/zero=441422.45  cos=nan  k=nan
[046/100] 05_to_06  L1=0.194  L1/zero=1.11  cos=0.06  k=0.38
[047/100] 05_to_07  L1=0.421  L1/zero=1.15  cos=0.13  k=0.64
[048/100] 05_to_08  L1=0.621  L1/zero=0.97  cos=0.33  k=0.35
[049/100] 05_to_09  L1=0.925  L1/zero=1.00  cos=0.26  k=0.33
[050/100] 05_to_10  L1=1.241  L1/zero=1.01  cos=0.23  k=0.33
[051/100] 06_to_01  L1=1.585  L1/zero=1.10  cos=-0.19  k=0.22
[052/100] 06_to_02  L1=1.128  L1/zero=1.07  cos=-0.16  k=0.17
[053/100] 06_to_03  L1=0.623  L1/zero=1.00  cos=0.32  k=0.66
[054/100] 06_to_04  L1=0.437  L1/zero=1.13  cos=0.27  k=0.77
[055/100] 06_to_05  L1=0.201  L1/zero=1.11  cos=0.18  k=0.54
[056/100] 06_to_06  L1=0.006  L1/zero=592449.96  cos=nan  k=nan
[057/100] 06_to_07  L1=0.258  L1/zero=0.92  cos=0.44  k=0.32
[058/100] 06_to_08  L1=0.520  L1/zero=0.92  cos=0.51  k=0.33
[059/100] 06_to_09  L1=0.839  L1/zero=0.97  cos=0.37  k=0.31
[060/100] 06_to_10  L1=1.177  L1/zero=1.01  cos=0.22  k=0.30
[061/100] 07_to_01  L1=1.305  L1/zero=1.04  cos=-0.03  k=0.18
[062/100] 07_to_02  L1=0.997  L1/zero=1.04  cos=-0.17  k=0.15
[063/100] 07_to_03  L1=0.702  L1/zero=0.99  cos=0.15  k=0.22
[064/100] 07_to_04  L1=0.548  L1/zero=1.05  cos=-0.02  k=0.27
[065/100] 07_to_05  L1=0.415  L1/zero=1.14  cos=0.06  k=0.56
[066/100] 07_to_06  L1=0.267  L1/zero=0.97  cos=0.33  k=0.48
[067/100] 07_to_07  L1=0.008  L1/zero=755969.16  cos=nan  k=nan
[068/100] 07_to_08  L1=0.265  L1/zero=0.92  cos=0.47  k=0.30
[069/100] 07_to_09  L1=0.562  L1/zero=0.94  cos=0.43  k=0.36
[070/100] 07_to_10  L1=0.953  L1/zero=1.01  cos=0.19  k=0.31
[071/100] 08_to_01  L1=1.056  L1/zero=1.04  cos=-0.33  k=0.12
[072/100] 08_to_02  L1=0.933  L1/zero=1.05  cos=-0.25  k=0.15
[073/100] 08_to_03  L1=0.821  L1/zero=1.05  cos=-0.01  k=0.18
[074/100] 08_to_04  L1=0.759  L1/zero=1.05  cos=0.09  k=0.30
[075/100] 08_to_05  L1=0.614  L1/zero=0.96  cos=0.38  k=0.38
[076/100] 08_to_06  L1=0.517  L1/zero=0.91  cos=0.51  k=0.41
[077/100] 08_to_07  L1=0.286  L1/zero=0.96  cos=0.34  k=0.30
[078/100] 08_to_08  L1=0.002  L1/zero=177821.58  cos=nan  k=nan
[079/100] 08_to_09  L1=0.305  L1/zero=0.93  cos=0.39  k=0.33
[080/100] 08_to_10  L1=0.634  L1/zero=0.94  cos=0.40  k=0.25
[081/100] 09_to_01  L1=0.743  L1/zero=1.07  cos=-0.37  k=0.13
[082/100] 09_to_02  L1=0.752  L1/zero=1.09  cos=-0.31  k=0.18
[083/100] 09_to_03  L1=0.993  L1/zero=1.13  cos=-0.15  k=0.33
[084/100] 09_to_04  L1=1.019  L1/zero=1.07  cos=0.07  k=0.41
[085/100] 09_to_05  L1=0.903  L1/zero=0.98  cos=0.37  k=0.43
[086/100] 09_to_06  L1=0.803  L1/zero=0.93  cos=0.49  k=0.48
[087/100] 09_to_07  L1=0.575  L1/zero=0.95  cos=0.43  k=0.31
[088/100] 09_to_08  L1=0.291  L1/zero=0.94  cos=0.43  k=0.32
[089/100] 09_to_09  L1=0.001  L1/zero=114289.09  cos=nan  k=nan
[090/100] 09_to_10  L1=0.299  L1/zero=0.89  cos=0.58  k=0.24
[091/100] 10_to_01  L1=0.363  L1/zero=1.03  cos=-0.01  k=0.15
[092/100] 10_to_02  L1=0.498  L1/zero=1.16  cos=-0.29  k=0.35
[093/100] 10_to_03  L1=1.334  L1/zero=1.24  cos=-0.13  k=0.54
[094/100] 10_to_04  L1=1.407  L1/zero=1.14  cos=0.05  k=0.51
[095/100] 10_to_05  L1=1.291  L1/zero=1.02  cos=0.32  k=0.50
[096/100] 10_to_06  L1=1.137  L1/zero=0.95  cos=0.42  k=0.38
[097/100] 10_to_07  L1=0.964  L1/zero=1.00  cos=0.24  k=0.22
[098/100] 10_to_08  L1=0.638  L1/zero=0.95  cos=0.39  k=0.23
[099/100] 10_to_09  L1=0.323  L1/zero=0.92  cos=0.62  k=0.16
[100/100] 10_to_10  L1=0.002  L1/zero=152247.78  cos=nan  k=nan

[both|elekta] Directed mean: L1=0.779  L1/zero=1.02  cos=0.13  k=0.30  beat_zero=39%
wrote /home/abhishek/Voxel_GAN/PopulationStudy/ClinicalExperiments/Experiment2/BothCRB/plots/qc_elekta/P1/CE_P1_V_01 (100 pngs)
[2026-08-26 10:44:27] QC elekta both CE_P2_V_01
[ckpt] cond_dim=2 phase=linear
[both|elekta] scan=CE_P2_V_01 pairs=100 panels=100 ckpt=crb_both_mse_cyclic_full_spare_generator.pth out=/home/abhishek/Voxel_GAN/PopulationStudy/ClinicalExperiments/Experiment2/BothCRB/plots/qc_elekta/P2/CE_P2_V_01
[001/100] 01_to_01  L1=0.029  L1/zero=2939456.70  cos=nan  k=nan
[002/100] 01_to_02  L1=0.382  L1/zero=1.00  cos=0.02  k=0.10
[003/100] 01_to_03  L1=1.261  L1/zero=1.02  cos=-0.17  k=0.09
[004/100] 01_to_04  L1=1.673  L1/zero=1.02  cos=0.05  k=0.15
[005/100] 01_to_05  L1=1.840  L1/zero=1.02  cos=0.12  k=0.22
[006/100] 01_to_06  L1=1.823  L1/zero=1.03  cos=0.02  k=0.20
[007/100] 01_to_07  L1=1.419  L1/zero=1.06  cos=0.08  k=0.33
[008/100] 01_to_08  L1=0.845  L1/zero=1.10  cos=0.24  k=0.62
[009/100] 01_to_09  L1=0.446  L1/zero=1.23  cos=-0.02  k=0.63
[010/100] 01_to_10  L1=0.232  L1/zero=1.00  cos=0.16  k=0.25
[011/100] 02_to_01  L1=0.355  L1/zero=0.95  cos=0.27  k=0.31
[012/100] 02_to_02  L1=0.023  L1/zero=2314320.21  cos=nan  k=nan
[013/100] 02_to_03  L1=0.525  L1/zero=1.03  cos=-0.11  k=0.12
[014/100] 02_to_04  L1=1.119  L1/zero=1.01  cos=-0.15  k=0.07
[015/100] 02_to_05  L1=1.391  L1/zero=0.99  cos=0.05  k=0.07
[016/100] 02_to_06  L1=1.355  L1/zero=1.00  cos=0.02  k=0.06
[017/100] 02_to_07  L1=1.039  L1/zero=1.03  cos=0.09  k=0.28
[018/100] 02_to_08  L1=0.744  L1/zero=1.22  cos=-0.12  k=0.51
[019/100] 02_to_09  L1=0.555  L1/zero=1.07  cos=-0.16  k=0.24
[020/100] 02_to_10  L1=0.622  L1/zero=0.99  cos=0.26  k=0.09
[021/100] 03_to_01  L1=1.181  L1/zero=1.01  cos=0.06  k=0.21
[022/100] 03_to_02  L1=0.484  L1/zero=1.01  cos=-0.01  k=0.09
[023/100] 03_to_03  L1=0.009  L1/zero=880259.93  cos=nan  k=nan
[024/100] 03_to_04  L1=0.347  L1/zero=0.97  cos=0.24  k=0.11
[025/100] 03_to_05  L1=0.558  L1/zero=0.95  cos=0.35  k=0.17
[026/100] 03_to_06  L1=0.733  L1/zero=0.97  cos=0.15  k=0.12
[027/100] 03_to_07  L1=0.771  L1/zero=1.23  cos=-0.04  k=0.51
[028/100] 03_to_08  L1=0.924  L1/zero=1.03  cos=-0.05  k=0.18
[029/100] 03_to_09  L1=1.157  L1/zero=1.00  cos=0.13  k=0.09
[030/100] 03_to_10  L1=1.361  L1/zero=1.00  cos=0.09  k=0.10
[031/100] 04_to_01  L1=1.547  L1/zero=1.00  cos=0.10  k=0.22
[032/100] 04_to_02  L1=1.023  L1/zero=1.01  cos=-0.06  k=0.09
[033/100] 04_to_03  L1=0.338  L1/zero=0.98  cos=0.28  k=0.07
[034/100] 04_to_04  L1=0.004  L1/zero=355051.50  cos=nan  k=nan
[035/100] 04_to_05  L1=0.246  L1/zero=1.00  cos=0.16  k=0.19
[036/100] 04_to_06  L1=0.453  L1/zero=1.17  cos=-0.03  k=0.68
[037/100] 04_to_07  L1=0.619  L1/zero=1.02  cos=-0.09  k=0.16
[038/100] 04_to_08  L1=1.047  L1/zero=0.97  cos=0.33  k=0.10
[039/100] 04_to_09  L1=1.406  L1/zero=0.98  cos=0.24  k=0.11
[040/100] 04_to_10  L1=1.640  L1/zero=0.99  cos=0.12  k=0.10
[041/100] 05_to_01  L1=1.759  L1/zero=1.04  cos=-0.05  k=0.20
[042/100] 05_to_02  L1=1.272  L1/zero=1.00  cos=-0.03  k=0.13
[043/100] 05_to_03  L1=0.533  L1/zero=0.94  cos=0.34  k=0.21
[044/100] 05_to_04  L1=0.245  L1/zero=0.99  cos=0.14  k=0.19
[045/100] 05_to_05  L1=0.004  L1/zero=374198.29  cos=nan  k=nan
[046/100] 05_to_06  L1=0.255  L1/zero=1.05  cos=-0.14  k=0.20
[047/100] 05_to_07  L1=0.576  L1/zero=0.96  cos=0.23  k=0.15
[048/100] 05_to_08  L1=1.033  L1/zero=0.96  cos=0.39  k=0.11
[049/100] 05_to_09  L1=1.479  L1/zero=0.97  cos=0.29  k=0.11
[050/100] 05_to_10  L1=1.822  L1/zero=0.98  cos=0.19  k=0.12
[051/100] 06_to_01  L1=1.814  L1/zero=1.07  cos=-0.17  k=0.22
[052/100] 06_to_02  L1=1.276  L1/zero=1.02  cos=-0.05  k=0.14
[053/100] 06_to_03  L1=0.703  L1/zero=0.98  cos=0.09  k=0.15
[054/100] 06_to_04  L1=0.441  L1/zero=1.15  cos=0.02  k=0.69
[055/100] 06_to_05  L1=0.255  L1/zero=1.04  cos=-0.05  k=0.20
[056/100] 06_to_06  L1=0.006  L1/zero=565359.69  cos=nan  k=nan
[057/100] 06_to_07  L1=0.390  L1/zero=0.96  cos=0.35  k=0.09
[058/100] 06_to_08  L1=0.834  L1/zero=0.96  cos=0.37  k=0.14
[059/100] 06_to_09  L1=1.358  L1/zero=0.97  cos=0.33  k=0.11
[060/100] 06_to_10  L1=1.788  L1/zero=0.98  cos=0.22  k=0.11
[061/100] 07_to_01  L1=1.328  L1/zero=1.06  cos=-0.13  k=0.21
[062/100] 07_to_02  L1=1.004  L1/zero=1.05  cos=-0.18  k=0.15
[063/100] 07_to_03  L1=0.641  L1/zero=1.03  cos=0.06  k=0.32
[064/100] 07_to_04  L1=0.590  L1/zero=0.95  cos=0.31  k=0.15
[065/100] 07_to_05  L1=0.586  L1/zero=0.95  cos=0.30  k=0.15
[066/100] 07_to_06  L1=0.406  L1/zero=0.97  cos=0.26  k=0.14
[067/100] 07_to_07  L1=0.009  L1/zero=861594.17  cos=nan  k=nan
[068/100] 07_to_08  L1=0.459  L1/zero=0.98  cos=0.32  k=0.06
[069/100] 07_to_09  L1=0.908  L1/zero=0.97  cos=0.36  k=0.08
[070/100] 07_to_10  L1=1.372  L1/zero=0.98  cos=0.22  k=0.08
[071/100] 08_to_01  L1=0.813  L1/zero=1.08  cos=-0.22  k=0.19
[072/100] 08_to_02  L1=0.631  L1/zero=1.07  cos=-0.15  k=0.27
[073/100] 08_to_03  L1=0.915  L1/zero=1.01  cos=0.05  k=0.20
[074/100] 08_to_04  L1=1.062  L1/zero=0.96  cos=0.38  k=0.13
[075/100] 08_to_05  L1=1.067  L1/zero=0.95  cos=0.41  k=0.16
[076/100] 08_to_06  L1=0.911  L1/zero=0.95  cos=0.38  k=0.16
[077/100] 08_to_07  L1=0.476  L1/zero=0.98  cos=0.27  k=0.06
[078/100] 08_to_08  L1=0.003  L1/zero=321467.62  cos=nan  k=nan
[079/100] 08_to_09  L1=0.399  L1/zero=0.98  cos=0.23  k=0.05
[080/100] 08_to_10  L1=0.731  L1/zero=0.97  cos=0.33  k=0.09
[081/100] 09_to_01  L1=0.402  L1/zero=1.09  cos=-0.13  k=0.36
[082/100] 09_to_02  L1=0.538  L1/zero=0.98  cos=0.21  k=0.21
[083/100] 09_to_03  L1=1.180  L1/zero=0.98  cos=0.22  k=0.10
[084/100] 09_to_04  L1=1.456  L1/zero=0.96  cos=0.33  k=0.13
[085/100] 09_to_05  L1=1.562  L1/zero=0.96  cos=0.33  k=0.17
[086/100] 09_to_06  L1=1.455  L1/zero=0.96  cos=0.31  k=0.17
[087/100] 09_to_07  L1=0.960  L1/zero=0.97  cos=0.38  k=0.09
[088/100] 09_to_08  L1=0.413  L1/zero=0.98  cos=0.32  k=0.07
[089/100] 09_to_09  L1=0.003  L1/zero=293962.49  cos=nan  k=nan
[090/100] 09_to_10  L1=0.281  L1/zero=0.98  cos=0.28  k=0.15
[091/100] 10_to_01  L1=0.262  L1/zero=1.09  cos=-0.03  k=0.35
[092/100] 10_to_02  L1=0.629  L1/zero=0.97  cos=0.30  k=0.15
[093/100] 10_to_03  L1=1.447  L1/zero=1.02  cos=-0.06  k=0.15
[094/100] 10_to_04  L1=1.757  L1/zero=0.99  cos=0.12  k=0.13
[095/100] 10_to_05  L1=1.974  L1/zero=0.98  cos=0.17  k=0.15
[096/100] 10_to_06  L1=1.916  L1/zero=0.98  cos=0.14  k=0.13
[097/100] 10_to_07  L1=1.479  L1/zero=0.98  cos=0.19  k=0.08
[098/100] 10_to_08  L1=0.763  L1/zero=0.98  cos=0.32  k=0.09
[099/100] 10_to_09  L1=0.284  L1/zero=0.95  cos=0.36  k=0.19
[100/100] 10_to_10  L1=0.002  L1/zero=199371.74  cos=nan  k=nan

[both|elekta] Directed mean: L1=0.937  L1/zero=1.01  cos=0.13  k=0.18  beat_zero=59%
wrote /home/abhishek/Voxel_GAN/PopulationStudy/ClinicalExperiments/Experiment2/BothCRB/plots/qc_elekta/P2/CE_P2_V_01 (100 pngs)
[2026-08-26 10:45:09] QC elekta both CE_P3_V_01
[ckpt] cond_dim=2 phase=linear
[both|elekta] scan=CE_P3_V_01 pairs=100 panels=100 ckpt=crb_both_mse_cyclic_full_spare_generator.pth out=/home/abhishek/Voxel_GAN/PopulationStudy/ClinicalExperiments/Experiment2/BothCRB/plots/qc_elekta/P3/CE_P3_V_01
[001/100] 01_to_01  L1=0.024  L1/zero=2426058.05  cos=nan  k=nan
[002/100] 01_to_02  L1=1.585  L1/zero=0.99  cos=0.15  k=0.03
[003/100] 01_to_03  L1=2.641  L1/zero=0.97  cos=0.28  k=0.07
[004/100] 01_to_04  L1=3.086  L1/zero=0.93  cos=0.52  k=0.11
[005/100] 01_to_05  L1=3.462  L1/zero=0.89  cos=0.63  k=0.16
[006/100] 01_to_06  L1=3.370  L1/zero=0.90  cos=0.62  k=0.17
[007/100] 01_to_07  L1=2.077  L1/zero=0.88  cos=0.57  k=0.19
[008/100] 01_to_08  L1=0.787  L1/zero=0.90  cos=0.48  k=0.38
[009/100] 01_to_09  L1=1.085  L1/zero=1.07  cos=-0.44  k=0.19
[010/100] 01_to_10  L1=1.306  L1/zero=1.02  cos=-0.50  k=0.03
[011/100] 02_to_01  L1=1.486  L1/zero=0.98  cos=0.34  k=0.07
[012/100] 02_to_02  L1=0.028  L1/zero=2813109.20  cos=nan  k=nan
[013/100] 02_to_03  L1=0.717  L1/zero=1.02  cos=-0.34  k=0.07
[014/100] 02_to_04  L1=1.234  L1/zero=1.01  cos=-0.20  k=0.05
[015/100] 02_to_05  L1=1.600  L1/zero=0.97  cos=0.49  k=0.07
[016/100] 02_to_06  L1=1.556  L1/zero=0.96  cos=0.53  k=0.10
[017/100] 02_to_07  L1=0.988  L1/zero=0.99  cos=0.33  k=0.29
[018/100] 02_to_08  L1=1.731  L1/zero=1.08  cos=-0.53  k=0.18
[019/100] 02_to_09  L1=2.955  L1/zero=1.04  cos=-0.63  k=0.07
[020/100] 02_to_10  L1=3.378  L1/zero=1.00  cos=0.22  k=0.02
[021/100] 03_to_01  L1=2.340  L1/zero=0.94  cos=0.43  k=0.12
[022/100] 03_to_02  L1=0.692  L1/zero=0.99  cos=0.11  k=0.03
[023/100] 03_to_03  L1=0.020  L1/zero=2000053.41  cos=nan  k=nan
[024/100] 03_to_04  L1=0.431  L1/zero=0.99  cos=0.08  k=0.04
[025/100] 03_to_05  L1=0.732  L1/zero=0.94  cos=0.51  k=0.13
[026/100] 03_to_06  L1=0.922  L1/zero=0.96  cos=0.21  k=0.14
[027/100] 03_to_07  L1=1.049  L1/zero=1.04  cos=-0.06  k=0.22
[028/100] 03_to_08  L1=2.303  L1/zero=1.04  cos=-0.57  k=0.07
[029/100] 03_to_09  L1=4.135  L1/zero=1.00  cos=-0.14  k=0.02
[030/100] 03_to_10  L1=4.531  L1/zero=0.99  cos=0.19  k=0.02
[031/100] 04_to_01  L1=2.922  L1/zero=0.93  cos=0.45  k=0.12
[032/100] 04_to_02  L1=1.155  L1/zero=0.98  cos=0.22  k=0.07
[033/100] 04_to_03  L1=0.422  L1/zero=1.00  cos=-0.07  k=0.05
[034/100] 04_to_04  L1=0.006  L1/zero=590596.81  cos=nan  k=nan
[035/100] 04_to_05  L1=0.311  L1/zero=0.97  cos=0.35  k=0.11
[036/100] 04_to_06  L1=0.459  L1/zero=0.95  cos=0.29  k=0.36
[037/100] 04_to_07  L1=1.094  L1/zero=1.04  cos=-0.46  k=0.11
[038/100] 04_to_08  L1=2.668  L1/zero=1.00  cos=-0.19  k=0.03
[039/100] 04_to_09  L1=4.661  L1/zero=1.00  cos=0.16  k=0.01
[040/100] 04_to_10  L1=5.656  L1/zero=1.00  cos=0.10  k=0.02
[041/100] 05_to_01  L1=3.313  L1/zero=0.94  cos=0.43  k=0.14
[042/100] 05_to_02  L1=1.412  L1/zero=0.93  cos=0.51  k=0.14
[043/100] 05_to_03  L1=0.693  L1/zero=0.93  cos=0.48  k=0.14
[044/100] 05_to_04  L1=0.325  L1/zero=0.99  cos=0.14  k=0.09
[045/100] 05_to_05  L1=0.005  L1/zero=456598.35  cos=nan  k=nan
[046/100] 05_to_06  L1=0.241  L1/zero=1.02  cos=0.05  k=0.22
[047/100] 05_to_07  L1=1.036  L1/zero=1.00  cos=0.18  k=0.03
[048/100] 05_to_08  L1=2.950  L1/zero=1.00  cos=0.01  k=0.02
[049/100] 05_to_09  L1=5.231  L1/zero=1.00  cos=0.27  k=0.02
[050/100] 05_to_10  L1=5.998  L1/zero=0.99  cos=0.23  k=0.03
[051/100] 06_to_01  L1=3.302  L1/zero=0.94  cos=0.40  k=0.16
[052/100] 06_to_02  L1=1.417  L1/zero=0.91  cos=0.57  k=0.21
[053/100] 06_to_03  L1=0.815  L1/zero=0.92  cos=0.47  k=0.24
[054/100] 06_to_04  L1=0.470  L1/zero=0.97  cos=0.23  k=0.22
[055/100] 06_to_05  L1=0.251  L1/zero=1.00  cos=-0.02  k=0.10
[056/100] 06_to_06  L1=0.004  L1/zero=383593.21  cos=nan  k=nan
[057/100] 06_to_07  L1=0.886  L1/zero=0.99  cos=0.07  k=0.04
[058/100] 06_to_08  L1=2.807  L1/zero=0.99  cos=0.30  k=0.03
[059/100] 06_to_09  L1=5.077  L1/zero=0.99  cos=0.41  k=0.02
[060/100] 06_to_10  L1=5.956  L1/zero=0.99  cos=0.28  k=0.03
[061/100] 07_to_01  L1=2.133  L1/zero=0.95  cos=0.38  k=0.24
[062/100] 07_to_02  L1=0.975  L1/zero=0.98  cos=0.30  k=0.32
[063/100] 07_to_03  L1=1.069  L1/zero=1.06  cos=0.02  k=0.34
[064/100] 07_to_04  L1=1.085  L1/zero=1.00  cos=0.18  k=0.04
[065/100] 07_to_05  L1=1.154  L1/zero=1.00  cos=0.09  k=0.05
[066/100] 07_to_06  L1=0.918  L1/zero=0.98  cos=0.48  k=0.05
[067/100] 07_to_07  L1=0.002  L1/zero=213950.36  cos=nan  k=nan
[068/100] 07_to_08  L1=1.495  L1/zero=0.99  cos=-0.01  k=0.02
[069/100] 07_to_09  L1=3.315  L1/zero=0.99  cos=0.31  k=0.03
[070/100] 07_to_10  L1=3.949  L1/zero=0.99  cos=0.28  k=0.05
[071/100] 08_to_01  L1=0.878  L1/zero=0.99  cos=0.27  k=0.35
[072/100] 08_to_02  L1=1.691  L1/zero=1.02  cos=-0.04  k=0.21
[073/100] 08_to_03  L1=2.481  L1/zero=1.04  cos=-0.45  k=0.12
[074/100] 08_to_04  L1=2.962  L1/zero=1.01  cos=-0.40  k=0.05
[075/100] 08_to_05  L1=3.198  L1/zero=0.99  cos=0.28  k=0.03
[076/100] 08_to_06  L1=2.945  L1/zero=0.97  cos=0.52  k=0.05
[077/100] 08_to_07  L1=1.561  L1/zero=1.00  cos=0.24  k=0.01
[078/100] 08_to_08  L1=0.007  L1/zero=677385.65  cos=nan  k=nan
[079/100] 08_to_09  L1=1.369  L1/zero=0.99  cos=0.22  k=0.02
[080/100] 08_to_10  L1=2.004  L1/zero=0.97  cos=0.50  k=0.05
[081/100] 09_to_01  L1=1.042  L1/zero=1.01  cos=0.10  k=0.20
[082/100] 09_to_02  L1=3.146  L1/zero=1.01  cos=-0.01  k=0.06
[083/100] 09_to_03  L1=4.374  L1/zero=1.00  cos=0.01  k=0.03
[084/100] 09_to_04  L1=4.996  L1/zero=0.99  cos=0.25  k=0.03
[085/100] 09_to_05  L1=5.327  L1/zero=0.98  cos=0.45  k=0.03
[086/100] 09_to_06  L1=5.294  L1/zero=0.98  cos=0.47  k=0.04
[087/100] 09_to_07  L1=3.506  L1/zero=0.98  cos=0.38  k=0.03
[088/100] 09_to_08  L1=1.410  L1/zero=1.00  cos=0.19  k=0.02
[089/100] 09_to_09  L1=0.002  L1/zero=154698.81  cos=nan  k=nan
[090/100] 09_to_10  L1=0.500  L1/zero=0.94  cos=0.60  k=0.11
[091/100] 10_to_01  L1=1.429  L1/zero=1.04  cos=-0.22  k=0.08
[092/100] 10_to_02  L1=3.735  L1/zero=1.00  cos=0.03  k=0.03
[093/100] 10_to_03  L1=5.012  L1/zero=0.99  cos=0.08  k=0.04
[094/100] 10_to_04  L1=5.738  L1/zero=0.99  cos=0.16  k=0.03
[095/100] 10_to_05  L1=6.120  L1/zero=0.99  cos=0.30  k=0.03
[096/100] 10_to_06  L1=6.022  L1/zero=0.98  cos=0.42  k=0.03
[097/100] 10_to_07  L1=4.359  L1/zero=0.99  cos=0.14  k=0.03
[098/100] 10_to_08  L1=2.145  L1/zero=0.98  cos=0.36  k=0.04
[099/100] 10_to_09  L1=0.500  L1/zero=0.95  cos=0.66  k=0.09
[100/100] 10_to_10  L1=0.002  L1/zero=247766.94  cos=nan  k=nan

[both|elekta] Directed mean: L1=2.373  L1/zero=0.98  cos=0.19  k=0.10  beat_zero=77%
wrote /home/abhishek/Voxel_GAN/PopulationStudy/ClinicalExperiments/Experiment2/BothCRB/plots/qc_elekta/P3/CE_P3_V_01 (100 pngs)
[2026-08-26 10:45:48] QC elekta both CE_P4_V_01
[ckpt] cond_dim=2 phase=linear
[both|elekta] scan=CE_P4_V_01 pairs=100 panels=100 ckpt=crb_both_mse_cyclic_full_spare_generator.pth out=/home/abhishek/Voxel_GAN/PopulationStudy/ClinicalExperiments/Experiment2/BothCRB/plots/qc_elekta/P4/CE_P4_V_01
[001/100] 01_to_01  L1=0.027  L1/zero=2685034.28  cos=nan  k=nan
[002/100] 01_to_02  L1=0.435  L1/zero=0.97  cos=0.27  k=0.11
[003/100] 01_to_03  L1=0.818  L1/zero=0.99  cos=0.19  k=0.21
[004/100] 01_to_04  L1=1.105  L1/zero=0.97  cos=0.21  k=0.29
[005/100] 01_to_05  L1=1.332  L1/zero=0.97  cos=0.31  k=0.36
[006/100] 01_to_06  L1=1.501  L1/zero=1.01  cos=0.25  k=0.37
[007/100] 01_to_07  L1=1.063  L1/zero=1.04  cos=0.29  k=0.59
[008/100] 01_to_08  L1=0.695  L1/zero=1.20  cos=0.17  k=0.82
[009/100] 01_to_09  L1=0.548  L1/zero=1.22  cos=-0.06  k=0.51
[010/100] 01_to_10  L1=0.338  L1/zero=1.03  cos=-0.00  k=0.15
[011/100] 02_to_01  L1=0.404  L1/zero=0.94  cos=0.37  k=0.19
[012/100] 02_to_02  L1=0.010  L1/zero=969952.90  cos=nan  k=nan
[013/100] 02_to_03  L1=0.337  L1/zero=0.99  cos=0.12  k=0.27
[014/100] 02_to_04  L1=0.651  L1/zero=0.98  cos=0.20  k=0.33
[015/100] 02_to_05  L1=0.923  L1/zero=0.96  cos=0.29  k=0.38
[016/100] 02_to_06  L1=1.099  L1/zero=0.98  cos=0.27  k=0.37
[017/100] 02_to_07  L1=0.913  L1/zero=1.02  cos=0.24  k=0.48
[018/100] 02_to_08  L1=0.935  L1/zero=1.14  cos=-0.01  k=0.44
[019/100] 02_to_09  L1=0.994  L1/zero=1.03  cos=-0.01  k=0.19
[020/100] 02_to_10  L1=0.853  L1/zero=0.99  cos=0.16  k=0.09
[021/100] 03_to_01  L1=0.729  L1/zero=0.95  cos=0.33  k=0.32
[022/100] 03_to_02  L1=0.339  L1/zero=1.01  cos=0.09  k=0.32
[023/100] 03_to_03  L1=0.004  L1/zero=408749.42  cos=nan  k=nan
[024/100] 03_to_04  L1=0.266  L1/zero=0.96  cos=0.28  k=0.38
[025/100] 03_to_05  L1=0.599  L1/zero=0.94  cos=0.35  k=0.44
[026/100] 03_to_06  L1=0.804  L1/zero=0.95  cos=0.32  k=0.42
[027/100] 03_to_07  L1=0.885  L1/zero=0.99  cos=0.21  k=0.37
[028/100] 03_to_08  L1=1.026  L1/zero=1.00  cos=0.14  k=0.21
[029/100] 03_to_09  L1=1.226  L1/zero=1.00  cos=0.06  k=0.16
[030/100] 03_to_10  L1=1.098  L1/zero=0.97  cos=0.28  k=0.20
[031/100] 04_to_01  L1=0.997  L1/zero=0.96  cos=0.31  k=0.39
[032/100] 04_to_02  L1=0.625  L1/zero=0.99  cos=0.23  k=0.44
[033/100] 04_to_03  L1=0.265  L1/zero=0.98  cos=0.19  k=0.32
[034/100] 04_to_04  L1=0.004  L1/zero=362417.03  cos=nan  k=nan
[035/100] 04_to_05  L1=0.342  L1/zero=0.96  cos=0.27  k=0.21
[036/100] 04_to_06  L1=0.526  L1/zero=0.91  cos=0.45  k=0.48
[037/100] 04_to_07  L1=0.708  L1/zero=1.00  cos=0.18  k=0.27
[038/100] 04_to_08  L1=1.018  L1/zero=0.98  cos=0.25  k=0.17
[039/100] 04_to_09  L1=1.395  L1/zero=0.98  cos=0.24  k=0.17
[040/100] 04_to_10  L1=1.279  L1/zero=0.96  cos=0.30  k=0.21
[041/100] 05_to_01  L1=1.262  L1/zero=0.97  cos=0.35  k=0.45
[042/100] 05_to_02  L1=0.838  L1/zero=0.93  cos=0.43  k=0.62
[043/100] 05_to_03  L1=0.562  L1/zero=0.93  cos=0.39  k=0.50
[044/100] 05_to_04  L1=0.310  L1/zero=0.94  cos=0.31  k=0.31
[045/100] 05_to_05  L1=0.008  L1/zero=819743.24  cos=nan  k=nan
[046/100] 05_to_06  L1=0.274  L1/zero=0.98  cos=0.21  k=0.31
[047/100] 05_to_07  L1=0.655  L1/zero=0.99  cos=0.24  k=0.28
[048/100] 05_to_08  L1=1.127  L1/zero=0.97  cos=0.31  k=0.17
[049/100] 05_to_09  L1=1.503  L1/zero=0.98  cos=0.30  k=0.21
[050/100] 05_to_10  L1=1.592  L1/zero=0.98  cos=0.29  k=0.25
[051/100] 06_to_01  L1=1.429  L1/zero=1.05  cos=0.25  k=0.47
[052/100] 06_to_02  L1=1.015  L1/zero=0.97  cos=0.35  k=0.52
[053/100] 06_to_03  L1=0.753  L1/zero=0.94  cos=0.39  k=0.59
[054/100] 06_to_04  L1=0.504  L1/zero=0.90  cos=0.48  k=0.57
[055/100] 06_to_05  L1=0.264  L1/zero=0.94  cos=0.25  k=0.32
[056/100] 06_to_06  L1=0.007  L1/zero=704763.60  cos=nan  k=nan
[057/100] 06_to_07  L1=0.482  L1/zero=0.96  cos=0.30  k=0.19
[058/100] 06_to_08  L1=1.020  L1/zero=0.98  cos=0.30  k=0.19
[059/100] 06_to_09  L1=1.394  L1/zero=0.97  cos=0.37  k=0.22
[060/100] 06_to_10  L1=1.580  L1/zero=0.96  cos=0.35  k=0.23
[061/100] 07_to_01  L1=1.082  L1/zero=1.12  cos=0.15  k=0.61
[062/100] 07_to_02  L1=0.902  L1/zero=1.01  cos=0.25  k=0.45
[063/100] 07_to_03  L1=0.817  L1/zero=0.94  cos=0.36  k=0.38
[064/100] 07_to_04  L1=0.699  L1/zero=0.97  cos=0.29  k=0.35
[065/100] 07_to_05  L1=0.669  L1/zero=0.98  cos=0.25  k=0.26
[066/100] 07_to_06  L1=0.497  L1/zero=0.97  cos=0.29  k=0.23
[067/100] 07_to_07  L1=0.003  L1/zero=324310.99  cos=nan  k=nan
[068/100] 07_to_08  L1=0.462  L1/zero=0.97  cos=0.26  k=0.17
[069/100] 07_to_09  L1=0.885  L1/zero=0.95  cos=0.34  k=0.26
[070/100] 07_to_10  L1=1.090  L1/zero=0.96  cos=0.32  k=0.25
[071/100] 08_to_01  L1=0.693  L1/zero=1.22  cos=0.13  k=0.81
[072/100] 08_to_02  L1=0.937  L1/zero=1.08  cos=0.06  k=0.40
[073/100] 08_to_03  L1=1.062  L1/zero=0.98  cos=0.25  k=0.28
[074/100] 08_to_04  L1=1.037  L1/zero=0.96  cos=0.31  k=0.25
[075/100] 08_to_05  L1=1.202  L1/zero=0.97  cos=0.28  k=0.19
[076/100] 08_to_06  L1=1.076  L1/zero=0.97  cos=0.27  k=0.18
[077/100] 08_to_07  L1=0.488  L1/zero=0.97  cos=0.28  k=0.18
[078/100] 08_to_08  L1=0.001  L1/zero=112940.60  cos=nan  k=nan
[079/100] 08_to_09  L1=0.384  L1/zero=0.96  cos=0.35  k=0.21
[080/100] 08_to_10  L1=0.612  L1/zero=0.95  cos=0.39  k=0.28
[081/100] 09_to_01  L1=0.535  L1/zero=1.15  cos=0.04  k=0.48
[082/100] 09_to_02  L1=1.083  L1/zero=1.06  cos=-0.01  k=0.24
[083/100] 09_to_03  L1=1.307  L1/zero=1.01  cos=0.07  k=0.21
[084/100] 09_to_04  L1=1.448  L1/zero=0.95  cos=0.34  k=0.23
[085/100] 09_to_05  L1=1.586  L1/zero=0.95  cos=0.39  k=0.22
[086/100] 09_to_06  L1=1.472  L1/zero=0.94  cos=0.44  k=0.26
[087/100] 09_to_07  L1=0.946  L1/zero=0.95  cos=0.37  k=0.19
[088/100] 09_to_08  L1=0.397  L1/zero=0.95  cos=0.40  k=0.17
[089/100] 09_to_09  L1=0.001  L1/zero=114401.86  cos=nan  k=nan
[090/100] 09_to_10  L1=0.205  L1/zero=0.95  cos=0.27  k=0.32
[091/100] 10_to_01  L1=0.377  L1/zero=1.11  cos=-0.13  k=0.26
[092/100] 10_to_02  L1=0.930  L1/zero=1.01  cos=0.06  k=0.12
[093/100] 10_to_03  L1=1.200  L1/zero=0.97  cos=0.25  k=0.23
[094/100] 10_to_04  L1=1.361  L1/zero=0.94  cos=0.37  k=0.31
[095/100] 10_to_05  L1=1.661  L1/zero=0.93  cos=0.42  k=0.31
[096/100] 10_to_06  L1=1.642  L1/zero=0.93  cos=0.45  k=0.32
[097/100] 10_to_07  L1=1.184  L1/zero=0.96  cos=0.32  k=0.26
[098/100] 10_to_08  L1=0.622  L1/zero=0.95  cos=0.36  k=0.24
[099/100] 10_to_09  L1=0.218  L1/zero=0.95  cos=0.26  k=0.27
[100/100] 10_to_10  L1=0.001  L1/zero=130411.25  cos=nan  k=nan

[both|elekta] Directed mean: L1=0.871  L1/zero=0.99  cos=0.26  k=0.32  beat_zero=78%
wrote /home/abhishek/Voxel_GAN/PopulationStudy/ClinicalExperiments/Experiment2/BothCRB/plots/qc_elekta/P4/CE_P4_V_01 (100 pngs)
[2026-08-26 10:46:34] QC elekta both CE_P5_V_01
[ckpt] cond_dim=2 phase=linear
[both|elekta] scan=CE_P5_V_01 pairs=100 panels=100 ckpt=crb_both_mse_cyclic_full_spare_generator.pth out=/home/abhishek/Voxel_GAN/PopulationStudy/ClinicalExperiments/Experiment2/BothCRB/plots/qc_elekta/P5/CE_P5_V_01
[001/100] 01_to_01  L1=0.028  L1/zero=2795596.79  cos=nan  k=nan
[002/100] 01_to_02  L1=0.589  L1/zero=0.95  cos=0.34  k=0.13
[003/100] 01_to_03  L1=1.243  L1/zero=0.85  cos=0.55  k=0.31
[004/100] 01_to_04  L1=1.787  L1/zero=0.85  cos=0.67  k=0.25
[005/100] 01_to_05  L1=2.100  L1/zero=0.86  cos=0.64  k=0.25
[006/100] 01_to_06  L1=2.193  L1/zero=0.90  cos=0.55  k=0.21
[007/100] 01_to_07  L1=1.753  L1/zero=0.89  cos=0.47  k=0.26
[008/100] 01_to_08  L1=1.185  L1/zero=0.89  cos=0.34  k=0.25
[009/100] 01_to_09  L1=0.421  L1/zero=1.10  cos=0.20  k=0.55
[010/100] 01_to_10  L1=0.242  L1/zero=1.21  cos=-0.14  k=0.40
[011/100] 02_to_01  L1=0.484  L1/zero=0.94  cos=0.42  k=0.18
[012/100] 02_to_02  L1=0.007  L1/zero=667424.27  cos=nan  k=nan
[013/100] 02_to_03  L1=0.672  L1/zero=0.97  cos=0.30  k=0.08
[014/100] 02_to_04  L1=1.244  L1/zero=0.97  cos=0.34  k=0.10
[015/100] 02_to_05  L1=1.454  L1/zero=0.88  cos=0.56  k=0.23
[016/100] 02_to_06  L1=1.506  L1/zero=0.87  cos=0.51  k=0.27
[017/100] 02_to_07  L1=1.263  L1/zero=0.90  cos=0.36  k=0.23
[018/100] 02_to_08  L1=0.942  L1/zero=1.00  cos=0.24  k=0.14
[019/100] 02_to_09  L1=0.688  L1/zero=1.05  cos=-0.01  k=0.18
[020/100] 02_to_10  L1=0.775  L1/zero=1.03  cos=-0.07  k=0.13
[021/100] 03_to_01  L1=1.071  L1/zero=0.86  cos=0.55  k=0.38
[022/100] 03_to_02  L1=0.503  L1/zero=0.90  cos=0.48  k=0.24
[023/100] 03_to_03  L1=0.018  L1/zero=1766983.42  cos=nan  k=nan
[024/100] 03_to_04  L1=0.505  L1/zero=1.03  cos=-0.30  k=0.07
[025/100] 03_to_05  L1=0.836  L1/zero=0.98  cos=0.18  k=0.11
[026/100] 03_to_06  L1=0.931  L1/zero=0.94  cos=0.33  k=0.14
[027/100] 03_to_07  L1=0.941  L1/zero=0.98  cos=0.28  k=0.11
[028/100] 03_to_08  L1=1.128  L1/zero=0.98  cos=0.36  k=0.09
[029/100] 03_to_09  L1=1.152  L1/zero=0.89  cos=0.54  k=0.23
[030/100] 03_to_10  L1=1.240  L1/zero=0.85  cos=0.65  k=0.29
[031/100] 04_to_01  L1=1.525  L1/zero=0.85  cos=0.61  k=0.29
[032/100] 04_to_02  L1=1.035  L1/zero=0.93  cos=0.46  k=0.18
[033/100] 04_to_03  L1=0.416  L1/zero=0.98  cos=0.32  k=0.10
[034/100] 04_to_04  L1=0.005  L1/zero=465267.90  cos=nan  k=nan
[035/100] 04_to_05  L1=0.318  L1/zero=1.00  cos=0.08  k=0.11
[036/100] 04_to_06  L1=0.499  L1/zero=0.93  cos=0.40  k=0.19
[037/100] 04_to_07  L1=0.872  L1/zero=0.99  cos=0.36  k=0.12
[038/100] 04_to_08  L1=1.352  L1/zero=0.96  cos=0.46  k=0.11
[039/100] 04_to_09  L1=1.641  L1/zero=0.91  cos=0.53  k=0.19
[040/100] 04_to_10  L1=1.716  L1/zero=0.88  cos=0.61  k=0.24
[041/100] 05_to_01  L1=1.799  L1/zero=0.85  cos=0.60  k=0.31
[042/100] 05_to_02  L1=1.295  L1/zero=0.90  cos=0.49  k=0.27
[043/100] 05_to_03  L1=0.675  L1/zero=0.92  cos=0.41  k=0.23
[044/100] 05_to_04  L1=0.282  L1/zero=0.98  cos=0.23  k=0.18
[045/100] 05_to_05  L1=0.002  L1/zero=170076.52  cos=nan  k=nan
[046/100] 05_to_06  L1=0.274  L1/zero=1.01  cos=0.23  k=0.12
[047/100] 05_to_07  L1=0.791  L1/zero=0.98  cos=0.34  k=0.12
[048/100] 05_to_08  L1=1.403  L1/zero=0.95  cos=0.46  k=0.14
[049/100] 05_to_09  L1=1.846  L1/zero=0.93  cos=0.51  k=0.16
[050/100] 05_to_10  L1=2.060  L1/zero=0.90  cos=0.54  k=0.20
[051/100] 06_to_01  L1=1.818  L1/zero=0.86  cos=0.53  k=0.35
[052/100] 06_to_02  L1=1.270  L1/zero=0.87  cos=0.48  k=0.37
[053/100] 06_to_03  L1=0.748  L1/zero=0.89  cos=0.38  k=0.35
[054/100] 06_to_04  L1=0.447  L1/zero=0.97  cos=0.25  k=0.28
[055/100] 06_to_05  L1=0.279  L1/zero=1.05  cos=-0.01  k=0.15
[056/100] 06_to_06  L1=0.003  L1/zero=330303.24  cos=nan  k=nan
[057/100] 06_to_07  L1=0.495  L1/zero=0.97  cos=0.31  k=0.12
[058/100] 06_to_08  L1=1.178  L1/zero=0.94  cos=0.45  k=0.15
[059/100] 06_to_09  L1=1.695  L1/zero=0.92  cos=0.48  k=0.18
[060/100] 06_to_10  L1=2.001  L1/zero=0.91  cos=0.47  k=0.23
[061/100] 07_to_01  L1=1.438  L1/zero=0.86  cos=0.48  k=0.45
[062/100] 07_to_02  L1=1.072  L1/zero=0.93  cos=0.35  k=0.49
[063/100] 07_to_03  L1=0.821  L1/zero=1.04  cos=0.24  k=0.40
[064/100] 07_to_04  L1=0.848  L1/zero=1.02  cos=0.10  k=0.23
[065/100] 07_to_05  L1=0.765  L1/zero=1.00  cos=0.07  k=0.14
[066/100] 07_to_06  L1=0.509  L1/zero=0.99  cos=0.15  k=0.12
[067/100] 07_to_07  L1=0.001  L1/zero=91808.47  cos=nan  k=nan
[068/100] 07_to_08  L1=0.536  L1/zero=0.93  cos=0.47  k=0.21
[069/100] 07_to_09  L1=1.145  L1/zero=0.90  cos=0.43  k=0.27
[070/100] 07_to_10  L1=1.560  L1/zero=0.89  cos=0.43  k=0.29
[071/100] 08_to_01  L1=0.935  L1/zero=0.93  cos=0.32  k=0.29
[072/100] 08_to_02  L1=0.772  L1/zero=1.07  cos=-0.08  k=0.22
[073/100] 08_to_03  L1=1.123  L1/zero=1.01  cos=-0.21  k=0.08
[074/100] 08_to_04  L1=1.367  L1/zero=0.97  cos=0.24  k=0.10
[075/100] 08_to_05  L1=1.459  L1/zero=0.96  cos=0.33  k=0.12
[076/100] 08_to_06  L1=1.247  L1/zero=0.97  cos=0.27  k=0.12
[077/100] 08_to_07  L1=0.625  L1/zero=1.01  cos=0.04  k=0.11
[078/100] 08_to_08  L1=0.001  L1/zero=124790.08  cos=nan  k=nan
[079/100] 08_to_09  L1=0.455  L1/zero=0.96  cos=0.38  k=0.27
[080/100] 08_to_10  L1=0.913  L1/zero=0.96  cos=0.32  k=0.26
[081/100] 09_to_01  L1=0.490  L1/zero=1.32  cos=0.05  k=0.75
[082/100] 09_to_02  L1=0.858  L1/zero=1.14  cos=-0.37  k=0.27
[083/100] 09_to_03  L1=1.334  L1/zero=0.93  cos=0.36  k=0.19
[084/100] 09_to_04  L1=1.721  L1/zero=0.90  cos=0.47  k=0.23
[085/100] 09_to_05  L1=1.930  L1/zero=0.90  cos=0.48  k=0.21
[086/100] 09_to_06  L1=1.903  L1/zero=0.90  cos=0.49  k=0.20
[087/100] 09_to_07  L1=1.396  L1/zero=0.92  cos=0.38  k=0.22
[088/100] 09_to_08  L1=0.479  L1/zero=0.88  cos=0.49  k=0.32
[089/100] 09_to_09  L1=0.001  L1/zero=89868.75  cos=nan  k=nan
[090/100] 09_to_10  L1=0.311  L1/zero=0.98  cos=0.42  k=0.53
[091/100] 10_to_01  L1=0.424  L1/zero=1.92  cos=-0.29  k=1.11
[092/100] 10_to_02  L1=0.877  L1/zero=0.99  cos=0.30  k=0.10
[093/100] 10_to_03  L1=1.508  L1/zero=0.88  cos=0.64  k=0.22
[094/100] 10_to_04  L1=2.034  L1/zero=0.90  cos=0.61  k=0.20
[095/100] 10_to_05  L1=2.429  L1/zero=0.92  cos=0.51  k=0.17
[096/100] 10_to_06  L1=2.451  L1/zero=0.94  cos=0.47  k=0.16
[097/100] 10_to_07  L1=1.944  L1/zero=0.94  cos=0.43  k=0.14
[098/100] 10_to_08  L1=1.097  L1/zero=0.91  cos=0.39  k=0.20
[099/100] 10_to_09  L1=0.341  L1/zero=0.94  cos=0.45  k=0.50
[100/100] 10_to_10  L1=0.001  L1/zero=83470.09  cos=nan  k=nan

[both|elekta] Directed mean: L1=1.108  L1/zero=0.96  cos=0.34  k=0.24  beat_zero=81%
wrote /home/abhishek/Voxel_GAN/PopulationStudy/ClinicalExperiments/Experiment2/BothCRB/plots/qc_elekta/P5/CE_P5_V_01 (100 pngs)
[2026-08-26 10:47:16] === E2 QC DONE ===

== Encoder qc_varian (5) ==
  CV_P1_V_01: L1/zero=0.986 cos=0.346 beat=67% phase=linear
  CV_P2_V_01: L1/zero=0.880 cos=0.520 beat=100% phase=linear
  CV_P3_V_01: L1/zero=0.872 cos=0.528 beat=89% phase=linear
  CV_P4_V_01: L1/zero=0.779 cos=0.651 beat=96% phase=linear
  CV_P5_V_01: L1/zero=0.915 cos=0.441 beat=97% phase=linear

== Encoder qc_elekta (5) ==
  CE_P1_V_01: L1/zero=1.067 cos=-0.085 beat=24% phase=linear
  CE_P2_V_01: L1/zero=1.043 cos=-0.076 beat=24% phase=linear
  CE_P3_V_01: L1/zero=1.051 cos=-0.104 beat=22% phase=linear
  CE_P4_V_01: L1/zero=1.009 cos=0.080 beat=46% phase=linear
  CE_P5_V_01: L1/zero=0.961 cos=0.304 beat=80% phase=linear

== Decoder qc_varian (5) ==
  CV_P1_V_01: L1/zero=1.140 cos=0.235 beat=29% phase=linear
  CV_P2_V_01: L1/zero=0.907 cos=0.520 beat=87% phase=linear
  CV_P3_V_01: L1/zero=0.934 cos=0.517 beat=74% phase=linear
  CV_P4_V_01: L1/zero=0.791 cos=0.644 beat=93% phase=linear
  CV_P5_V_01: L1/zero=0.914 cos=0.365 beat=71% phase=linear

== Decoder qc_elekta (5) ==
  CE_P1_V_01: L1/zero=0.957 cos=0.338 beat=87% phase=linear
  CE_P2_V_01: L1/zero=1.007 cos=0.082 beat=47% phase=linear
  CE_P3_V_01: L1/zero=0.998 cos=0.018 beat=51% phase=linear
  CE_P4_V_01: L1/zero=0.963 cos=0.322 beat=63% phase=linear
  CE_P5_V_01: L1/zero=0.994 cos=0.175 beat=54% phase=linear

== Both qc_varian (5) ==
  CV_P1_V_01: L1/zero=1.136 cos=0.285 beat=28% phase=linear
  CV_P2_V_01: L1/zero=0.875 cos=0.567 beat=100% phase=linear
  CV_P3_V_01: L1/zero=0.942 cos=0.520 beat=73% phase=linear
  CV_P4_V_01: L1/zero=0.778 cos=0.670 beat=98% phase=linear
  CV_P5_V_01: L1/zero=0.911 cos=0.466 beat=91% phase=linear

== Both qc_elekta (5) ==
  CE_P1_V_01: L1/zero=1.021 cos=0.130 beat=39% phase=linear
  CE_P2_V_01: L1/zero=1.009 cos=0.134 beat=59% phase=linear
  CE_P3_V_01: L1/zero=0.984 cos=0.186 beat=77% phase=linear
  CE_P4_V_01: L1/zero=0.987 cos=0.257 beat=78% phase=linear
  CE_P5_V_01: L1/zero=0.959 cos=0.344 beat=81% phase=linear
