
######## LOOCV fold hold-out phase 01 ########

[spare_mc_p1_loocv_warp_d_hold01] device=cuda | D_mode=warp (in=2) | D_base=32 | lambda_adv=0.05 | d_update_freq=2 | held_out_phases=[0]
[spare_mc_p1_loocv_warp_d_hold01] train 1296 (81 pairs × 16) | val 152 (19 pairs × 8)
Epoch: 1 | G loss: 0.9050 | D loss: 0.0000 | val G loss: 1.2326 | total time: 0 hours 0 minutes
Epoch: 2 | G loss: 0.8603 | D loss: 0.0000 | val G loss: 1.2223 | total time: 0 hours 1 minutes
Epoch: 3 | G loss: 0.7640 | D loss: 0.0000 | val G loss: 0.9516 | total time: 0 hours 2 minutes
Epoch: 4 | G loss: 0.5532 | D loss: 0.0000 | val G loss: 0.7117 | total time: 0 hours 2 minutes
Epoch: 5 | G loss: 0.4620 | D loss: 0.0000 | val G loss: 0.6679 | total time: 0 hours 3 minutes
Epoch: 6 | G loss: 0.4186 | D loss: 0.1186 | val G loss: 0.6115 | total time: 0 hours 4 minutes
Epoch: 7 | G loss: 0.3919 | D loss: 0.1051 | val G loss: 0.5803 | total time: 0 hours 5 minutes
Epoch: 8 | G loss: 0.3572 | D loss: 0.1035 | val G loss: 0.6041 | total time: 0 hours 6 minutes
Epoch: 9 | G loss: 0.3413 | D loss: 0.1036 | val G loss: 0.5611 | total time: 0 hours 6 minutes
Epoch: 10 | G loss: 0.3362 | D loss: 0.0965 | val G loss: 0.5661 | total time: 0 hours 7 minutes
Epoch: 11 | G loss: 0.3280 | D loss: 0.0896 | val G loss: 0.5381 | total time: 0 hours 8 minutes
Epoch: 12 | G loss: 0.3100 | D loss: 0.0873 | val G loss: 0.5874 | total time: 0 hours 9 minutes
Epoch: 13 | G loss: 0.2993 | D loss: 0.0848 | val G loss: 0.5891 | total time: 0 hours 10 minutes
Epoch: 14 | G loss: 0.2900 | D loss: 0.0852 | val G loss: 0.5432 | total time: 0 hours 10 minutes
Epoch: 15 | G loss: 0.2783 | D loss: 0.0832 | val G loss: 0.4978 | total time: 0 hours 11 minutes
Epoch: 16 | G loss: 0.2754 | D loss: 0.0813 | val G loss: 0.4799 | total time: 0 hours 12 minutes
Epoch: 17 | G loss: 0.2669 | D loss: 0.0797 | val G loss: 0.4923 | total time: 0 hours 13 minutes
Epoch: 18 | G loss: 0.2616 | D loss: 0.0765 | val G loss: 0.4903 | total time: 0 hours 14 minutes
Epoch: 19 | G loss: 0.2567 | D loss: 0.0770 | val G loss: 0.4981 | total time: 0 hours 14 minutes
Epoch: 20 | G loss: 0.2486 | D loss: 0.0734 | val G loss: 0.4961 | total time: 0 hours 15 minutes
Epoch: 21 | G loss: 0.2477 | D loss: 0.0764 | val G loss: 0.4745 | total time: 0 hours 16 minutes
Epoch: 22 | G loss: 0.2462 | D loss: 0.0716 | val G loss: 0.5032 | total time: 0 hours 17 minutes
Epoch: 23 | G loss: 0.2370 | D loss: 0.0723 | val G loss: 0.4729 | total time: 0 hours 18 minutes
Epoch: 24 | G loss: 0.2348 | D loss: 0.0695 | val G loss: 0.4598 | total time: 0 hours 19 minutes
Epoch: 25 | G loss: 0.2318 | D loss: 0.0684 | val G loss: 0.4960 | total time: 0 hours 19 minutes
Epoch: 26 | G loss: 0.2262 | D loss: 0.0684 | val G loss: 0.4413 | total time: 0 hours 20 minutes
Epoch: 27 | G loss: 0.2286 | D loss: 0.0661 | val G loss: 0.4315 | total time: 0 hours 21 minutes
Epoch: 28 | G loss: 0.2245 | D loss: 0.0661 | val G loss: 0.4884 | total time: 0 hours 22 minutes
Epoch: 29 | G loss: 0.2197 | D loss: 0.0639 | val G loss: 0.4470 | total time: 0 hours 23 minutes
Epoch: 30 | G loss: 0.2176 | D loss: 0.0639 | val G loss: 0.4514 | total time: 0 hours 23 minutes
Epoch: 31 | G loss: 0.2201 | D loss: 0.0625 | val G loss: 0.4636 | total time: 0 hours 24 minutes
Epoch: 32 | G loss: 0.2125 | D loss: 0.0632 | val G loss: 0.4503 | total time: 0 hours 25 minutes
Epoch: 33 | G loss: 0.2098 | D loss: 0.0647 | val G loss: 0.4544 | total time: 0 hours 26 minutes
Epoch: 34 | G loss: 0.2094 | D loss: 0.0629 | val G loss: 0.4351 | total time: 0 hours 27 minutes
Epoch: 35 | G loss: 0.2100 | D loss: 0.0593 | val G loss: 0.4424 | total time: 0 hours 27 minutes
Epoch: 36 | G loss: 0.2068 | D loss: 0.0596 | val G loss: 0.4325 | total time: 0 hours 28 minutes
Epoch: 37 | G loss: 0.1986 | D loss: 0.0628 | val G loss: 0.4487 | total time: 0 hours 29 minutes
Epoch: 38 | G loss: 0.2021 | D loss: 0.0596 | val G loss: 0.4163 | total time: 0 hours 30 minutes
Epoch: 39 | G loss: 0.2024 | D loss: 0.0575 | val G loss: 0.4401 | total time: 0 hours 31 minutes
Epoch: 40 | G loss: 0.1980 | D loss: 0.0629 | val G loss: 0.4243 | total time: 0 hours 32 minutes
Epoch: 41 | G loss: 0.1960 | D loss: 0.0595 | val G loss: 0.4390 | total time: 0 hours 32 minutes
Epoch: 42 | G loss: 0.1938 | D loss: 0.0604 | val G loss: 0.4235 | total time: 0 hours 33 minutes
Epoch: 43 | G loss: 0.1926 | D loss: 0.0582 | val G loss: 0.4450 | total time: 0 hours 34 minutes
Epoch: 44 | G loss: 0.1888 | D loss: 0.0588 | val G loss: 0.4573 | total time: 0 hours 35 minutes
Epoch: 45 | G loss: 0.1894 | D loss: 0.0614 | val G loss: 0.4267 | total time: 0 hours 36 minutes
Epoch: 46 | G loss: 0.1904 | D loss: 0.0554 | val G loss: 0.4441 | total time: 0 hours 36 minutes
Epoch: 47 | G loss: 0.1893 | D loss: 0.0591 | val G loss: 0.4107 | total time: 0 hours 37 minutes
Epoch: 48 | G loss: 0.1871 | D loss: 0.0567 | val G loss: 0.4270 | total time: 0 hours 38 minutes
Epoch: 49 | G loss: 0.1830 | D loss: 0.0609 | val G loss: 0.4177 | total time: 0 hours 39 minutes
Epoch: 50 | G loss: 0.1860 | D loss: 0.0552 | val G loss: 0.4289 | total time: 0 hours 40 minutes
Epoch: 51 | G loss: 0.1881 | D loss: 0.0557 | val G loss: 0.4151 | total time: 0 hours 40 minutes
Epoch: 52 | G loss: 0.1827 | D loss: 0.0556 | val G loss: 0.4075 | total time: 0 hours 41 minutes
Epoch: 53 | G loss: 0.1794 | D loss: 0.0584 | val G loss: 0.4099 | total time: 0 hours 42 minutes
Epoch: 54 | G loss: 0.1794 | D loss: 0.0532 | val G loss: 0.4185 | total time: 0 hours 43 minutes
Epoch: 55 | G loss: 0.1801 | D loss: 0.0548 | val G loss: 0.4190 | total time: 0 hours 44 minutes
Epoch: 56 | G loss: 0.1822 | D loss: 0.0545 | val G loss: 0.4351 | total time: 0 hours 45 minutes
Epoch: 57 | G loss: 0.1791 | D loss: 0.0551 | val G loss: 0.4370 | total time: 0 hours 45 minutes
Epoch: 58 | G loss: 0.1750 | D loss: 0.0554 | val G loss: 0.3968 | total time: 0 hours 46 minutes
Epoch: 59 | G loss: 0.1768 | D loss: 0.0542 | val G loss: 0.4402 | total time: 0 hours 47 minutes
Epoch: 60 | G loss: 0.1704 | D loss: 0.0579 | val G loss: 0.3901 | total time: 0 hours 48 minutes
Epoch: 61 | G loss: 0.1724 | D loss: 0.0567 | val G loss: 0.4123 | total time: 0 hours 49 minutes
Epoch: 62 | G loss: 0.1742 | D loss: 0.0525 | val G loss: 0.4020 | total time: 0 hours 49 minutes
Epoch: 63 | G loss: 0.1700 | D loss: 0.0557 | val G loss: 0.4127 | total time: 0 hours 50 minutes
Epoch: 64 | G loss: 0.1768 | D loss: 0.0515 | val G loss: 0.3968 | total time: 0 hours 51 minutes
Epoch: 65 | G loss: 0.1723 | D loss: 0.0532 | val G loss: 0.4022 | total time: 0 hours 52 minutes
Epoch: 66 | G loss: 0.1704 | D loss: 0.0527 | val G loss: 0.4196 | total time: 0 hours 53 minutes
Epoch: 67 | G loss: 0.1687 | D loss: 0.0537 | val G loss: 0.4087 | total time: 0 hours 54 minutes
Epoch: 68 | G loss: 0.1687 | D loss: 0.0544 | val G loss: 0.4071 | total time: 0 hours 54 minutes
Epoch: 69 | G loss: 0.1683 | D loss: 0.0529 | val G loss: 0.3858 | total time: 0 hours 55 minutes
Epoch: 70 | G loss: 0.1656 | D loss: 0.0552 | val G loss: 0.4303 | total time: 0 hours 56 minutes
Epoch: 71 | G loss: 0.1666 | D loss: 0.0561 | val G loss: 0.3933 | total time: 0 hours 57 minutes
Epoch: 72 | G loss: 0.1707 | D loss: 0.0507 | val G loss: 0.4067 | total time: 0 hours 58 minutes
Epoch: 73 | G loss: 0.1665 | D loss: 0.0542 | val G loss: 0.3970 | total time: 0 hours 58 minutes
Epoch: 74 | G loss: 0.1644 | D loss: 0.0508 | val G loss: 0.4022 | total time: 0 hours 59 minutes
Epoch: 75 | G loss: 0.1658 | D loss: 0.0537 | val G loss: 0.4094 | total time: 1 hours 0 minutes
Epoch: 76 | G loss: 0.1639 | D loss: 0.0542 | val G loss: 0.3894 | total time: 1 hours 1 minutes
Epoch: 77 | G loss: 0.1631 | D loss: 0.0550 | val G loss: 0.3949 | total time: 1 hours 2 minutes
Epoch: 78 | G loss: 0.1641 | D loss: 0.0489 | val G loss: 0.4100 | total time: 1 hours 2 minutes
Epoch: 79 | G loss: 0.1615 | D loss: 0.0533 | val G loss: 0.3992 | total time: 1 hours 3 minutes
Epoch: 80 | G loss: 0.1617 | D loss: 0.0530 | val G loss: 0.3998 | total time: 1 hours 4 minutes
Epoch: 81 | G loss: 0.1568 | D loss: 0.0558 | val G loss: 0.4017 | total time: 1 hours 5 minutes
Epoch: 82 | G loss: 0.1598 | D loss: 0.0540 | val G loss: 0.3933 | total time: 1 hours 6 minutes
Epoch: 83 | G loss: 0.1598 | D loss: 0.0519 | val G loss: 0.3898 | total time: 1 hours 7 minutes
Epoch: 84 | G loss: 0.1608 | D loss: 0.0517 | val G loss: 0.3960 | total time: 1 hours 7 minutes
Epoch: 85 | G loss: 0.1586 | D loss: 0.0503 | val G loss: 0.3931 | total time: 1 hours 8 minutes
Epoch: 86 | G loss: 0.1573 | D loss: 0.0530 | val G loss: 0.3948 | total time: 1 hours 9 minutes
Epoch: 87 | G loss: 0.1541 | D loss: 0.0566 | val G loss: 0.4037 | total time: 1 hours 10 minutes
Epoch: 88 | G loss: 0.1570 | D loss: 0.0554 | val G loss: 0.4190 | total time: 1 hours 11 minutes
Epoch: 89 | G loss: 0.1553 | D loss: 0.0528 | val G loss: 0.3944 | total time: 1 hours 11 minutes
Epoch: 90 | G loss: 0.1547 | D loss: 0.0563 | val G loss: 0.3958 | total time: 1 hours 12 minutes
Epoch: 91 | G loss: 0.1564 | D loss: 0.0530 | val G loss: 0.4123 | total time: 1 hours 13 minutes
Epoch: 92 | G loss: 0.1556 | D loss: 0.0509 | val G loss: 0.4119 | total time: 1 hours 14 minutes
Epoch: 93 | G loss: 0.1556 | D loss: 0.0553 | val G loss: 0.3972 | total time: 1 hours 15 minutes
Epoch: 94 | G loss: 0.1527 | D loss: 0.0553 | val G loss: 0.3988 | total time: 1 hours 16 minutes
Epoch: 95 | G loss: 0.1506 | D loss: 0.0567 | val G loss: 0.3865 | total time: 1 hours 16 minutes
Epoch: 96 | G loss: 0.1519 | D loss: 0.0546 | val G loss: 0.4060 | total time: 1 hours 17 minutes
Epoch: 97 | G loss: 0.1549 | D loss: 0.0509 | val G loss: 0.3964 | total time: 1 hours 18 minutes
Epoch: 98 | G loss: 0.1532 | D loss: 0.0508 | val G loss: 0.4061 | total time: 1 hours 19 minutes
Epoch: 99 | G loss: 0.1547 | D loss: 0.0551 | val G loss: 0.4116 | total time: 1 hours 20 minutes
Epoch: 100 | G loss: 0.1513 | D loss: 0.0540 | val G loss: 0.4105 | total time: 1 hours 20 minutes
fold hold01 best_val=0.385847


######## LOOCV fold hold-out phase 02 ########

[spare_mc_p1_loocv_warp_d_hold02] device=cuda | D_mode=warp (in=2) | D_base=32 | lambda_adv=0.05 | d_update_freq=2 | held_out_phases=[1]
[spare_mc_p1_loocv_warp_d_hold02] train 1296 (81 pairs × 16) | val 152 (19 pairs × 8)
Epoch: 1 | G loss: 0.9804 | D loss: 0.0000 | val G loss: 0.8663 | total time: 0 hours 0 minutes
Epoch: 2 | G loss: 0.8934 | D loss: 0.0000 | val G loss: 0.7406 | total time: 0 hours 1 minutes
Epoch: 3 | G loss: 0.6285 | D loss: 0.0000 | val G loss: 0.5735 | total time: 0 hours 2 minutes
Epoch: 4 | G loss: 0.5301 | D loss: 0.0000 | val G loss: 0.5081 | total time: 0 hours 2 minutes
Epoch: 5 | G loss: 0.4591 | D loss: 0.0000 | val G loss: 0.4817 | total time: 0 hours 3 minutes
Epoch: 6 | G loss: 0.4423 | D loss: 0.1214 | val G loss: 0.4828 | total time: 0 hours 4 minutes
Epoch: 7 | G loss: 0.4163 | D loss: 0.1062 | val G loss: 0.4474 | total time: 0 hours 5 minutes
Epoch: 8 | G loss: 0.3883 | D loss: 0.1045 | val G loss: 0.4328 | total time: 0 hours 5 minutes
Epoch: 9 | G loss: 0.3708 | D loss: 0.0981 | val G loss: 0.4164 | total time: 0 hours 6 minutes
Epoch: 10 | G loss: 0.3533 | D loss: 0.0884 | val G loss: 0.3992 | total time: 0 hours 7 minutes
Epoch: 11 | G loss: 0.3416 | D loss: 0.0804 | val G loss: 0.4025 | total time: 0 hours 8 minutes
Epoch: 12 | G loss: 0.3244 | D loss: 0.0810 | val G loss: 0.3823 | total time: 0 hours 9 minutes
Epoch: 13 | G loss: 0.3084 | D loss: 0.0770 | val G loss: 0.3600 | total time: 0 hours 9 minutes
Epoch: 14 | G loss: 0.2972 | D loss: 0.0771 | val G loss: 0.3522 | total time: 0 hours 10 minutes
Epoch: 15 | G loss: 0.2875 | D loss: 0.0765 | val G loss: 0.3379 | total time: 0 hours 11 minutes
Epoch: 16 | G loss: 0.2749 | D loss: 0.0767 | val G loss: 0.3575 | total time: 0 hours 12 minutes
Epoch: 17 | G loss: 0.2655 | D loss: 0.0736 | val G loss: 0.3372 | total time: 0 hours 13 minutes
Epoch: 18 | G loss: 0.2592 | D loss: 0.0756 | val G loss: 0.3488 | total time: 0 hours 14 minutes
Epoch: 19 | G loss: 0.2550 | D loss: 0.0711 | val G loss: 0.3067 | total time: 0 hours 14 minutes
Epoch: 20 | G loss: 0.2482 | D loss: 0.0734 | val G loss: 0.3197 | total time: 0 hours 15 minutes
Epoch: 21 | G loss: 0.2462 | D loss: 0.0694 | val G loss: 0.3066 | total time: 0 hours 16 minutes
Epoch: 22 | G loss: 0.2402 | D loss: 0.0687 | val G loss: 0.2983 | total time: 0 hours 17 minutes
Epoch: 23 | G loss: 0.2383 | D loss: 0.0636 | val G loss: 0.3123 | total time: 0 hours 18 minutes
Epoch: 24 | G loss: 0.2351 | D loss: 0.0675 | val G loss: 0.2998 | total time: 0 hours 18 minutes
Epoch: 25 | G loss: 0.2332 | D loss: 0.0633 | val G loss: 0.2886 | total time: 0 hours 19 minutes
Epoch: 26 | G loss: 0.2278 | D loss: 0.0639 | val G loss: 0.2908 | total time: 0 hours 20 minutes
Epoch: 27 | G loss: 0.2210 | D loss: 0.0669 | val G loss: 0.2990 | total time: 0 hours 21 minutes
Epoch: 28 | G loss: 0.2258 | D loss: 0.0663 | val G loss: 0.2980 | total time: 0 hours 22 minutes
Epoch: 29 | G loss: 0.2192 | D loss: 0.0618 | val G loss: 0.3098 | total time: 0 hours 23 minutes
Epoch: 30 | G loss: 0.2194 | D loss: 0.0595 | val G loss: 0.2826 | total time: 0 hours 23 minutes
Epoch: 31 | G loss: 0.2125 | D loss: 0.0587 | val G loss: 0.3062 | total time: 0 hours 24 minutes
Epoch: 32 | G loss: 0.2133 | D loss: 0.0613 | val G loss: 0.2850 | total time: 0 hours 25 minutes
Epoch: 33 | G loss: 0.2135 | D loss: 0.0572 | val G loss: 0.3194 | total time: 0 hours 26 minutes
Epoch: 34 | G loss: 0.2104 | D loss: 0.0578 | val G loss: 0.2766 | total time: 0 hours 27 minutes
Epoch: 35 | G loss: 0.2082 | D loss: 0.0579 | val G loss: 0.2731 | total time: 0 hours 27 minutes
Epoch: 36 | G loss: 0.2043 | D loss: 0.0574 | val G loss: 0.2736 | total time: 0 hours 28 minutes
Epoch: 37 | G loss: 0.2026 | D loss: 0.0589 | val G loss: 0.2636 | total time: 0 hours 29 minutes
Epoch: 38 | G loss: 0.1984 | D loss: 0.0597 | val G loss: 0.2687 | total time: 0 hours 30 minutes
Epoch: 39 | G loss: 0.1969 | D loss: 0.0574 | val G loss: 0.2843 | total time: 0 hours 31 minutes
Epoch: 40 | G loss: 0.2016 | D loss: 0.0571 | val G loss: 0.2551 | total time: 0 hours 32 minutes
Epoch: 41 | G loss: 0.1959 | D loss: 0.0539 | val G loss: 0.2886 | total time: 0 hours 32 minutes
Epoch: 42 | G loss: 0.1933 | D loss: 0.0590 | val G loss: 0.2773 | total time: 0 hours 33 minutes
Epoch: 43 | G loss: 0.1906 | D loss: 0.0546 | val G loss: 0.2829 | total time: 0 hours 34 minutes
Epoch: 44 | G loss: 0.1894 | D loss: 0.0584 | val G loss: 0.2578 | total time: 0 hours 35 minutes
Epoch: 45 | G loss: 0.1877 | D loss: 0.0544 | val G loss: 0.2826 | total time: 0 hours 36 minutes
Epoch: 46 | G loss: 0.1872 | D loss: 0.0566 | val G loss: 0.2645 | total time: 0 hours 36 minutes
Epoch: 47 | G loss: 0.1868 | D loss: 0.0538 | val G loss: 0.2803 | total time: 0 hours 37 minutes
Epoch: 48 | G loss: 0.1848 | D loss: 0.0574 | val G loss: 0.2505 | total time: 0 hours 38 minutes
Epoch: 49 | G loss: 0.1817 | D loss: 0.0591 | val G loss: 0.2588 | total time: 0 hours 39 minutes
Epoch: 50 | G loss: 0.1809 | D loss: 0.0564 | val G loss: 0.2532 | total time: 0 hours 40 minutes
Epoch: 51 | G loss: 0.1817 | D loss: 0.0524 | val G loss: 0.2587 | total time: 0 hours 41 minutes
Epoch: 52 | G loss: 0.1813 | D loss: 0.0515 | val G loss: 0.2502 | total time: 0 hours 41 minutes
Epoch: 53 | G loss: 0.1796 | D loss: 0.0534 | val G loss: 0.2492 | total time: 0 hours 42 minutes
Epoch: 54 | G loss: 0.1783 | D loss: 0.0579 | val G loss: 0.2575 | total time: 0 hours 43 minutes
Epoch: 55 | G loss: 0.1797 | D loss: 0.0561 | val G loss: 0.2668 | total time: 0 hours 44 minutes
Epoch: 56 | G loss: 0.1751 | D loss: 0.0556 | val G loss: 0.2471 | total time: 0 hours 45 minutes
Epoch: 57 | G loss: 0.1759 | D loss: 0.0517 | val G loss: 0.2508 | total time: 0 hours 46 minutes
Epoch: 58 | G loss: 0.1714 | D loss: 0.0549 | val G loss: 0.2540 | total time: 0 hours 46 minutes
Epoch: 59 | G loss: 0.1729 | D loss: 0.0529 | val G loss: 0.2493 | total time: 0 hours 47 minutes
Epoch: 60 | G loss: 0.1751 | D loss: 0.0515 | val G loss: 0.2520 | total time: 0 hours 48 minutes
Epoch: 61 | G loss: 0.1720 | D loss: 0.0536 | val G loss: 0.2440 | total time: 0 hours 49 minutes
Epoch: 62 | G loss: 0.1717 | D loss: 0.0542 | val G loss: 0.2482 | total time: 0 hours 50 minutes
Epoch: 63 | G loss: 0.1721 | D loss: 0.0554 | val G loss: 0.2457 | total time: 0 hours 50 minutes
Epoch: 64 | G loss: 0.1691 | D loss: 0.0541 | val G loss: 0.2516 | total time: 0 hours 51 minutes
Epoch: 65 | G loss: 0.1661 | D loss: 0.0565 | val G loss: 0.2592 | total time: 0 hours 52 minutes
Epoch: 66 | G loss: 0.1699 | D loss: 0.0560 | val G loss: 0.2379 | total time: 0 hours 53 minutes
Epoch: 67 | G loss: 0.1641 | D loss: 0.0518 | val G loss: 0.2825 | total time: 0 hours 54 minutes
Epoch: 68 | G loss: 0.1676 | D loss: 0.0547 | val G loss: 0.2478 | total time: 0 hours 55 minutes
Epoch: 69 | G loss: 0.1677 | D loss: 0.0527 | val G loss: 0.2473 | total time: 0 hours 55 minutes
Epoch: 70 | G loss: 0.1644 | D loss: 0.0509 | val G loss: 0.2486 | total time: 0 hours 56 minutes
Epoch: 71 | G loss: 0.1666 | D loss: 0.0551 | val G loss: 0.2401 | total time: 0 hours 57 minutes
Epoch: 72 | G loss: 0.1654 | D loss: 0.0521 | val G loss: 0.2423 | total time: 0 hours 58 minutes
Epoch: 73 | G loss: 0.1623 | D loss: 0.0558 | val G loss: 0.2503 | total time: 0 hours 59 minutes
Epoch: 74 | G loss: 0.1641 | D loss: 0.0527 | val G loss: 0.2475 | total time: 0 hours 59 minutes
Epoch: 75 | G loss: 0.1597 | D loss: 0.0553 | val G loss: 0.2441 | total time: 1 hours 0 minutes
Epoch: 76 | G loss: 0.1610 | D loss: 0.0567 | val G loss: 0.2471 | total time: 1 hours 1 minutes
Epoch: 77 | G loss: 0.1586 | D loss: 0.0552 | val G loss: 0.2480 | total time: 1 hours 2 minutes
Epoch: 78 | G loss: 0.1603 | D loss: 0.0534 | val G loss: 0.2627 | total time: 1 hours 3 minutes
Epoch: 79 | G loss: 0.1581 | D loss: 0.0541 | val G loss: 0.2385 | total time: 1 hours 4 minutes
Epoch: 80 | G loss: 0.1576 | D loss: 0.0551 | val G loss: 0.2411 | total time: 1 hours 5 minutes
Epoch: 81 | G loss: 0.1594 | D loss: 0.0538 | val G loss: 0.2459 | total time: 1 hours 6 minutes
Epoch: 82 | G loss: 0.1555 | D loss: 0.0554 | val G loss: 0.2469 | total time: 1 hours 6 minutes
Epoch: 83 | G loss: 0.1592 | D loss: 0.0521 | val G loss: 0.2402 | total time: 1 hours 7 minutes
Epoch: 84 | G loss: 0.1551 | D loss: 0.0578 | val G loss: 0.2502 | total time: 1 hours 8 minutes
Epoch: 85 | G loss: 0.1555 | D loss: 0.0533 | val G loss: 0.2553 | total time: 1 hours 9 minutes
Epoch: 86 | G loss: 0.1581 | D loss: 0.0501 | val G loss: 0.2545 | total time: 1 hours 10 minutes
Epoch: 87 | G loss: 0.1528 | D loss: 0.0569 | val G loss: 0.2461 | total time: 1 hours 11 minutes
Epoch: 88 | G loss: 0.1538 | D loss: 0.0598 | val G loss: 0.2369 | total time: 1 hours 12 minutes
Epoch: 89 | G loss: 0.1560 | D loss: 0.0507 | val G loss: 0.2518 | total time: 1 hours 13 minutes
Epoch: 90 | G loss: 0.1534 | D loss: 0.0572 | val G loss: 0.2503 | total time: 1 hours 13 minutes
Epoch: 91 | G loss: 0.1513 | D loss: 0.0562 | val G loss: 0.2333 | total time: 1 hours 14 minutes
Epoch: 92 | G loss: 0.1535 | D loss: 0.0526 | val G loss: 0.2273 | total time: 1 hours 15 minutes
Epoch: 93 | G loss: 0.1500 | D loss: 0.0556 | val G loss: 0.2319 | total time: 1 hours 16 minutes
Epoch: 94 | G loss: 0.1512 | D loss: 0.0544 | val G loss: 0.2405 | total time: 1 hours 17 minutes
Epoch: 95 | G loss: 0.1482 | D loss: 0.0540 | val G loss: 0.2381 | total time: 1 hours 18 minutes
Epoch: 96 | G loss: 0.1507 | D loss: 0.0538 | val G loss: 0.2479 | total time: 1 hours 19 minutes
Epoch: 97 | G loss: 0.1491 | D loss: 0.0557 | val G loss: 0.2570 | total time: 1 hours 19 minutes
Epoch: 98 | G loss: 0.1469 | D loss: 0.0551 | val G loss: 0.2426 | total time: 1 hours 20 minutes
Epoch: 99 | G loss: 0.1446 | D loss: 0.0606 | val G loss: 0.2505 | total time: 1 hours 21 minutes
Epoch: 100 | G loss: 0.1478 | D loss: 0.0541 | val G loss: 0.2444 | total time: 1 hours 22 minutes
fold hold02 best_val=0.227274


######## LOOCV fold hold-out phase 03 ########

[spare_mc_p1_loocv_warp_d_hold03] device=cuda | D_mode=warp (in=2) | D_base=32 | lambda_adv=0.05 | d_update_freq=2 | held_out_phases=[2]
[spare_mc_p1_loocv_warp_d_hold03] train 1296 (81 pairs × 16) | val 152 (19 pairs × 8)
Epoch: 1 | G loss: 0.9970 | D loss: 0.0000 | val G loss: 0.8042 | total time: 0 hours 0 minutes
Epoch: 2 | G loss: 0.9067 | D loss: 0.0000 | val G loss: 0.6709 | total time: 0 hours 1 minutes
Epoch: 3 | G loss: 0.6573 | D loss: 0.0000 | val G loss: 0.5750 | total time: 0 hours 2 minutes
Epoch: 4 | G loss: 0.5546 | D loss: 0.0000 | val G loss: 0.5387 | total time: 0 hours 3 minutes
Epoch: 5 | G loss: 0.4801 | D loss: 0.0000 | val G loss: 0.4740 | total time: 0 hours 3 minutes
Epoch: 6 | G loss: 0.4591 | D loss: 0.1198 | val G loss: 0.4652 | total time: 0 hours 4 minutes
Epoch: 7 | G loss: 0.4268 | D loss: 0.1059 | val G loss: 0.4216 | total time: 0 hours 5 minutes
Epoch: 8 | G loss: 0.4012 | D loss: 0.1075 | val G loss: 0.4108 | total time: 0 hours 6 minutes
Epoch: 9 | G loss: 0.3794 | D loss: 0.0985 | val G loss: 0.3695 | total time: 0 hours 7 minutes
Epoch: 10 | G loss: 0.3634 | D loss: 0.0896 | val G loss: 0.3664 | total time: 0 hours 8 minutes
Epoch: 11 | G loss: 0.3477 | D loss: 0.0846 | val G loss: 0.3367 | total time: 0 hours 9 minutes
Epoch: 12 | G loss: 0.3363 | D loss: 0.0817 | val G loss: 0.3251 | total time: 0 hours 9 minutes
Epoch: 13 | G loss: 0.3189 | D loss: 0.0832 | val G loss: 0.3374 | total time: 0 hours 10 minutes
Epoch: 14 | G loss: 0.3091 | D loss: 0.0833 | val G loss: 0.3033 | total time: 0 hours 11 minutes
Epoch: 15 | G loss: 0.2958 | D loss: 0.0832 | val G loss: 0.3157 | total time: 0 hours 12 minutes
Epoch: 16 | G loss: 0.2940 | D loss: 0.0808 | val G loss: 0.3037 | total time: 0 hours 13 minutes
Epoch: 17 | G loss: 0.2848 | D loss: 0.0807 | val G loss: 0.2894 | total time: 0 hours 14 minutes
Epoch: 18 | G loss: 0.2779 | D loss: 0.0778 | val G loss: 0.2872 | total time: 0 hours 15 minutes
Epoch: 19 | G loss: 0.2727 | D loss: 0.0773 | val G loss: 0.2652 | total time: 0 hours 15 minutes
Epoch: 20 | G loss: 0.2684 | D loss: 0.0759 | val G loss: 0.2662 | total time: 0 hours 16 minutes
Epoch: 21 | G loss: 0.2639 | D loss: 0.0761 | val G loss: 0.2607 | total time: 0 hours 17 minutes
Epoch: 22 | G loss: 0.2620 | D loss: 0.0755 | val G loss: 0.2657 | total time: 0 hours 18 minutes
Epoch: 23 | G loss: 0.2554 | D loss: 0.0724 | val G loss: 0.2433 | total time: 0 hours 19 minutes
Epoch: 24 | G loss: 0.2549 | D loss: 0.0708 | val G loss: 0.2480 | total time: 0 hours 20 minutes
Epoch: 25 | G loss: 0.2535 | D loss: 0.0679 | val G loss: 0.2617 | total time: 0 hours 21 minutes
Epoch: 26 | G loss: 0.2468 | D loss: 0.0697 | val G loss: 0.2533 | total time: 0 hours 22 minutes
Epoch: 27 | G loss: 0.2457 | D loss: 0.0631 | val G loss: 0.2363 | total time: 0 hours 22 minutes
Epoch: 28 | G loss: 0.2366 | D loss: 0.0717 | val G loss: 0.2409 | total time: 0 hours 23 minutes
Epoch: 29 | G loss: 0.2359 | D loss: 0.0623 | val G loss: 0.2486 | total time: 0 hours 24 minutes
Epoch: 30 | G loss: 0.2364 | D loss: 0.0612 | val G loss: 0.2593 | total time: 0 hours 25 minutes
Epoch: 31 | G loss: 0.2352 | D loss: 0.0658 | val G loss: 0.2503 | total time: 0 hours 26 minutes
Epoch: 32 | G loss: 0.2321 | D loss: 0.0628 | val G loss: 0.2347 | total time: 0 hours 27 minutes
Epoch: 33 | G loss: 0.2288 | D loss: 0.0628 | val G loss: 0.2349 | total time: 0 hours 28 minutes
Epoch: 34 | G loss: 0.2300 | D loss: 0.0621 | val G loss: 0.2438 | total time: 0 hours 28 minutes
Epoch: 35 | G loss: 0.2282 | D loss: 0.0606 | val G loss: 0.2481 | total time: 0 hours 29 minutes
Epoch: 36 | G loss: 0.2211 | D loss: 0.0586 | val G loss: 0.2211 | total time: 0 hours 30 minutes
Epoch: 37 | G loss: 0.2253 | D loss: 0.0588 | val G loss: 0.2337 | total time: 0 hours 31 minutes
Epoch: 38 | G loss: 0.2181 | D loss: 0.0585 | val G loss: 0.2344 | total time: 0 hours 32 minutes
Epoch: 39 | G loss: 0.2162 | D loss: 0.0573 | val G loss: 0.2232 | total time: 0 hours 33 minutes
Epoch: 40 | G loss: 0.2127 | D loss: 0.0562 | val G loss: 0.2259 | total time: 0 hours 33 minutes
Epoch: 41 | G loss: 0.2117 | D loss: 0.0585 | val G loss: 0.2146 | total time: 0 hours 34 minutes
Epoch: 42 | G loss: 0.2105 | D loss: 0.0580 | val G loss: 0.2335 | total time: 0 hours 35 minutes
Epoch: 43 | G loss: 0.2104 | D loss: 0.0552 | val G loss: 0.2131 | total time: 0 hours 36 minutes
Epoch: 44 | G loss: 0.2066 | D loss: 0.0561 | val G loss: 0.2242 | total time: 0 hours 37 minutes
Epoch: 45 | G loss: 0.2032 | D loss: 0.0545 | val G loss: 0.2117 | total time: 0 hours 37 minutes
Epoch: 46 | G loss: 0.2044 | D loss: 0.0565 | val G loss: 0.2108 | total time: 0 hours 38 minutes
Epoch: 47 | G loss: 0.2002 | D loss: 0.0566 | val G loss: 0.2155 | total time: 0 hours 39 minutes
Epoch: 48 | G loss: 0.1995 | D loss: 0.0531 | val G loss: 0.2004 | total time: 0 hours 40 minutes
Epoch: 49 | G loss: 0.1941 | D loss: 0.0556 | val G loss: 0.2057 | total time: 0 hours 41 minutes
Epoch: 50 | G loss: 0.1972 | D loss: 0.0542 | val G loss: 0.2031 | total time: 0 hours 42 minutes
Epoch: 51 | G loss: 0.1947 | D loss: 0.0563 | val G loss: 0.2135 | total time: 0 hours 42 minutes
Epoch: 52 | G loss: 0.1917 | D loss: 0.0535 | val G loss: 0.2166 | total time: 0 hours 43 minutes
Epoch: 53 | G loss: 0.1931 | D loss: 0.0533 | val G loss: 0.2014 | total time: 0 hours 44 minutes
Epoch: 54 | G loss: 0.1919 | D loss: 0.0548 | val G loss: 0.1973 | total time: 0 hours 45 minutes
Epoch: 55 | G loss: 0.1874 | D loss: 0.0538 | val G loss: 0.2013 | total time: 0 hours 46 minutes
Epoch: 56 | G loss: 0.1865 | D loss: 0.0542 | val G loss: 0.2091 | total time: 0 hours 46 minutes
Epoch: 57 | G loss: 0.1852 | D loss: 0.0543 | val G loss: 0.2051 | total time: 0 hours 47 minutes
Epoch: 58 | G loss: 0.1842 | D loss: 0.0554 | val G loss: 0.2014 | total time: 0 hours 48 minutes
Epoch: 59 | G loss: 0.1813 | D loss: 0.0554 | val G loss: 0.2165 | total time: 0 hours 49 minutes
Epoch: 60 | G loss: 0.1843 | D loss: 0.0537 | val G loss: 0.2003 | total time: 0 hours 50 minutes
Epoch: 61 | G loss: 0.1826 | D loss: 0.0537 | val G loss: 0.2029 | total time: 0 hours 51 minutes
Epoch: 62 | G loss: 0.1781 | D loss: 0.0573 | val G loss: 0.1990 | total time: 0 hours 51 minutes
Epoch: 63 | G loss: 0.1780 | D loss: 0.0524 | val G loss: 0.2097 | total time: 0 hours 52 minutes
Epoch: 64 | G loss: 0.1754 | D loss: 0.0542 | val G loss: 0.1959 | total time: 0 hours 53 minutes
Epoch: 65 | G loss: 0.1795 | D loss: 0.0521 | val G loss: 0.2056 | total time: 0 hours 54 minutes
Epoch: 66 | G loss: 0.1790 | D loss: 0.0561 | val G loss: 0.1944 | total time: 0 hours 55 minutes
Epoch: 67 | G loss: 0.1710 | D loss: 0.0558 | val G loss: 0.1956 | total time: 0 hours 56 minutes
Epoch: 68 | G loss: 0.1755 | D loss: 0.0528 | val G loss: 0.1967 | total time: 0 hours 56 minutes
Epoch: 69 | G loss: 0.1747 | D loss: 0.0562 | val G loss: 0.2029 | total time: 0 hours 57 minutes
Epoch: 70 | G loss: 0.1761 | D loss: 0.0530 | val G loss: 0.2014 | total time: 0 hours 58 minutes
Epoch: 71 | G loss: 0.1752 | D loss: 0.0510 | val G loss: 0.2018 | total time: 0 hours 59 minutes
Epoch: 72 | G loss: 0.1712 | D loss: 0.0538 | val G loss: 0.1894 | total time: 1 hours 0 minutes
Epoch: 73 | G loss: 0.1689 | D loss: 0.0548 | val G loss: 0.1876 | total time: 1 hours 0 minutes
Epoch: 74 | G loss: 0.1716 | D loss: 0.0524 | val G loss: 0.1840 | total time: 1 hours 1 minutes
Epoch: 75 | G loss: 0.1712 | D loss: 0.0497 | val G loss: 0.2022 | total time: 1 hours 2 minutes
Epoch: 76 | G loss: 0.1684 | D loss: 0.0561 | val G loss: 0.2457 | total time: 1 hours 3 minutes
Epoch: 77 | G loss: 0.1692 | D loss: 0.0525 | val G loss: 0.1937 | total time: 1 hours 4 minutes
Epoch: 78 | G loss: 0.1691 | D loss: 0.0536 | val G loss: 0.1996 | total time: 1 hours 4 minutes
Epoch: 79 | G loss: 0.1637 | D loss: 0.0510 | val G loss: 0.1847 | total time: 1 hours 5 minutes
Epoch: 80 | G loss: 0.1671 | D loss: 0.0510 | val G loss: 0.1912 | total time: 1 hours 6 minutes
Epoch: 81 | G loss: 0.1670 | D loss: 0.0532 | val G loss: 0.1902 | total time: 1 hours 7 minutes
Epoch: 82 | G loss: 0.1628 | D loss: 0.0537 | val G loss: 0.1797 | total time: 1 hours 8 minutes
Epoch: 83 | G loss: 0.1649 | D loss: 0.0511 | val G loss: 0.1886 | total time: 1 hours 9 minutes
Epoch: 84 | G loss: 0.1631 | D loss: 0.0535 | val G loss: 0.1973 | total time: 1 hours 9 minutes
Epoch: 85 | G loss: 0.1625 | D loss: 0.0519 | val G loss: 0.1887 | total time: 1 hours 10 minutes
Epoch: 86 | G loss: 0.1640 | D loss: 0.0518 | val G loss: 0.1910 | total time: 1 hours 11 minutes
Epoch: 87 | G loss: 0.1594 | D loss: 0.0515 | val G loss: 0.1901 | total time: 1 hours 12 minutes
Epoch: 88 | G loss: 0.1601 | D loss: 0.0538 | val G loss: 0.1853 | total time: 1 hours 13 minutes
Epoch: 89 | G loss: 0.1601 | D loss: 0.0539 | val G loss: 0.1868 | total time: 1 hours 13 minutes
Epoch: 90 | G loss: 0.1604 | D loss: 0.0523 | val G loss: 0.1943 | total time: 1 hours 14 minutes
Epoch: 91 | G loss: 0.1617 | D loss: 0.0499 | val G loss: 0.1831 | total time: 1 hours 15 minutes
Epoch: 92 | G loss: 0.1618 | D loss: 0.0498 | val G loss: 0.1782 | total time: 1 hours 16 minutes
Epoch: 93 | G loss: 0.1594 | D loss: 0.0530 | val G loss: 0.1846 | total time: 1 hours 17 minutes
Epoch: 94 | G loss: 0.1579 | D loss: 0.0522 | val G loss: 0.1971 | total time: 1 hours 18 minutes
Epoch: 95 | G loss: 0.1585 | D loss: 0.0506 | val G loss: 0.1713 | total time: 1 hours 18 minutes
Epoch: 96 | G loss: 0.1547 | D loss: 0.0541 | val G loss: 0.2008 | total time: 1 hours 19 minutes
Epoch: 97 | G loss: 0.1578 | D loss: 0.0522 | val G loss: 0.1904 | total time: 1 hours 20 minutes
Epoch: 98 | G loss: 0.1548 | D loss: 0.0527 | val G loss: 0.2103 | total time: 1 hours 21 minutes
Epoch: 99 | G loss: 0.1558 | D loss: 0.0517 | val G loss: 0.2159 | total time: 1 hours 22 minutes
Epoch: 100 | G loss: 0.1542 | D loss: 0.0495 | val G loss: 0.1972 | total time: 1 hours 22 minutes
fold hold03 best_val=0.171337


######## LOOCV fold hold-out phase 04 ########

[spare_mc_p1_loocv_warp_d_hold04] device=cuda | D_mode=warp (in=2) | D_base=32 | lambda_adv=0.05 | d_update_freq=2 | held_out_phases=[3]
[spare_mc_p1_loocv_warp_d_hold04] train 1296 (81 pairs × 16) | val 152 (19 pairs × 8)
Epoch: 1 | G loss: 0.9546 | D loss: 0.0000 | val G loss: 0.8876 | total time: 0 hours 0 minutes
Epoch: 2 | G loss: 0.9173 | D loss: 0.0000 | val G loss: 0.8047 | total time: 0 hours 1 minutes
Epoch: 3 | G loss: 0.7207 | D loss: 0.0000 | val G loss: 0.6539 | total time: 0 hours 2 minutes
Epoch: 4 | G loss: 0.5687 | D loss: 0.0000 | val G loss: 0.5322 | total time: 0 hours 2 minutes
Epoch: 5 | G loss: 0.4974 | D loss: 0.0000 | val G loss: 0.4822 | total time: 0 hours 3 minutes
Epoch: 6 | G loss: 0.4579 | D loss: 0.1192 | val G loss: 0.4335 | total time: 0 hours 4 minutes
Epoch: 7 | G loss: 0.4333 | D loss: 0.1026 | val G loss: 0.4024 | total time: 0 hours 5 minutes
Epoch: 8 | G loss: 0.4025 | D loss: 0.1021 | val G loss: 0.4080 | total time: 0 hours 6 minutes
Epoch: 9 | G loss: 0.3874 | D loss: 0.1029 | val G loss: 0.3373 | total time: 0 hours 6 minutes
Epoch: 10 | G loss: 0.3685 | D loss: 0.0945 | val G loss: 0.3345 | total time: 0 hours 7 minutes
Epoch: 11 | G loss: 0.3496 | D loss: 0.0847 | val G loss: 0.3142 | total time: 0 hours 8 minutes
Epoch: 12 | G loss: 0.3291 | D loss: 0.0818 | val G loss: 0.3092 | total time: 0 hours 9 minutes
Epoch: 13 | G loss: 0.3169 | D loss: 0.0796 | val G loss: 0.3320 | total time: 0 hours 10 minutes
Epoch: 14 | G loss: 0.3019 | D loss: 0.0796 | val G loss: 0.2937 | total time: 0 hours 10 minutes
Epoch: 15 | G loss: 0.2967 | D loss: 0.0769 | val G loss: 0.3008 | total time: 0 hours 11 minutes
Epoch: 16 | G loss: 0.2860 | D loss: 0.0764 | val G loss: 0.3051 | total time: 0 hours 12 minutes
Epoch: 17 | G loss: 0.2796 | D loss: 0.0766 | val G loss: 0.2896 | total time: 0 hours 13 minutes
Epoch: 18 | G loss: 0.2699 | D loss: 0.0781 | val G loss: 0.2670 | total time: 0 hours 14 minutes
Epoch: 19 | G loss: 0.2621 | D loss: 0.0772 | val G loss: 0.2668 | total time: 0 hours 15 minutes
Epoch: 20 | G loss: 0.2623 | D loss: 0.0752 | val G loss: 0.2628 | total time: 0 hours 16 minutes
Epoch: 21 | G loss: 0.2591 | D loss: 0.0756 | val G loss: 0.2496 | total time: 0 hours 17 minutes
Epoch: 22 | G loss: 0.2570 | D loss: 0.0729 | val G loss: 0.2686 | total time: 0 hours 17 minutes
Epoch: 23 | G loss: 0.2488 | D loss: 0.0739 | val G loss: 0.2520 | total time: 0 hours 18 minutes
Epoch: 24 | G loss: 0.2475 | D loss: 0.0751 | val G loss: 0.2478 | total time: 0 hours 19 minutes
Epoch: 25 | G loss: 0.2505 | D loss: 0.0729 | val G loss: 0.2591 | total time: 0 hours 20 minutes
Epoch: 26 | G loss: 0.2440 | D loss: 0.0701 | val G loss: 0.2562 | total time: 0 hours 21 minutes
Epoch: 27 | G loss: 0.2400 | D loss: 0.0714 | val G loss: 0.2488 | total time: 0 hours 22 minutes
Epoch: 28 | G loss: 0.2415 | D loss: 0.0694 | val G loss: 0.2450 | total time: 0 hours 23 minutes
Epoch: 29 | G loss: 0.2353 | D loss: 0.0657 | val G loss: 0.2267 | total time: 0 hours 24 minutes
Epoch: 30 | G loss: 0.2329 | D loss: 0.0675 | val G loss: 0.2483 | total time: 0 hours 25 minutes
Epoch: 31 | G loss: 0.2345 | D loss: 0.0646 | val G loss: 0.2305 | total time: 0 hours 26 minutes
Epoch: 32 | G loss: 0.2320 | D loss: 0.0654 | val G loss: 0.2358 | total time: 0 hours 27 minutes
Epoch: 33 | G loss: 0.2292 | D loss: 0.0659 | val G loss: 0.2316 | total time: 0 hours 27 minutes
Epoch: 34 | G loss: 0.2256 | D loss: 0.0654 | val G loss: 0.2197 | total time: 0 hours 28 minutes
Epoch: 35 | G loss: 0.2267 | D loss: 0.0629 | val G loss: 0.2305 | total time: 0 hours 29 minutes
Epoch: 36 | G loss: 0.2219 | D loss: 0.0589 | val G loss: 0.2400 | total time: 0 hours 30 minutes
Epoch: 37 | G loss: 0.2181 | D loss: 0.0639 | val G loss: 0.2012 | total time: 0 hours 31 minutes
Epoch: 38 | G loss: 0.2191 | D loss: 0.0597 | val G loss: 0.2207 | total time: 0 hours 32 minutes
Epoch: 39 | G loss: 0.2157 | D loss: 0.0594 | val G loss: 0.2320 | total time: 0 hours 32 minutes
Epoch: 40 | G loss: 0.2146 | D loss: 0.0603 | val G loss: 0.2018 | total time: 0 hours 33 minutes
Epoch: 41 | G loss: 0.2103 | D loss: 0.0601 | val G loss: 0.2063 | total time: 0 hours 34 minutes
Epoch: 42 | G loss: 0.2100 | D loss: 0.0565 | val G loss: 0.1976 | total time: 0 hours 35 minutes
Epoch: 43 | G loss: 0.2068 | D loss: 0.0597 | val G loss: 0.2055 | total time: 0 hours 36 minutes
Epoch: 44 | G loss: 0.2062 | D loss: 0.0564 | val G loss: 0.1992 | total time: 0 hours 36 minutes
Epoch: 45 | G loss: 0.1996 | D loss: 0.0591 | val G loss: 0.1864 | total time: 0 hours 37 minutes
Epoch: 46 | G loss: 0.2018 | D loss: 0.0572 | val G loss: 0.2013 | total time: 0 hours 38 minutes
Epoch: 47 | G loss: 0.2001 | D loss: 0.0577 | val G loss: 0.1831 | total time: 0 hours 39 minutes
Epoch: 48 | G loss: 0.1998 | D loss: 0.0564 | val G loss: 0.1854 | total time: 0 hours 40 minutes
Epoch: 49 | G loss: 0.1956 | D loss: 0.0565 | val G loss: 0.1924 | total time: 0 hours 40 minutes
Epoch: 50 | G loss: 0.1951 | D loss: 0.0547 | val G loss: 0.1886 | total time: 0 hours 41 minutes
Epoch: 51 | G loss: 0.1929 | D loss: 0.0552 | val G loss: 0.1870 | total time: 0 hours 42 minutes
Epoch: 52 | G loss: 0.1947 | D loss: 0.0513 | val G loss: 0.1918 | total time: 0 hours 43 minutes
Epoch: 53 | G loss: 0.1900 | D loss: 0.0545 | val G loss: 0.1830 | total time: 0 hours 44 minutes
Epoch: 54 | G loss: 0.1886 | D loss: 0.0538 | val G loss: 0.1909 | total time: 0 hours 45 minutes
Epoch: 55 | G loss: 0.1874 | D loss: 0.0546 | val G loss: 0.1804 | total time: 0 hours 45 minutes
Epoch: 56 | G loss: 0.1870 | D loss: 0.0561 | val G loss: 0.1845 | total time: 0 hours 46 minutes
Epoch: 57 | G loss: 0.1822 | D loss: 0.0538 | val G loss: 0.1769 | total time: 0 hours 47 minutes
Epoch: 58 | G loss: 0.1850 | D loss: 0.0550 | val G loss: 0.1807 | total time: 0 hours 48 minutes
Epoch: 59 | G loss: 0.1835 | D loss: 0.0565 | val G loss: 0.1800 | total time: 0 hours 49 minutes
Epoch: 60 | G loss: 0.1847 | D loss: 0.0530 | val G loss: 0.1725 | total time: 0 hours 49 minutes
Epoch: 61 | G loss: 0.1819 | D loss: 0.0556 | val G loss: 0.1856 | total time: 0 hours 50 minutes
Epoch: 62 | G loss: 0.1794 | D loss: 0.0516 | val G loss: 0.1680 | total time: 0 hours 51 minutes
Epoch: 63 | G loss: 0.1778 | D loss: 0.0573 | val G loss: 0.1756 | total time: 0 hours 52 minutes
Epoch: 64 | G loss: 0.1811 | D loss: 0.0509 | val G loss: 0.1727 | total time: 0 hours 53 minutes
Epoch: 65 | G loss: 0.1788 | D loss: 0.0518 | val G loss: 0.1622 | total time: 0 hours 53 minutes
Epoch: 66 | G loss: 0.1786 | D loss: 0.0546 | val G loss: 0.1754 | total time: 0 hours 54 minutes
Epoch: 67 | G loss: 0.1772 | D loss: 0.0539 | val G loss: 0.1664 | total time: 0 hours 55 minutes
Epoch: 68 | G loss: 0.1754 | D loss: 0.0537 | val G loss: 0.1595 | total time: 0 hours 56 minutes
Epoch: 69 | G loss: 0.1736 | D loss: 0.0555 | val G loss: 0.1633 | total time: 0 hours 57 minutes
Epoch: 70 | G loss: 0.1723 | D loss: 0.0544 | val G loss: 0.1660 | total time: 0 hours 58 minutes
Epoch: 71 | G loss: 0.1722 | D loss: 0.0538 | val G loss: 0.1726 | total time: 0 hours 58 minutes
Epoch: 72 | G loss: 0.1706 | D loss: 0.0541 | val G loss: 0.1619 | total time: 0 hours 59 minutes
Epoch: 73 | G loss: 0.1710 | D loss: 0.0516 | val G loss: 0.1603 | total time: 1 hours 0 minutes
Epoch: 74 | G loss: 0.1678 | D loss: 0.0534 | val G loss: 0.1663 | total time: 1 hours 1 minutes
Epoch: 75 | G loss: 0.1670 | D loss: 0.0551 | val G loss: 0.1679 | total time: 1 hours 2 minutes
Epoch: 76 | G loss: 0.1684 | D loss: 0.0535 | val G loss: 0.1611 | total time: 1 hours 2 minutes
Epoch: 77 | G loss: 0.1650 | D loss: 0.0560 | val G loss: 0.1627 | total time: 1 hours 3 minutes
Epoch: 78 | G loss: 0.1634 | D loss: 0.0540 | val G loss: 0.1657 | total time: 1 hours 4 minutes
Epoch: 79 | G loss: 0.1655 | D loss: 0.0551 | val G loss: 0.1626 | total time: 1 hours 5 minutes
Epoch: 80 | G loss: 0.1648 | D loss: 0.0500 | val G loss: 0.1621 | total time: 1 hours 6 minutes
Epoch: 81 | G loss: 0.1632 | D loss: 0.0560 | val G loss: 0.1494 | total time: 1 hours 6 minutes
Epoch: 82 | G loss: 0.1645 | D loss: 0.0514 | val G loss: 0.1564 | total time: 1 hours 7 minutes
Epoch: 83 | G loss: 0.1622 | D loss: 0.0530 | val G loss: 0.1560 | total time: 1 hours 8 minutes
Epoch: 84 | G loss: 0.1619 | D loss: 0.0510 | val G loss: 0.1548 | total time: 1 hours 9 minutes
Epoch: 85 | G loss: 0.1595 | D loss: 0.0519 | val G loss: 0.1579 | total time: 1 hours 10 minutes
Epoch: 86 | G loss: 0.1597 | D loss: 0.0548 | val G loss: 0.1539 | total time: 1 hours 11 minutes
Epoch: 87 | G loss: 0.1592 | D loss: 0.0551 | val G loss: 0.1611 | total time: 1 hours 11 minutes
Epoch: 88 | G loss: 0.1589 | D loss: 0.0544 | val G loss: 0.1565 | total time: 1 hours 12 minutes
Epoch: 89 | G loss: 0.1600 | D loss: 0.0542 | val G loss: 0.1592 | total time: 1 hours 13 minutes
Epoch: 90 | G loss: 0.1572 | D loss: 0.0523 | val G loss: 0.1499 | total time: 1 hours 14 minutes
Epoch: 91 | G loss: 0.1590 | D loss: 0.0503 | val G loss: 0.1495 | total time: 1 hours 15 minutes
Epoch: 92 | G loss: 0.1559 | D loss: 0.0534 | val G loss: 0.1552 | total time: 1 hours 15 minutes
Epoch: 93 | G loss: 0.1543 | D loss: 0.0555 | val G loss: 0.1489 | total time: 1 hours 16 minutes
Epoch: 94 | G loss: 0.1559 | D loss: 0.0557 | val G loss: 0.1484 | total time: 1 hours 17 minutes
Epoch: 95 | G loss: 0.1564 | D loss: 0.0543 | val G loss: 0.1462 | total time: 1 hours 18 minutes
Epoch: 96 | G loss: 0.1524 | D loss: 0.0542 | val G loss: 0.1491 | total time: 1 hours 19 minutes
Epoch: 97 | G loss: 0.1534 | D loss: 0.0535 | val G loss: 0.1499 | total time: 1 hours 19 minutes
Epoch: 98 | G loss: 0.1517 | D loss: 0.0545 | val G loss: 0.1467 | total time: 1 hours 20 minutes
Epoch: 99 | G loss: 0.1516 | D loss: 0.0541 | val G loss: 0.1520 | total time: 1 hours 21 minutes
Epoch: 100 | G loss: 0.1514 | D loss: 0.0548 | val G loss: 0.1529 | total time: 1 hours 22 minutes
fold hold04 best_val=0.146171


######## LOOCV fold hold-out phase 05 ########

[spare_mc_p1_loocv_warp_d_hold05] device=cuda | D_mode=warp (in=2) | D_base=32 | lambda_adv=0.05 | d_update_freq=2 | held_out_phases=[4]
[spare_mc_p1_loocv_warp_d_hold05] train 1296 (81 pairs × 16) | val 152 (19 pairs × 8)
Epoch: 1 | G loss: 0.9348 | D loss: 0.0000 | val G loss: 1.0253 | total time: 0 hours 0 minutes
Epoch: 2 | G loss: 0.8963 | D loss: 0.0000 | val G loss: 0.9765 | total time: 0 hours 1 minutes
Epoch: 3 | G loss: 0.7590 | D loss: 0.0000 | val G loss: 0.6864 | total time: 0 hours 2 minutes
Epoch: 4 | G loss: 0.5351 | D loss: 0.0000 | val G loss: 0.5791 | total time: 0 hours 2 minutes
Epoch: 5 | G loss: 0.4655 | D loss: 0.0000 | val G loss: 0.4841 | total time: 0 hours 3 minutes
Epoch: 6 | G loss: 0.4426 | D loss: 0.1185 | val G loss: 0.4392 | total time: 0 hours 4 minutes
Epoch: 7 | G loss: 0.4206 | D loss: 0.1023 | val G loss: 0.4503 | total time: 0 hours 5 minutes
Epoch: 8 | G loss: 0.3939 | D loss: 0.1026 | val G loss: 0.3950 | total time: 0 hours 6 minutes
Epoch: 9 | G loss: 0.3742 | D loss: 0.1021 | val G loss: 0.3663 | total time: 0 hours 6 minutes
Epoch: 10 | G loss: 0.3612 | D loss: 0.0938 | val G loss: 0.3924 | total time: 0 hours 7 minutes
Epoch: 11 | G loss: 0.3458 | D loss: 0.0883 | val G loss: 0.3718 | total time: 0 hours 8 minutes
Epoch: 12 | G loss: 0.3231 | D loss: 0.0860 | val G loss: 0.3712 | total time: 0 hours 9 minutes
Epoch: 13 | G loss: 0.3106 | D loss: 0.0854 | val G loss: 0.3273 | total time: 0 hours 10 minutes
Epoch: 14 | G loss: 0.3072 | D loss: 0.0847 | val G loss: 0.3261 | total time: 0 hours 10 minutes
Epoch: 15 | G loss: 0.2935 | D loss: 0.0816 | val G loss: 0.3412 | total time: 0 hours 11 minutes
Epoch: 16 | G loss: 0.2793 | D loss: 0.0806 | val G loss: 0.3026 | total time: 0 hours 12 minutes
Epoch: 17 | G loss: 0.2797 | D loss: 0.0799 | val G loss: 0.3034 | total time: 0 hours 13 minutes
Epoch: 18 | G loss: 0.2755 | D loss: 0.0780 | val G loss: 0.2859 | total time: 0 hours 14 minutes
Epoch: 19 | G loss: 0.2680 | D loss: 0.0761 | val G loss: 0.3025 | total time: 0 hours 14 minutes
Epoch: 20 | G loss: 0.2641 | D loss: 0.0773 | val G loss: 0.2950 | total time: 0 hours 15 minutes
Epoch: 21 | G loss: 0.2589 | D loss: 0.0747 | val G loss: 0.2726 | total time: 0 hours 16 minutes
Epoch: 22 | G loss: 0.2575 | D loss: 0.0742 | val G loss: 0.2929 | total time: 0 hours 17 minutes
Epoch: 23 | G loss: 0.2527 | D loss: 0.0729 | val G loss: 0.2845 | total time: 0 hours 18 minutes
Epoch: 24 | G loss: 0.2489 | D loss: 0.0721 | val G loss: 0.2872 | total time: 0 hours 19 minutes
Epoch: 25 | G loss: 0.2496 | D loss: 0.0723 | val G loss: 0.2660 | total time: 0 hours 19 minutes
Epoch: 26 | G loss: 0.2416 | D loss: 0.0705 | val G loss: 0.2658 | total time: 0 hours 20 minutes
Epoch: 27 | G loss: 0.2461 | D loss: 0.0724 | val G loss: 0.2556 | total time: 0 hours 21 minutes
Epoch: 28 | G loss: 0.2414 | D loss: 0.0665 | val G loss: 0.2743 | total time: 0 hours 22 minutes
Epoch: 29 | G loss: 0.2437 | D loss: 0.0681 | val G loss: 0.2442 | total time: 0 hours 23 minutes
Epoch: 30 | G loss: 0.2399 | D loss: 0.0674 | val G loss: 0.2610 | total time: 0 hours 23 minutes
Epoch: 31 | G loss: 0.2370 | D loss: 0.0646 | val G loss: 0.2518 | total time: 0 hours 24 minutes
Epoch: 32 | G loss: 0.2336 | D loss: 0.0670 | val G loss: 0.2554 | total time: 0 hours 25 minutes
Epoch: 33 | G loss: 0.2358 | D loss: 0.0629 | val G loss: 0.2490 | total time: 0 hours 26 minutes
Epoch: 34 | G loss: 0.2343 | D loss: 0.0607 | val G loss: 0.2451 | total time: 0 hours 27 minutes
Epoch: 35 | G loss: 0.2298 | D loss: 0.0627 | val G loss: 0.2443 | total time: 0 hours 27 minutes
Epoch: 36 | G loss: 0.2294 | D loss: 0.0627 | val G loss: 0.2635 | total time: 0 hours 28 minutes
Epoch: 37 | G loss: 0.2315 | D loss: 0.0607 | val G loss: 0.2360 | total time: 0 hours 29 minutes
Epoch: 38 | G loss: 0.2276 | D loss: 0.0603 | val G loss: 0.2246 | total time: 0 hours 30 minutes
Epoch: 39 | G loss: 0.2281 | D loss: 0.0584 | val G loss: 0.2639 | total time: 0 hours 31 minutes
Epoch: 40 | G loss: 0.2255 | D loss: 0.0583 | val G loss: 0.2480 | total time: 0 hours 32 minutes
Epoch: 41 | G loss: 0.2199 | D loss: 0.0575 | val G loss: 0.2413 | total time: 0 hours 32 minutes
Epoch: 42 | G loss: 0.2209 | D loss: 0.0616 | val G loss: 0.2331 | total time: 0 hours 33 minutes
Epoch: 43 | G loss: 0.2220 | D loss: 0.0545 | val G loss: 0.2564 | total time: 0 hours 34 minutes
Epoch: 44 | G loss: 0.2189 | D loss: 0.0554 | val G loss: 0.2398 | total time: 0 hours 35 minutes
Epoch: 45 | G loss: 0.2186 | D loss: 0.0585 | val G loss: 0.2522 | total time: 0 hours 36 minutes
Epoch: 46 | G loss: 0.2208 | D loss: 0.0523 | val G loss: 0.2431 | total time: 0 hours 36 minutes
Epoch: 47 | G loss: 0.2145 | D loss: 0.0564 | val G loss: 0.2285 | total time: 0 hours 37 minutes
Epoch: 48 | G loss: 0.2154 | D loss: 0.0546 | val G loss: 0.2399 | total time: 0 hours 38 minutes
Epoch: 49 | G loss: 0.2134 | D loss: 0.0525 | val G loss: 0.2445 | total time: 0 hours 39 minutes
Epoch: 50 | G loss: 0.2096 | D loss: 0.0563 | val G loss: 0.2441 | total time: 0 hours 40 minutes
Epoch: 51 | G loss: 0.2098 | D loss: 0.0512 | val G loss: 0.2242 | total time: 0 hours 40 minutes
Epoch: 52 | G loss: 0.2107 | D loss: 0.0522 | val G loss: 0.2387 | total time: 0 hours 41 minutes
Epoch: 53 | G loss: 0.2029 | D loss: 0.0545 | val G loss: 0.2542 | total time: 0 hours 42 minutes
Epoch: 54 | G loss: 0.2054 | D loss: 0.0529 | val G loss: 0.2367 | total time: 0 hours 43 minutes
Epoch: 55 | G loss: 0.2037 | D loss: 0.0527 | val G loss: 0.2376 | total time: 0 hours 44 minutes
Epoch: 56 | G loss: 0.2030 | D loss: 0.0505 | val G loss: 0.2166 | total time: 0 hours 45 minutes
Epoch: 57 | G loss: 0.1998 | D loss: 0.0534 | val G loss: 0.2427 | total time: 0 hours 45 minutes
Epoch: 58 | G loss: 0.2000 | D loss: 0.0495 | val G loss: 0.2175 | total time: 0 hours 46 minutes
Epoch: 59 | G loss: 0.1983 | D loss: 0.0515 | val G loss: 0.2133 | total time: 0 hours 47 minutes
Epoch: 60 | G loss: 0.1934 | D loss: 0.0535 | val G loss: 0.2233 | total time: 0 hours 48 minutes
Epoch: 61 | G loss: 0.1975 | D loss: 0.0503 | val G loss: 0.2200 | total time: 0 hours 49 minutes
Epoch: 62 | G loss: 0.1929 | D loss: 0.0528 | val G loss: 0.2037 | total time: 0 hours 49 minutes
Epoch: 63 | G loss: 0.1893 | D loss: 0.0537 | val G loss: 0.1965 | total time: 0 hours 50 minutes
Epoch: 64 | G loss: 0.1930 | D loss: 0.0533 | val G loss: 0.2378 | total time: 0 hours 51 minutes
Epoch: 65 | G loss: 0.1874 | D loss: 0.0546 | val G loss: 0.2074 | total time: 0 hours 52 minutes
Epoch: 66 | G loss: 0.1899 | D loss: 0.0498 | val G loss: 0.2164 | total time: 0 hours 53 minutes
Epoch: 67 | G loss: 0.1889 | D loss: 0.0537 | val G loss: 0.2070 | total time: 0 hours 53 minutes
Epoch: 68 | G loss: 0.1825 | D loss: 0.0528 | val G loss: 0.2148 | total time: 0 hours 54 minutes
Epoch: 69 | G loss: 0.1853 | D loss: 0.0482 | val G loss: 0.1991 | total time: 0 hours 55 minutes
Epoch: 70 | G loss: 0.1858 | D loss: 0.0503 | val G loss: 0.2218 | total time: 0 hours 56 minutes
Epoch: 71 | G loss: 0.1840 | D loss: 0.0493 | val G loss: 0.2039 | total time: 0 hours 57 minutes
Epoch: 72 | G loss: 0.1827 | D loss: 0.0528 | val G loss: 0.2303 | total time: 0 hours 58 minutes
Epoch: 73 | G loss: 0.1802 | D loss: 0.0529 | val G loss: 0.2155 | total time: 0 hours 58 minutes
Epoch: 74 | G loss: 0.1805 | D loss: 0.0515 | val G loss: 0.2270 | total time: 0 hours 59 minutes
Epoch: 75 | G loss: 0.1796 | D loss: 0.0479 | val G loss: 0.2048 | total time: 1 hours 0 minutes
Epoch: 76 | G loss: 0.1795 | D loss: 0.0525 | val G loss: 0.1952 | total time: 1 hours 1 minutes
Epoch: 77 | G loss: 0.1776 | D loss: 0.0516 | val G loss: 0.2091 | total time: 1 hours 2 minutes
Epoch: 78 | G loss: 0.1786 | D loss: 0.0499 | val G loss: 0.2033 | total time: 1 hours 2 minutes
Epoch: 79 | G loss: 0.1776 | D loss: 0.0518 | val G loss: 0.1931 | total time: 1 hours 3 minutes
Epoch: 80 | G loss: 0.1762 | D loss: 0.0532 | val G loss: 0.2045 | total time: 1 hours 4 minutes
Epoch: 81 | G loss: 0.1752 | D loss: 0.0528 | val G loss: 0.1933 | total time: 1 hours 5 minutes
Epoch: 82 | G loss: 0.1754 | D loss: 0.0495 | val G loss: 0.1971 | total time: 1 hours 6 minutes
Epoch: 83 | G loss: 0.1738 | D loss: 0.0495 | val G loss: 0.1998 | total time: 1 hours 6 minutes
Epoch: 84 | G loss: 0.1743 | D loss: 0.0498 | val G loss: 0.1861 | total time: 1 hours 7 minutes
Epoch: 85 | G loss: 0.1735 | D loss: 0.0514 | val G loss: 0.1890 | total time: 1 hours 8 minutes
Epoch: 86 | G loss: 0.1722 | D loss: 0.0501 | val G loss: 0.1978 | total time: 1 hours 9 minutes
Epoch: 87 | G loss: 0.1731 | D loss: 0.0513 | val G loss: 0.1999 | total time: 1 hours 10 minutes
Epoch: 88 | G loss: 0.1690 | D loss: 0.0500 | val G loss: 0.2069 | total time: 1 hours 11 minutes
Epoch: 89 | G loss: 0.1689 | D loss: 0.0531 | val G loss: 0.1964 | total time: 1 hours 11 minutes
Epoch: 90 | G loss: 0.1693 | D loss: 0.0496 | val G loss: 0.2195 | total time: 1 hours 12 minutes
Epoch: 91 | G loss: 0.1704 | D loss: 0.0506 | val G loss: 0.1860 | total time: 1 hours 13 minutes
Epoch: 92 | G loss: 0.1697 | D loss: 0.0511 | val G loss: 0.2016 | total time: 1 hours 14 minutes
Epoch: 93 | G loss: 0.1662 | D loss: 0.0511 | val G loss: 0.2105 | total time: 1 hours 15 minutes
Epoch: 94 | G loss: 0.1700 | D loss: 0.0498 | val G loss: 0.2130 | total time: 1 hours 15 minutes
Epoch: 95 | G loss: 0.1653 | D loss: 0.0540 | val G loss: 0.1964 | total time: 1 hours 16 minutes
Epoch: 96 | G loss: 0.1660 | D loss: 0.0501 | val G loss: 0.2152 | total time: 1 hours 17 minutes
Epoch: 97 | G loss: 0.1667 | D loss: 0.0505 | val G loss: 0.2045 | total time: 1 hours 18 minutes
Epoch: 98 | G loss: 0.1673 | D loss: 0.0478 | val G loss: 0.1903 | total time: 1 hours 19 minutes
Epoch: 99 | G loss: 0.1648 | D loss: 0.0528 | val G loss: 0.2007 | total time: 1 hours 20 minutes
Epoch: 100 | G loss: 0.1638 | D loss: 0.0524 | val G loss: 0.1990 | total time: 1 hours 20 minutes
fold hold05 best_val=0.186006


######## LOOCV fold hold-out phase 06 ########

[spare_mc_p1_loocv_warp_d_hold06] device=cuda | D_mode=warp (in=2) | D_base=32 | lambda_adv=0.05 | d_update_freq=2 | held_out_phases=[5]
[spare_mc_p1_loocv_warp_d_hold06] train 1296 (81 pairs × 16) | val 152 (19 pairs × 8)
Epoch: 1 | G loss: 0.9364 | D loss: 0.0000 | val G loss: 1.0935 | total time: 0 hours 0 minutes
Epoch: 2 | G loss: 0.8623 | D loss: 0.0000 | val G loss: 1.0756 | total time: 0 hours 1 minutes
Epoch: 3 | G loss: 0.8318 | D loss: 0.0000 | val G loss: 0.9638 | total time: 0 hours 2 minutes
Epoch: 4 | G loss: 0.6463 | D loss: 0.0000 | val G loss: 0.7242 | total time: 0 hours 2 minutes
Epoch: 5 | G loss: 0.5209 | D loss: 0.0000 | val G loss: 0.6203 | total time: 0 hours 3 minutes
Epoch: 6 | G loss: 0.4788 | D loss: 0.1215 | val G loss: 0.5381 | total time: 0 hours 4 minutes
Epoch: 7 | G loss: 0.4394 | D loss: 0.1029 | val G loss: 0.5110 | total time: 0 hours 5 minutes
Epoch: 8 | G loss: 0.4035 | D loss: 0.1030 | val G loss: 0.4620 | total time: 0 hours 6 minutes
Epoch: 9 | G loss: 0.3754 | D loss: 0.1025 | val G loss: 0.4600 | total time: 0 hours 6 minutes
Epoch: 10 | G loss: 0.3637 | D loss: 0.1029 | val G loss: 0.4119 | total time: 0 hours 7 minutes
Epoch: 11 | G loss: 0.3431 | D loss: 0.0970 | val G loss: 0.4126 | total time: 0 hours 8 minutes
Epoch: 12 | G loss: 0.3328 | D loss: 0.0860 | val G loss: 0.3913 | total time: 0 hours 9 minutes
Epoch: 13 | G loss: 0.3189 | D loss: 0.0828 | val G loss: 0.4206 | total time: 0 hours 10 minutes
Epoch: 14 | G loss: 0.3084 | D loss: 0.0848 | val G loss: 0.3945 | total time: 0 hours 10 minutes
Epoch: 15 | G loss: 0.3034 | D loss: 0.0828 | val G loss: 0.4038 | total time: 0 hours 11 minutes
Epoch: 16 | G loss: 0.2951 | D loss: 0.0810 | val G loss: 0.3665 | total time: 0 hours 12 minutes
Epoch: 17 | G loss: 0.2861 | D loss: 0.0813 | val G loss: 0.3544 | total time: 0 hours 13 minutes
Epoch: 18 | G loss: 0.2777 | D loss: 0.0806 | val G loss: 0.3654 | total time: 0 hours 14 minutes
Epoch: 19 | G loss: 0.2712 | D loss: 0.0781 | val G loss: 0.3510 | total time: 0 hours 14 minutes
Epoch: 20 | G loss: 0.2672 | D loss: 0.0743 | val G loss: 0.3310 | total time: 0 hours 15 minutes
Epoch: 21 | G loss: 0.2612 | D loss: 0.0754 | val G loss: 0.3452 | total time: 0 hours 16 minutes
Epoch: 22 | G loss: 0.2617 | D loss: 0.0751 | val G loss: 0.3034 | total time: 0 hours 17 minutes
Epoch: 23 | G loss: 0.2559 | D loss: 0.0739 | val G loss: 0.3125 | total time: 0 hours 18 minutes
Epoch: 24 | G loss: 0.2438 | D loss: 0.0728 | val G loss: 0.3265 | total time: 0 hours 19 minutes
Epoch: 25 | G loss: 0.2446 | D loss: 0.0729 | val G loss: 0.2991 | total time: 0 hours 19 minutes
Epoch: 26 | G loss: 0.2447 | D loss: 0.0681 | val G loss: 0.3002 | total time: 0 hours 20 minutes
Epoch: 27 | G loss: 0.2396 | D loss: 0.0690 | val G loss: 0.2885 | total time: 0 hours 21 minutes
Epoch: 28 | G loss: 0.2364 | D loss: 0.0696 | val G loss: 0.2918 | total time: 0 hours 22 minutes
Epoch: 29 | G loss: 0.2304 | D loss: 0.0665 | val G loss: 0.2815 | total time: 0 hours 23 minutes
Epoch: 30 | G loss: 0.2301 | D loss: 0.0667 | val G loss: 0.3116 | total time: 0 hours 23 minutes
Epoch: 31 | G loss: 0.2291 | D loss: 0.0652 | val G loss: 0.2795 | total time: 0 hours 24 minutes
Epoch: 32 | G loss: 0.2220 | D loss: 0.0659 | val G loss: 0.2787 | total time: 0 hours 25 minutes
Epoch: 33 | G loss: 0.2213 | D loss: 0.0620 | val G loss: 0.2795 | total time: 0 hours 26 minutes
Epoch: 34 | G loss: 0.2160 | D loss: 0.0654 | val G loss: 0.2802 | total time: 0 hours 27 minutes
Epoch: 35 | G loss: 0.2152 | D loss: 0.0657 | val G loss: 0.2838 | total time: 0 hours 28 minutes
Epoch: 36 | G loss: 0.2154 | D loss: 0.0645 | val G loss: 0.2570 | total time: 0 hours 28 minutes
Epoch: 37 | G loss: 0.2115 | D loss: 0.0630 | val G loss: 0.2699 | total time: 0 hours 29 minutes
Epoch: 38 | G loss: 0.2113 | D loss: 0.0618 | val G loss: 0.2751 | total time: 0 hours 30 minutes
Epoch: 39 | G loss: 0.2085 | D loss: 0.0621 | val G loss: 0.2640 | total time: 0 hours 31 minutes
Epoch: 40 | G loss: 0.2039 | D loss: 0.0610 | val G loss: 0.2650 | total time: 0 hours 32 minutes
Epoch: 41 | G loss: 0.2047 | D loss: 0.0641 | val G loss: 0.2574 | total time: 0 hours 32 minutes
Epoch: 42 | G loss: 0.2001 | D loss: 0.0616 | val G loss: 0.2518 | total time: 0 hours 33 minutes
Epoch: 43 | G loss: 0.1994 | D loss: 0.0614 | val G loss: 0.2620 | total time: 0 hours 34 minutes
Epoch: 44 | G loss: 0.2000 | D loss: 0.0571 | val G loss: 0.2599 | total time: 0 hours 35 minutes
Epoch: 45 | G loss: 0.1950 | D loss: 0.0596 | val G loss: 0.2618 | total time: 0 hours 36 minutes
Epoch: 46 | G loss: 0.1942 | D loss: 0.0585 | val G loss: 0.2538 | total time: 0 hours 37 minutes
Epoch: 47 | G loss: 0.1919 | D loss: 0.0595 | val G loss: 0.2376 | total time: 0 hours 37 minutes
Epoch: 48 | G loss: 0.1886 | D loss: 0.0604 | val G loss: 0.2526 | total time: 0 hours 38 minutes
Epoch: 49 | G loss: 0.1924 | D loss: 0.0535 | val G loss: 0.2551 | total time: 0 hours 39 minutes
Epoch: 50 | G loss: 0.1910 | D loss: 0.0570 | val G loss: 0.2536 | total time: 0 hours 40 minutes
Epoch: 51 | G loss: 0.1912 | D loss: 0.0547 | val G loss: 0.2445 | total time: 0 hours 41 minutes
Epoch: 52 | G loss: 0.1856 | D loss: 0.0574 | val G loss: 0.2411 | total time: 0 hours 41 minutes
Epoch: 53 | G loss: 0.1855 | D loss: 0.0583 | val G loss: 0.2499 | total time: 0 hours 42 minutes
Epoch: 54 | G loss: 0.1872 | D loss: 0.0581 | val G loss: 0.2558 | total time: 0 hours 43 minutes
Epoch: 55 | G loss: 0.1815 | D loss: 0.0561 | val G loss: 0.2423 | total time: 0 hours 44 minutes
Epoch: 56 | G loss: 0.1821 | D loss: 0.0556 | val G loss: 0.2350 | total time: 0 hours 45 minutes
Epoch: 57 | G loss: 0.1817 | D loss: 0.0565 | val G loss: 0.2225 | total time: 0 hours 46 minutes
Epoch: 58 | G loss: 0.1778 | D loss: 0.0599 | val G loss: 0.2443 | total time: 0 hours 46 minutes
Epoch: 59 | G loss: 0.1787 | D loss: 0.0574 | val G loss: 0.2419 | total time: 0 hours 47 minutes
Epoch: 60 | G loss: 0.1774 | D loss: 0.0544 | val G loss: 0.2463 | total time: 0 hours 48 minutes
Epoch: 61 | G loss: 0.1751 | D loss: 0.0563 | val G loss: 0.2289 | total time: 0 hours 49 minutes
Epoch: 62 | G loss: 0.1814 | D loss: 0.0531 | val G loss: 0.2606 | total time: 0 hours 50 minutes
Epoch: 63 | G loss: 0.1731 | D loss: 0.0574 | val G loss: 0.2263 | total time: 0 hours 50 minutes
Epoch: 64 | G loss: 0.1734 | D loss: 0.0578 | val G loss: 0.2424 | total time: 0 hours 51 minutes
Epoch: 65 | G loss: 0.1743 | D loss: 0.0534 | val G loss: 0.2304 | total time: 0 hours 52 minutes
Epoch: 66 | G loss: 0.1718 | D loss: 0.0585 | val G loss: 0.2380 | total time: 0 hours 53 minutes
Epoch: 67 | G loss: 0.1735 | D loss: 0.0546 | val G loss: 0.2414 | total time: 0 hours 54 minutes
Epoch: 68 | G loss: 0.1722 | D loss: 0.0530 | val G loss: 0.2338 | total time: 0 hours 54 minutes
Epoch: 69 | G loss: 0.1689 | D loss: 0.0538 | val G loss: 0.2338 | total time: 0 hours 55 minutes
Epoch: 70 | G loss: 0.1715 | D loss: 0.0561 | val G loss: 0.2311 | total time: 0 hours 56 minutes
Epoch: 71 | G loss: 0.1666 | D loss: 0.0529 | val G loss: 0.2291 | total time: 0 hours 57 minutes
Epoch: 72 | G loss: 0.1665 | D loss: 0.0575 | val G loss: 0.2245 | total time: 0 hours 58 minutes
Epoch: 73 | G loss: 0.1656 | D loss: 0.0540 | val G loss: 0.2382 | total time: 0 hours 59 minutes
Epoch: 74 | G loss: 0.1647 | D loss: 0.0568 | val G loss: 0.2372 | total time: 0 hours 59 minutes
Epoch: 75 | G loss: 0.1647 | D loss: 0.0543 | val G loss: 0.2194 | total time: 1 hours 0 minutes
Epoch: 76 | G loss: 0.1642 | D loss: 0.0526 | val G loss: 0.2340 | total time: 1 hours 1 minutes
Epoch: 77 | G loss: 0.1642 | D loss: 0.0566 | val G loss: 0.2329 | total time: 1 hours 2 minutes
Epoch: 78 | G loss: 0.1657 | D loss: 0.0516 | val G loss: 0.2219 | total time: 1 hours 3 minutes
Epoch: 79 | G loss: 0.1606 | D loss: 0.0510 | val G loss: 0.2383 | total time: 1 hours 3 minutes
Epoch: 80 | G loss: 0.1622 | D loss: 0.0541 | val G loss: 0.2319 | total time: 1 hours 4 minutes
Epoch: 81 | G loss: 0.1635 | D loss: 0.0513 | val G loss: 0.2369 | total time: 1 hours 5 minutes
Epoch: 82 | G loss: 0.1618 | D loss: 0.0539 | val G loss: 0.2429 | total time: 1 hours 6 minutes
Epoch: 83 | G loss: 0.1600 | D loss: 0.0558 | val G loss: 0.2210 | total time: 1 hours 7 minutes
Epoch: 84 | G loss: 0.1584 | D loss: 0.0540 | val G loss: 0.2377 | total time: 1 hours 8 minutes
Epoch: 85 | G loss: 0.1598 | D loss: 0.0532 | val G loss: 0.2234 | total time: 1 hours 9 minutes
Epoch: 86 | G loss: 0.1561 | D loss: 0.0556 | val G loss: 0.2106 | total time: 1 hours 9 minutes
Epoch: 87 | G loss: 0.1572 | D loss: 0.0547 | val G loss: 0.2149 | total time: 1 hours 10 minutes
Epoch: 88 | G loss: 0.1584 | D loss: 0.0512 | val G loss: 0.2329 | total time: 1 hours 11 minutes
Epoch: 89 | G loss: 0.1567 | D loss: 0.0543 | val G loss: 0.2217 | total time: 1 hours 12 minutes
Epoch: 90 | G loss: 0.1556 | D loss: 0.0549 | val G loss: 0.2216 | total time: 1 hours 13 minutes
Epoch: 91 | G loss: 0.1531 | D loss: 0.0541 | val G loss: 0.2184 | total time: 1 hours 14 minutes
Epoch: 92 | G loss: 0.1542 | D loss: 0.0538 | val G loss: 0.2180 | total time: 1 hours 15 minutes
Epoch: 93 | G loss: 0.1549 | D loss: 0.0522 | val G loss: 0.2199 | total time: 1 hours 15 minutes
Epoch: 94 | G loss: 0.1521 | D loss: 0.0535 | val G loss: 0.2276 | total time: 1 hours 16 minutes
Epoch: 95 | G loss: 0.1480 | D loss: 0.0579 | val G loss: 0.2266 | total time: 1 hours 17 minutes
Epoch: 96 | G loss: 0.1509 | D loss: 0.0568 | val G loss: 0.2233 | total time: 1 hours 18 minutes
Epoch: 97 | G loss: 0.1512 | D loss: 0.0545 | val G loss: 0.2267 | total time: 1 hours 19 minutes
Epoch: 98 | G loss: 0.1500 | D loss: 0.0565 | val G loss: 0.2257 | total time: 1 hours 20 minutes
Epoch: 99 | G loss: 0.1502 | D loss: 0.0542 | val G loss: 0.2115 | total time: 1 hours 21 minutes
Epoch: 100 | G loss: 0.1498 | D loss: 0.0541 | val G loss: 0.2158 | total time: 1 hours 21 minutes
fold hold06 best_val=0.210626


######## LOOCV fold hold-out phase 07 ########

[spare_mc_p1_loocv_warp_d_hold07] device=cuda | D_mode=warp (in=2) | D_base=32 | lambda_adv=0.05 | d_update_freq=2 | held_out_phases=[6]
[spare_mc_p1_loocv_warp_d_hold07] train 1296 (81 pairs × 16) | val 152 (19 pairs × 8)
Epoch: 1 | G loss: 0.9533 | D loss: 0.0000 | val G loss: 0.9147 | total time: 0 hours 0 minutes
Epoch: 2 | G loss: 0.9276 | D loss: 0.0000 | val G loss: 0.9114 | total time: 0 hours 1 minutes
Epoch: 3 | G loss: 0.8848 | D loss: 0.0000 | val G loss: 0.7447 | total time: 0 hours 2 minutes
Epoch: 4 | G loss: 0.6164 | D loss: 0.0000 | val G loss: 0.6530 | total time: 0 hours 3 minutes
Epoch: 5 | G loss: 0.4868 | D loss: 0.0000 | val G loss: 0.5776 | total time: 0 hours 3 minutes
Epoch: 6 | G loss: 0.4446 | D loss: 0.1188 | val G loss: 0.5501 | total time: 0 hours 4 minutes
Epoch: 7 | G loss: 0.3971 | D loss: 0.1043 | val G loss: 0.5155 | total time: 0 hours 5 minutes
Epoch: 8 | G loss: 0.3664 | D loss: 0.1042 | val G loss: 0.5027 | total time: 0 hours 6 minutes
Epoch: 9 | G loss: 0.3521 | D loss: 0.1021 | val G loss: 0.4808 | total time: 0 hours 7 minutes
Epoch: 10 | G loss: 0.3318 | D loss: 0.0871 | val G loss: 0.4541 | total time: 0 hours 8 minutes
Epoch: 11 | G loss: 0.3210 | D loss: 0.0827 | val G loss: 0.4422 | total time: 0 hours 8 minutes
Epoch: 12 | G loss: 0.3007 | D loss: 0.0816 | val G loss: 0.4048 | total time: 0 hours 9 minutes
Epoch: 13 | G loss: 0.2815 | D loss: 0.0820 | val G loss: 0.3958 | total time: 0 hours 10 minutes
Epoch: 14 | G loss: 0.2680 | D loss: 0.0813 | val G loss: 0.3766 | total time: 0 hours 11 minutes
Epoch: 15 | G loss: 0.2624 | D loss: 0.0801 | val G loss: 0.3779 | total time: 0 hours 12 minutes
Epoch: 16 | G loss: 0.2502 | D loss: 0.0799 | val G loss: 0.3614 | total time: 0 hours 13 minutes
Epoch: 17 | G loss: 0.2424 | D loss: 0.0802 | val G loss: 0.3583 | total time: 0 hours 13 minutes
Epoch: 18 | G loss: 0.2434 | D loss: 0.0791 | val G loss: 0.3647 | total time: 0 hours 14 minutes
Epoch: 19 | G loss: 0.2368 | D loss: 0.0746 | val G loss: 0.3544 | total time: 0 hours 15 minutes
Epoch: 20 | G loss: 0.2358 | D loss: 0.0734 | val G loss: 0.3575 | total time: 0 hours 16 minutes
Epoch: 21 | G loss: 0.2309 | D loss: 0.0752 | val G loss: 0.3510 | total time: 0 hours 17 minutes
Epoch: 22 | G loss: 0.2221 | D loss: 0.0761 | val G loss: 0.3429 | total time: 0 hours 17 minutes
Epoch: 23 | G loss: 0.2206 | D loss: 0.0722 | val G loss: 0.3444 | total time: 0 hours 18 minutes
Epoch: 24 | G loss: 0.2177 | D loss: 0.0719 | val G loss: 0.3381 | total time: 0 hours 19 minutes
Epoch: 25 | G loss: 0.2213 | D loss: 0.0712 | val G loss: 0.3301 | total time: 0 hours 20 minutes
Epoch: 26 | G loss: 0.2192 | D loss: 0.0683 | val G loss: 0.3369 | total time: 0 hours 21 minutes
Epoch: 27 | G loss: 0.2144 | D loss: 0.0684 | val G loss: 0.3344 | total time: 0 hours 21 minutes
Epoch: 28 | G loss: 0.2149 | D loss: 0.0642 | val G loss: 0.3382 | total time: 0 hours 22 minutes
Epoch: 29 | G loss: 0.2140 | D loss: 0.0653 | val G loss: 0.3336 | total time: 0 hours 23 minutes
Epoch: 30 | G loss: 0.2096 | D loss: 0.0646 | val G loss: 0.3407 | total time: 0 hours 24 minutes
Epoch: 31 | G loss: 0.2079 | D loss: 0.0639 | val G loss: 0.3231 | total time: 0 hours 25 minutes
Epoch: 32 | G loss: 0.2101 | D loss: 0.0605 | val G loss: 0.3386 | total time: 0 hours 25 minutes
Epoch: 33 | G loss: 0.2053 | D loss: 0.0612 | val G loss: 0.3230 | total time: 0 hours 26 minutes
Epoch: 34 | G loss: 0.2086 | D loss: 0.0601 | val G loss: 0.3289 | total time: 0 hours 27 minutes
Epoch: 35 | G loss: 0.2028 | D loss: 0.0606 | val G loss: 0.3234 | total time: 0 hours 28 minutes
Epoch: 36 | G loss: 0.2022 | D loss: 0.0576 | val G loss: 0.3277 | total time: 0 hours 29 minutes
Epoch: 37 | G loss: 0.2029 | D loss: 0.0581 | val G loss: 0.3216 | total time: 0 hours 30 minutes
Epoch: 38 | G loss: 0.2012 | D loss: 0.0600 | val G loss: 0.3194 | total time: 0 hours 30 minutes
Epoch: 39 | G loss: 0.2011 | D loss: 0.0542 | val G loss: 0.3193 | total time: 0 hours 31 minutes
Epoch: 40 | G loss: 0.1975 | D loss: 0.0564 | val G loss: 0.3223 | total time: 0 hours 32 minutes
Epoch: 41 | G loss: 0.1975 | D loss: 0.0547 | val G loss: 0.3204 | total time: 0 hours 33 minutes
Epoch: 42 | G loss: 0.1920 | D loss: 0.0549 | val G loss: 0.3255 | total time: 0 hours 34 minutes
Epoch: 43 | G loss: 0.1974 | D loss: 0.0535 | val G loss: 0.3216 | total time: 0 hours 34 minutes
Epoch: 44 | G loss: 0.1921 | D loss: 0.0527 | val G loss: 0.3118 | total time: 0 hours 35 minutes
Epoch: 45 | G loss: 0.1916 | D loss: 0.0534 | val G loss: 0.3177 | total time: 0 hours 36 minutes
Epoch: 46 | G loss: 0.1883 | D loss: 0.0543 | val G loss: 0.3082 | total time: 0 hours 37 minutes
Epoch: 47 | G loss: 0.1894 | D loss: 0.0523 | val G loss: 0.2983 | total time: 0 hours 38 minutes
Epoch: 48 | G loss: 0.1909 | D loss: 0.0547 | val G loss: 0.3145 | total time: 0 hours 38 minutes
Epoch: 49 | G loss: 0.1873 | D loss: 0.0507 | val G loss: 0.3032 | total time: 0 hours 39 minutes
Epoch: 50 | G loss: 0.1827 | D loss: 0.0567 | val G loss: 0.3042 | total time: 0 hours 40 minutes
Epoch: 51 | G loss: 0.1823 | D loss: 0.0509 | val G loss: 0.3039 | total time: 0 hours 41 minutes
Epoch: 52 | G loss: 0.1804 | D loss: 0.0511 | val G loss: 0.3013 | total time: 0 hours 42 minutes
Epoch: 53 | G loss: 0.1856 | D loss: 0.0525 | val G loss: 0.3089 | total time: 0 hours 43 minutes
Epoch: 54 | G loss: 0.1849 | D loss: 0.0494 | val G loss: 0.2937 | total time: 0 hours 43 minutes
Epoch: 55 | G loss: 0.1819 | D loss: 0.0529 | val G loss: 0.2983 | total time: 0 hours 44 minutes
Epoch: 56 | G loss: 0.1818 | D loss: 0.0506 | val G loss: 0.2961 | total time: 0 hours 45 minutes
Epoch: 57 | G loss: 0.1772 | D loss: 0.0531 | val G loss: 0.2826 | total time: 0 hours 46 minutes
Epoch: 58 | G loss: 0.1767 | D loss: 0.0476 | val G loss: 0.2961 | total time: 0 hours 47 minutes
Epoch: 59 | G loss: 0.1760 | D loss: 0.0500 | val G loss: 0.2895 | total time: 0 hours 47 minutes
Epoch: 60 | G loss: 0.1743 | D loss: 0.0526 | val G loss: 0.3073 | total time: 0 hours 48 minutes
Epoch: 61 | G loss: 0.1751 | D loss: 0.0496 | val G loss: 0.2835 | total time: 0 hours 49 minutes
Epoch: 62 | G loss: 0.1769 | D loss: 0.0514 | val G loss: 0.2867 | total time: 0 hours 50 minutes
Epoch: 63 | G loss: 0.1707 | D loss: 0.0533 | val G loss: 0.2949 | total time: 0 hours 51 minutes
Epoch: 64 | G loss: 0.1720 | D loss: 0.0475 | val G loss: 0.2778 | total time: 0 hours 52 minutes
Epoch: 65 | G loss: 0.1705 | D loss: 0.0500 | val G loss: 0.2948 | total time: 0 hours 52 minutes
Epoch: 66 | G loss: 0.1675 | D loss: 0.0514 | val G loss: 0.2946 | total time: 0 hours 53 minutes
Epoch: 67 | G loss: 0.1672 | D loss: 0.0529 | val G loss: 0.2775 | total time: 0 hours 54 minutes
Epoch: 68 | G loss: 0.1660 | D loss: 0.0510 | val G loss: 0.2837 | total time: 0 hours 55 minutes
Epoch: 69 | G loss: 0.1646 | D loss: 0.0513 | val G loss: 0.2797 | total time: 0 hours 56 minutes
Epoch: 70 | G loss: 0.1676 | D loss: 0.0492 | val G loss: 0.2756 | total time: 0 hours 56 minutes
Epoch: 71 | G loss: 0.1646 | D loss: 0.0541 | val G loss: 0.2762 | total time: 0 hours 57 minutes
Epoch: 72 | G loss: 0.1655 | D loss: 0.0493 | val G loss: 0.2782 | total time: 0 hours 58 minutes
Epoch: 73 | G loss: 0.1618 | D loss: 0.0517 | val G loss: 0.2811 | total time: 0 hours 59 minutes
Epoch: 74 | G loss: 0.1615 | D loss: 0.0521 | val G loss: 0.2793 | total time: 1 hours 0 minutes
Epoch: 75 | G loss: 0.1639 | D loss: 0.0515 | val G loss: 0.2771 | total time: 1 hours 0 minutes
Epoch: 76 | G loss: 0.1621 | D loss: 0.0535 | val G loss: 0.2811 | total time: 1 hours 1 minutes
Epoch: 77 | G loss: 0.1580 | D loss: 0.0530 | val G loss: 0.2856 | total time: 1 hours 2 minutes
Epoch: 78 | G loss: 0.1586 | D loss: 0.0530 | val G loss: 0.2799 | total time: 1 hours 3 minutes
Epoch: 79 | G loss: 0.1589 | D loss: 0.0503 | val G loss: 0.2776 | total time: 1 hours 4 minutes
Epoch: 80 | G loss: 0.1584 | D loss: 0.0508 | val G loss: 0.2780 | total time: 1 hours 5 minutes
Epoch: 81 | G loss: 0.1591 | D loss: 0.0541 | val G loss: 0.2859 | total time: 1 hours 5 minutes
Epoch: 82 | G loss: 0.1575 | D loss: 0.0503 | val G loss: 0.2820 | total time: 1 hours 6 minutes
Epoch: 83 | G loss: 0.1552 | D loss: 0.0499 | val G loss: 0.2867 | total time: 1 hours 7 minutes
Epoch: 84 | G loss: 0.1557 | D loss: 0.0528 | val G loss: 0.2766 | total time: 1 hours 8 minutes
Epoch: 85 | G loss: 0.1546 | D loss: 0.0544 | val G loss: 0.2716 | total time: 1 hours 9 minutes
Epoch: 86 | G loss: 0.1535 | D loss: 0.0543 | val G loss: 0.2719 | total time: 1 hours 9 minutes
Epoch: 87 | G loss: 0.1556 | D loss: 0.0509 | val G loss: 0.2761 | total time: 1 hours 10 minutes
Epoch: 88 | G loss: 0.1528 | D loss: 0.0520 | val G loss: 0.2774 | total time: 1 hours 11 minutes
Epoch: 89 | G loss: 0.1519 | D loss: 0.0511 | val G loss: 0.2824 | total time: 1 hours 12 minutes
Epoch: 90 | G loss: 0.1519 | D loss: 0.0529 | val G loss: 0.2849 | total time: 1 hours 13 minutes
Epoch: 91 | G loss: 0.1516 | D loss: 0.0522 | val G loss: 0.2736 | total time: 1 hours 13 minutes
Epoch: 92 | G loss: 0.1536 | D loss: 0.0495 | val G loss: 0.2787 | total time: 1 hours 14 minutes
Epoch: 93 | G loss: 0.1531 | D loss: 0.0524 | val G loss: 0.2831 | total time: 1 hours 15 minutes
Epoch: 94 | G loss: 0.1501 | D loss: 0.0542 | val G loss: 0.2727 | total time: 1 hours 16 minutes
Epoch: 95 | G loss: 0.1499 | D loss: 0.0525 | val G loss: 0.2607 | total time: 1 hours 17 minutes
Epoch: 96 | G loss: 0.1498 | D loss: 0.0509 | val G loss: 0.2671 | total time: 1 hours 18 minutes
Epoch: 97 | G loss: 0.1484 | D loss: 0.0521 | val G loss: 0.2677 | total time: 1 hours 18 minutes
Epoch: 98 | G loss: 0.1498 | D loss: 0.0508 | val G loss: 0.2768 | total time: 1 hours 19 minutes
Epoch: 99 | G loss: 0.1477 | D loss: 0.0548 | val G loss: 0.2703 | total time: 1 hours 20 minutes
Epoch: 100 | G loss: 0.1465 | D loss: 0.0543 | val G loss: 0.2732 | total time: 1 hours 21 minutes
fold hold07 best_val=0.260704


######## LOOCV fold hold-out phase 08 ########

[spare_mc_p1_loocv_warp_d_hold08] device=cuda | D_mode=warp (in=2) | D_base=32 | lambda_adv=0.05 | d_update_freq=2 | held_out_phases=[7]
[spare_mc_p1_loocv_warp_d_hold08] train 1296 (81 pairs × 16) | val 152 (19 pairs × 8)
Epoch: 1 | G loss: 0.9709 | D loss: 0.0000 | val G loss: 0.8321 | total time: 0 hours 0 minutes
Epoch: 2 | G loss: 0.9489 | D loss: 0.0000 | val G loss: 0.8019 | total time: 0 hours 1 minutes
Epoch: 3 | G loss: 0.7098 | D loss: 0.0000 | val G loss: 0.6616 | total time: 0 hours 2 minutes
Epoch: 4 | G loss: 0.5374 | D loss: 0.0000 | val G loss: 0.6262 | total time: 0 hours 2 minutes
Epoch: 5 | G loss: 0.4737 | D loss: 0.0000 | val G loss: 0.5684 | total time: 0 hours 3 minutes
Epoch: 6 | G loss: 0.4544 | D loss: 0.1200 | val G loss: 0.5393 | total time: 0 hours 4 minutes
Epoch: 7 | G loss: 0.4217 | D loss: 0.1042 | val G loss: 0.5293 | total time: 0 hours 5 minutes
Epoch: 8 | G loss: 0.3974 | D loss: 0.1059 | val G loss: 0.5049 | total time: 0 hours 6 minutes
Epoch: 9 | G loss: 0.3784 | D loss: 0.1018 | val G loss: 0.5140 | total time: 0 hours 6 minutes
Epoch: 10 | G loss: 0.3599 | D loss: 0.0950 | val G loss: 0.4452 | total time: 0 hours 7 minutes
Epoch: 11 | G loss: 0.3522 | D loss: 0.0913 | val G loss: 0.4217 | total time: 0 hours 8 minutes
Epoch: 12 | G loss: 0.3453 | D loss: 0.0813 | val G loss: 0.4357 | total time: 0 hours 9 minutes
Epoch: 13 | G loss: 0.3233 | D loss: 0.0798 | val G loss: 0.4037 | total time: 0 hours 10 minutes
Epoch: 14 | G loss: 0.3165 | D loss: 0.0780 | val G loss: 0.4283 | total time: 0 hours 10 minutes
Epoch: 15 | G loss: 0.3031 | D loss: 0.0795 | val G loss: 0.3947 | total time: 0 hours 11 minutes
Epoch: 16 | G loss: 0.2972 | D loss: 0.0770 | val G loss: 0.3576 | total time: 0 hours 12 minutes
Epoch: 17 | G loss: 0.2866 | D loss: 0.0783 | val G loss: 0.3539 | total time: 0 hours 13 minutes
Epoch: 18 | G loss: 0.2825 | D loss: 0.0741 | val G loss: 0.3628 | total time: 0 hours 14 minutes
Epoch: 19 | G loss: 0.2727 | D loss: 0.0788 | val G loss: 0.3684 | total time: 0 hours 14 minutes
Epoch: 20 | G loss: 0.2686 | D loss: 0.0732 | val G loss: 0.3358 | total time: 0 hours 15 minutes
Epoch: 21 | G loss: 0.2669 | D loss: 0.0734 | val G loss: 0.3352 | total time: 0 hours 16 minutes
Epoch: 22 | G loss: 0.2569 | D loss: 0.0743 | val G loss: 0.3970 | total time: 0 hours 17 minutes
Epoch: 23 | G loss: 0.2601 | D loss: 0.0716 | val G loss: 0.3327 | total time: 0 hours 18 minutes
Epoch: 24 | G loss: 0.2505 | D loss: 0.0698 | val G loss: 0.3241 | total time: 0 hours 19 minutes
Epoch: 25 | G loss: 0.2463 | D loss: 0.0694 | val G loss: 0.3217 | total time: 0 hours 19 minutes
Epoch: 26 | G loss: 0.2440 | D loss: 0.0680 | val G loss: 0.3675 | total time: 0 hours 20 minutes
Epoch: 27 | G loss: 0.2444 | D loss: 0.0713 | val G loss: 0.3252 | total time: 0 hours 21 minutes
Epoch: 28 | G loss: 0.2406 | D loss: 0.0654 | val G loss: 0.3113 | total time: 0 hours 22 minutes
Epoch: 29 | G loss: 0.2372 | D loss: 0.0696 | val G loss: 0.3051 | total time: 0 hours 23 minutes
Epoch: 30 | G loss: 0.2359 | D loss: 0.0675 | val G loss: 0.2991 | total time: 0 hours 23 minutes
Epoch: 31 | G loss: 0.2341 | D loss: 0.0646 | val G loss: 0.2824 | total time: 0 hours 24 minutes
Epoch: 32 | G loss: 0.2312 | D loss: 0.0646 | val G loss: 0.3040 | total time: 0 hours 25 minutes
Epoch: 33 | G loss: 0.2296 | D loss: 0.0634 | val G loss: 0.3134 | total time: 0 hours 26 minutes
Epoch: 34 | G loss: 0.2274 | D loss: 0.0609 | val G loss: 0.2982 | total time: 0 hours 27 minutes
Epoch: 35 | G loss: 0.2258 | D loss: 0.0629 | val G loss: 0.3133 | total time: 0 hours 28 minutes
Epoch: 36 | G loss: 0.2270 | D loss: 0.0649 | val G loss: 0.2800 | total time: 0 hours 28 minutes
Epoch: 37 | G loss: 0.2241 | D loss: 0.0581 | val G loss: 0.2802 | total time: 0 hours 29 minutes
Epoch: 38 | G loss: 0.2205 | D loss: 0.0605 | val G loss: 0.2717 | total time: 0 hours 30 minutes
Epoch: 39 | G loss: 0.2158 | D loss: 0.0611 | val G loss: 0.2819 | total time: 0 hours 31 minutes
Epoch: 40 | G loss: 0.2124 | D loss: 0.0609 | val G loss: 0.2760 | total time: 0 hours 32 minutes
Epoch: 41 | G loss: 0.2164 | D loss: 0.0568 | val G loss: 0.2829 | total time: 0 hours 32 minutes
Epoch: 42 | G loss: 0.2069 | D loss: 0.0638 | val G loss: 0.2739 | total time: 0 hours 33 minutes
Epoch: 43 | G loss: 0.2064 | D loss: 0.0594 | val G loss: 0.2636 | total time: 0 hours 34 minutes
Epoch: 44 | G loss: 0.2050 | D loss: 0.0594 | val G loss: 0.2692 | total time: 0 hours 35 minutes
Epoch: 45 | G loss: 0.2039 | D loss: 0.0576 | val G loss: 0.2593 | total time: 0 hours 36 minutes
Epoch: 46 | G loss: 0.2005 | D loss: 0.0574 | val G loss: 0.2558 | total time: 0 hours 36 minutes
Epoch: 47 | G loss: 0.2013 | D loss: 0.0597 | val G loss: 0.2804 | total time: 0 hours 37 minutes
Epoch: 48 | G loss: 0.1989 | D loss: 0.0560 | val G loss: 0.2604 | total time: 0 hours 38 minutes
Epoch: 49 | G loss: 0.1964 | D loss: 0.0571 | val G loss: 0.2765 | total time: 0 hours 39 minutes
Epoch: 50 | G loss: 0.1968 | D loss: 0.0534 | val G loss: 0.2524 | total time: 0 hours 40 minutes
Epoch: 51 | G loss: 0.1916 | D loss: 0.0588 | val G loss: 0.2585 | total time: 0 hours 41 minutes
Epoch: 52 | G loss: 0.1932 | D loss: 0.0572 | val G loss: 0.2456 | total time: 0 hours 41 minutes
Epoch: 53 | G loss: 0.1914 | D loss: 0.0549 | val G loss: 0.2612 | total time: 0 hours 42 minutes
Epoch: 54 | G loss: 0.1877 | D loss: 0.0566 | val G loss: 0.2453 | total time: 0 hours 43 minutes
Epoch: 55 | G loss: 0.1897 | D loss: 0.0560 | val G loss: 0.2468 | total time: 0 hours 44 minutes
Epoch: 56 | G loss: 0.1890 | D loss: 0.0595 | val G loss: 0.2401 | total time: 0 hours 45 minutes
Epoch: 57 | G loss: 0.1828 | D loss: 0.0568 | val G loss: 0.2613 | total time: 0 hours 45 minutes
Epoch: 58 | G loss: 0.1861 | D loss: 0.0534 | val G loss: 0.2771 | total time: 0 hours 46 minutes
Epoch: 59 | G loss: 0.1831 | D loss: 0.0551 | val G loss: 0.2502 | total time: 0 hours 47 minutes
Epoch: 60 | G loss: 0.1837 | D loss: 0.0557 | val G loss: 0.2472 | total time: 0 hours 48 minutes
Epoch: 61 | G loss: 0.1807 | D loss: 0.0553 | val G loss: 0.2492 | total time: 0 hours 49 minutes
Epoch: 62 | G loss: 0.1814 | D loss: 0.0516 | val G loss: 0.2597 | total time: 0 hours 49 minutes
Epoch: 63 | G loss: 0.1782 | D loss: 0.0562 | val G loss: 0.2347 | total time: 0 hours 50 minutes
Epoch: 64 | G loss: 0.1790 | D loss: 0.0544 | val G loss: 0.2301 | total time: 0 hours 51 minutes
Epoch: 65 | G loss: 0.1767 | D loss: 0.0540 | val G loss: 0.2530 | total time: 0 hours 52 minutes
Epoch: 66 | G loss: 0.1759 | D loss: 0.0556 | val G loss: 0.2409 | total time: 0 hours 53 minutes
Epoch: 67 | G loss: 0.1741 | D loss: 0.0563 | val G loss: 0.2417 | total time: 0 hours 54 minutes
Epoch: 68 | G loss: 0.1745 | D loss: 0.0529 | val G loss: 0.2363 | total time: 0 hours 54 minutes
Epoch: 69 | G loss: 0.1769 | D loss: 0.0525 | val G loss: 0.2363 | total time: 0 hours 55 minutes
Epoch: 70 | G loss: 0.1736 | D loss: 0.0536 | val G loss: 0.2354 | total time: 0 hours 56 minutes
Epoch: 71 | G loss: 0.1710 | D loss: 0.0559 | val G loss: 0.2439 | total time: 0 hours 57 minutes
Epoch: 72 | G loss: 0.1700 | D loss: 0.0581 | val G loss: 0.2337 | total time: 0 hours 58 minutes
Epoch: 73 | G loss: 0.1716 | D loss: 0.0527 | val G loss: 0.2259 | total time: 0 hours 58 minutes
Epoch: 74 | G loss: 0.1718 | D loss: 0.0522 | val G loss: 0.2399 | total time: 0 hours 59 minutes
Epoch: 75 | G loss: 0.1711 | D loss: 0.0533 | val G loss: 0.2242 | total time: 1 hours 0 minutes
Epoch: 76 | G loss: 0.1703 | D loss: 0.0543 | val G loss: 0.2349 | total time: 1 hours 1 minutes
Epoch: 77 | G loss: 0.1695 | D loss: 0.0535 | val G loss: 0.2308 | total time: 1 hours 2 minutes
Epoch: 78 | G loss: 0.1706 | D loss: 0.0542 | val G loss: 0.2311 | total time: 1 hours 3 minutes
Epoch: 79 | G loss: 0.1686 | D loss: 0.0538 | val G loss: 0.2204 | total time: 1 hours 3 minutes
Epoch: 80 | G loss: 0.1678 | D loss: 0.0535 | val G loss: 0.2214 | total time: 1 hours 4 minutes
Epoch: 81 | G loss: 0.1653 | D loss: 0.0556 | val G loss: 0.2480 | total time: 1 hours 5 minutes
Epoch: 82 | G loss: 0.1649 | D loss: 0.0524 | val G loss: 0.2170 | total time: 1 hours 6 minutes
Epoch: 83 | G loss: 0.1643 | D loss: 0.0527 | val G loss: 0.2391 | total time: 1 hours 7 minutes
Epoch: 84 | G loss: 0.1646 | D loss: 0.0547 | val G loss: 0.2261 | total time: 1 hours 7 minutes
Epoch: 85 | G loss: 0.1669 | D loss: 0.0515 | val G loss: 0.2274 | total time: 1 hours 8 minutes
Epoch: 86 | G loss: 0.1625 | D loss: 0.0559 | val G loss: 0.2302 | total time: 1 hours 9 minutes
Epoch: 87 | G loss: 0.1630 | D loss: 0.0531 | val G loss: 0.2255 | total time: 1 hours 10 minutes
Epoch: 88 | G loss: 0.1625 | D loss: 0.0525 | val G loss: 0.2217 | total time: 1 hours 11 minutes
Epoch: 89 | G loss: 0.1592 | D loss: 0.0582 | val G loss: 0.2276 | total time: 1 hours 11 minutes
Epoch: 90 | G loss: 0.1595 | D loss: 0.0541 | val G loss: 0.2224 | total time: 1 hours 12 minutes
Epoch: 91 | G loss: 0.1620 | D loss: 0.0536 | val G loss: 0.2375 | total time: 1 hours 13 minutes
Epoch: 92 | G loss: 0.1600 | D loss: 0.0550 | val G loss: 0.2223 | total time: 1 hours 14 minutes
Epoch: 93 | G loss: 0.1576 | D loss: 0.0559 | val G loss: 0.2249 | total time: 1 hours 15 minutes
Epoch: 94 | G loss: 0.1608 | D loss: 0.0528 | val G loss: 0.2209 | total time: 1 hours 16 minutes
Epoch: 95 | G loss: 0.1621 | D loss: 0.0512 | val G loss: 0.2212 | total time: 1 hours 16 minutes
Epoch: 96 | G loss: 0.1580 | D loss: 0.0537 | val G loss: 0.2162 | total time: 1 hours 17 minutes
Epoch: 97 | G loss: 0.1561 | D loss: 0.0555 | val G loss: 0.2163 | total time: 1 hours 18 minutes
Epoch: 98 | G loss: 0.1553 | D loss: 0.0551 | val G loss: 0.2204 | total time: 1 hours 19 minutes
Epoch: 99 | G loss: 0.1558 | D loss: 0.0543 | val G loss: 0.2149 | total time: 1 hours 20 minutes
Epoch: 100 | G loss: 0.1519 | D loss: 0.0579 | val G loss: 0.2237 | total time: 1 hours 20 minutes
fold hold08 best_val=0.214932


######## LOOCV fold hold-out phase 09 ########

[spare_mc_p1_loocv_warp_d_hold09] device=cuda | D_mode=warp (in=2) | D_base=32 | lambda_adv=0.05 | d_update_freq=2 | held_out_phases=[8]
[spare_mc_p1_loocv_warp_d_hold09] train 1296 (81 pairs × 16) | val 152 (19 pairs × 8)
Epoch: 1 | G loss: 0.9466 | D loss: 0.0000 | val G loss: 0.9655 | total time: 0 hours 0 minutes
Epoch: 2 | G loss: 0.9040 | D loss: 0.0000 | val G loss: 0.9399 | total time: 0 hours 1 minutes
Epoch: 3 | G loss: 0.6568 | D loss: 0.0000 | val G loss: 0.6244 | total time: 0 hours 2 minutes
Epoch: 4 | G loss: 0.5263 | D loss: 0.0000 | val G loss: 0.5579 | total time: 0 hours 2 minutes
Epoch: 5 | G loss: 0.4670 | D loss: 0.0000 | val G loss: 0.5059 | total time: 0 hours 3 minutes
Epoch: 6 | G loss: 0.4430 | D loss: 0.1253 | val G loss: 0.4888 | total time: 0 hours 4 minutes
Epoch: 7 | G loss: 0.4030 | D loss: 0.1039 | val G loss: 0.4641 | total time: 0 hours 5 minutes
Epoch: 8 | G loss: 0.3805 | D loss: 0.1037 | val G loss: 0.4287 | total time: 0 hours 6 minutes
Epoch: 9 | G loss: 0.3686 | D loss: 0.1042 | val G loss: 0.3894 | total time: 0 hours 6 minutes
Epoch: 10 | G loss: 0.3594 | D loss: 0.1030 | val G loss: 0.3894 | total time: 0 hours 7 minutes
Epoch: 11 | G loss: 0.3480 | D loss: 0.0906 | val G loss: 0.3794 | total time: 0 hours 8 minutes
Epoch: 12 | G loss: 0.3326 | D loss: 0.0867 | val G loss: 0.3637 | total time: 0 hours 9 minutes
Epoch: 13 | G loss: 0.3250 | D loss: 0.0832 | val G loss: 0.3511 | total time: 0 hours 10 minutes
Epoch: 14 | G loss: 0.3156 | D loss: 0.0808 | val G loss: 0.3440 | total time: 0 hours 11 minutes
Epoch: 15 | G loss: 0.3080 | D loss: 0.0826 | val G loss: 0.3813 | total time: 0 hours 11 minutes
Epoch: 16 | G loss: 0.2971 | D loss: 0.0795 | val G loss: 0.3480 | total time: 0 hours 12 minutes
Epoch: 17 | G loss: 0.2881 | D loss: 0.0805 | val G loss: 0.2941 | total time: 0 hours 13 minutes
Epoch: 18 | G loss: 0.2848 | D loss: 0.0801 | val G loss: 0.2991 | total time: 0 hours 14 minutes
Epoch: 19 | G loss: 0.2716 | D loss: 0.0775 | val G loss: 0.2794 | total time: 0 hours 15 minutes
Epoch: 20 | G loss: 0.2689 | D loss: 0.0781 | val G loss: 0.3048 | total time: 0 hours 15 minutes
Epoch: 21 | G loss: 0.2619 | D loss: 0.0781 | val G loss: 0.2831 | total time: 0 hours 16 minutes
Epoch: 22 | G loss: 0.2554 | D loss: 0.0762 | val G loss: 0.2979 | total time: 0 hours 17 minutes
Epoch: 23 | G loss: 0.2538 | D loss: 0.0777 | val G loss: 0.3211 | total time: 0 hours 18 minutes
Epoch: 24 | G loss: 0.2481 | D loss: 0.0728 | val G loss: 0.2978 | total time: 0 hours 19 minutes
Epoch: 25 | G loss: 0.2443 | D loss: 0.0740 | val G loss: 0.3091 | total time: 0 hours 20 minutes
Epoch: 26 | G loss: 0.2438 | D loss: 0.0719 | val G loss: 0.2743 | total time: 0 hours 20 minutes
Epoch: 27 | G loss: 0.2405 | D loss: 0.0720 | val G loss: 0.2725 | total time: 0 hours 21 minutes
Epoch: 28 | G loss: 0.2365 | D loss: 0.0701 | val G loss: 0.2553 | total time: 0 hours 22 minutes
Epoch: 29 | G loss: 0.2343 | D loss: 0.0708 | val G loss: 0.2659 | total time: 0 hours 23 minutes
Epoch: 30 | G loss: 0.2342 | D loss: 0.0662 | val G loss: 0.2575 | total time: 0 hours 24 minutes
Epoch: 31 | G loss: 0.2258 | D loss: 0.0682 | val G loss: 0.2741 | total time: 0 hours 24 minutes
Epoch: 32 | G loss: 0.2258 | D loss: 0.0677 | val G loss: 0.2410 | total time: 0 hours 25 minutes
Epoch: 33 | G loss: 0.2201 | D loss: 0.0695 | val G loss: 0.2610 | total time: 0 hours 26 minutes
Epoch: 34 | G loss: 0.2192 | D loss: 0.0683 | val G loss: 0.2366 | total time: 0 hours 27 minutes
Epoch: 35 | G loss: 0.2161 | D loss: 0.0679 | val G loss: 0.2373 | total time: 0 hours 28 minutes
Epoch: 36 | G loss: 0.2174 | D loss: 0.0630 | val G loss: 0.2608 | total time: 0 hours 28 minutes
Epoch: 37 | G loss: 0.2190 | D loss: 0.0639 | val G loss: 0.2549 | total time: 0 hours 29 minutes
Epoch: 38 | G loss: 0.2113 | D loss: 0.0635 | val G loss: 0.2326 | total time: 0 hours 30 minutes
Epoch: 39 | G loss: 0.2114 | D loss: 0.0643 | val G loss: 0.2664 | total time: 0 hours 31 minutes
Epoch: 40 | G loss: 0.2082 | D loss: 0.0632 | val G loss: 0.2354 | total time: 0 hours 32 minutes
Epoch: 41 | G loss: 0.2068 | D loss: 0.0632 | val G loss: 0.2215 | total time: 0 hours 33 minutes
Epoch: 42 | G loss: 0.2031 | D loss: 0.0619 | val G loss: 0.2193 | total time: 0 hours 33 minutes
Epoch: 43 | G loss: 0.2025 | D loss: 0.0615 | val G loss: 0.2325 | total time: 0 hours 34 minutes
Epoch: 44 | G loss: 0.2004 | D loss: 0.0602 | val G loss: 0.2377 | total time: 0 hours 35 minutes
Epoch: 45 | G loss: 0.1992 | D loss: 0.0613 | val G loss: 0.2311 | total time: 0 hours 36 minutes
Epoch: 46 | G loss: 0.1991 | D loss: 0.0616 | val G loss: 0.2270 | total time: 0 hours 37 minutes
Epoch: 47 | G loss: 0.1963 | D loss: 0.0637 | val G loss: 0.2092 | total time: 0 hours 38 minutes
Epoch: 48 | G loss: 0.1936 | D loss: 0.0593 | val G loss: 0.2400 | total time: 0 hours 38 minutes
Epoch: 49 | G loss: 0.1953 | D loss: 0.0577 | val G loss: 0.2382 | total time: 0 hours 39 minutes
Epoch: 50 | G loss: 0.1911 | D loss: 0.0594 | val G loss: 0.2360 | total time: 0 hours 40 minutes
Epoch: 51 | G loss: 0.1894 | D loss: 0.0575 | val G loss: 0.2150 | total time: 0 hours 41 minutes
Epoch: 52 | G loss: 0.1905 | D loss: 0.0562 | val G loss: 0.2314 | total time: 0 hours 42 minutes
Epoch: 53 | G loss: 0.1880 | D loss: 0.0555 | val G loss: 0.2169 | total time: 0 hours 42 minutes
Epoch: 54 | G loss: 0.1881 | D loss: 0.0590 | val G loss: 0.2248 | total time: 0 hours 43 minutes
Epoch: 55 | G loss: 0.1862 | D loss: 0.0558 | val G loss: 0.2252 | total time: 0 hours 44 minutes
Epoch: 56 | G loss: 0.1874 | D loss: 0.0555 | val G loss: 0.2287 | total time: 0 hours 45 minutes
Epoch: 57 | G loss: 0.1859 | D loss: 0.0544 | val G loss: 0.2068 | total time: 0 hours 46 minutes
Epoch: 58 | G loss: 0.1806 | D loss: 0.0585 | val G loss: 0.1994 | total time: 0 hours 46 minutes
Epoch: 59 | G loss: 0.1828 | D loss: 0.0554 | val G loss: 0.2210 | total time: 0 hours 47 minutes
Epoch: 60 | G loss: 0.1827 | D loss: 0.0550 | val G loss: 0.2121 | total time: 0 hours 48 minutes
Epoch: 61 | G loss: 0.1759 | D loss: 0.0599 | val G loss: 0.2025 | total time: 0 hours 49 minutes
Epoch: 62 | G loss: 0.1800 | D loss: 0.0565 | val G loss: 0.2125 | total time: 0 hours 50 minutes
Epoch: 63 | G loss: 0.1800 | D loss: 0.0558 | val G loss: 0.2190 | total time: 0 hours 51 minutes
Epoch: 64 | G loss: 0.1785 | D loss: 0.0546 | val G loss: 0.1948 | total time: 0 hours 51 minutes
Epoch: 65 | G loss: 0.1771 | D loss: 0.0562 | val G loss: 0.2178 | total time: 0 hours 52 minutes
Epoch: 66 | G loss: 0.1780 | D loss: 0.0560 | val G loss: 0.1956 | total time: 0 hours 53 minutes
Epoch: 67 | G loss: 0.1783 | D loss: 0.0541 | val G loss: 0.1954 | total time: 0 hours 54 minutes
Epoch: 68 | G loss: 0.1738 | D loss: 0.0542 | val G loss: 0.2493 | total time: 0 hours 55 minutes
Epoch: 69 | G loss: 0.1725 | D loss: 0.0547 | val G loss: 0.2066 | total time: 0 hours 56 minutes
Epoch: 70 | G loss: 0.1738 | D loss: 0.0548 | val G loss: 0.2071 | total time: 0 hours 56 minutes
Epoch: 71 | G loss: 0.1733 | D loss: 0.0537 | val G loss: 0.1926 | total time: 0 hours 57 minutes
Epoch: 72 | G loss: 0.1700 | D loss: 0.0545 | val G loss: 0.2052 | total time: 0 hours 58 minutes
Epoch: 73 | G loss: 0.1685 | D loss: 0.0550 | val G loss: 0.1879 | total time: 0 hours 59 minutes
Epoch: 74 | G loss: 0.1698 | D loss: 0.0536 | val G loss: 0.2064 | total time: 1 hours 0 minutes
Epoch: 75 | G loss: 0.1715 | D loss: 0.0503 | val G loss: 0.1885 | total time: 1 hours 1 minutes
Epoch: 76 | G loss: 0.1686 | D loss: 0.0518 | val G loss: 0.2107 | total time: 1 hours 1 minutes
Epoch: 77 | G loss: 0.1663 | D loss: 0.0583 | val G loss: 0.2165 | total time: 1 hours 2 minutes
Epoch: 78 | G loss: 0.1641 | D loss: 0.0564 | val G loss: 0.2039 | total time: 1 hours 3 minutes
Epoch: 79 | G loss: 0.1636 | D loss: 0.0563 | val G loss: 0.2270 | total time: 1 hours 4 minutes
Epoch: 80 | G loss: 0.1695 | D loss: 0.0496 | val G loss: 0.2029 | total time: 1 hours 5 minutes
Epoch: 81 | G loss: 0.1633 | D loss: 0.0531 | val G loss: 0.2094 | total time: 1 hours 5 minutes
Epoch: 82 | G loss: 0.1618 | D loss: 0.0541 | val G loss: 0.1907 | total time: 1 hours 6 minutes
Epoch: 83 | G loss: 0.1620 | D loss: 0.0528 | val G loss: 0.1984 | total time: 1 hours 7 minutes
Epoch: 84 | G loss: 0.1622 | D loss: 0.0541 | val G loss: 0.1879 | total time: 1 hours 8 minutes
Epoch: 85 | G loss: 0.1616 | D loss: 0.0537 | val G loss: 0.1933 | total time: 1 hours 9 minutes
Epoch: 86 | G loss: 0.1614 | D loss: 0.0529 | val G loss: 0.2114 | total time: 1 hours 9 minutes
Epoch: 87 | G loss: 0.1610 | D loss: 0.0535 | val G loss: 0.1994 | total time: 1 hours 10 minutes
Epoch: 88 | G loss: 0.1602 | D loss: 0.0562 | val G loss: 0.2063 | total time: 1 hours 11 minutes
Epoch: 89 | G loss: 0.1572 | D loss: 0.0545 | val G loss: 0.1996 | total time: 1 hours 12 minutes
Epoch: 90 | G loss: 0.1589 | D loss: 0.0550 | val G loss: 0.1881 | total time: 1 hours 13 minutes
Epoch: 91 | G loss: 0.1583 | D loss: 0.0531 | val G loss: 0.1837 | total time: 1 hours 14 minutes
Epoch: 92 | G loss: 0.1558 | D loss: 0.0551 | val G loss: 0.1917 | total time: 1 hours 14 minutes
Epoch: 93 | G loss: 0.1575 | D loss: 0.0554 | val G loss: 0.1950 | total time: 1 hours 15 minutes
Epoch: 94 | G loss: 0.1569 | D loss: 0.0525 | val G loss: 0.1944 | total time: 1 hours 16 minutes
Epoch: 95 | G loss: 0.1562 | D loss: 0.0526 | val G loss: 0.1788 | total time: 1 hours 17 minutes
Epoch: 96 | G loss: 0.1564 | D loss: 0.0552 | val G loss: 0.1974 | total time: 1 hours 18 minutes
Epoch: 97 | G loss: 0.1554 | D loss: 0.0557 | val G loss: 0.1964 | total time: 1 hours 18 minutes
Epoch: 98 | G loss: 0.1561 | D loss: 0.0519 | val G loss: 0.1962 | total time: 1 hours 19 minutes
Epoch: 99 | G loss: 0.1528 | D loss: 0.0542 | val G loss: 0.2100 | total time: 1 hours 20 minutes
Epoch: 100 | G loss: 0.1551 | D loss: 0.0533 | val G loss: 0.2013 | total time: 1 hours 21 minutes
fold hold09 best_val=0.178828


######## LOOCV fold hold-out phase 10 ########

[spare_mc_p1_loocv_warp_d_hold10] device=cuda | D_mode=warp (in=2) | D_base=32 | lambda_adv=0.05 | d_update_freq=2 | held_out_phases=[9]
[spare_mc_p1_loocv_warp_d_hold10] train 1296 (81 pairs × 16) | val 152 (19 pairs × 8)
Epoch: 1 | G loss: 0.8995 | D loss: 0.0000 | val G loss: 1.2323 | total time: 0 hours 0 minutes
Epoch: 2 | G loss: 0.8345 | D loss: 0.0000 | val G loss: 1.2557 | total time: 0 hours 1 minutes
Epoch: 3 | G loss: 0.7161 | D loss: 0.0000 | val G loss: 0.8728 | total time: 0 hours 2 minutes
Epoch: 4 | G loss: 0.5208 | D loss: 0.0000 | val G loss: 0.8000 | total time: 0 hours 2 minutes
Epoch: 5 | G loss: 0.4273 | D loss: 0.0000 | val G loss: 0.6861 | total time: 0 hours 3 minutes
Epoch: 6 | G loss: 0.3983 | D loss: 0.1180 | val G loss: 0.6928 | total time: 0 hours 4 minutes
Epoch: 7 | G loss: 0.3618 | D loss: 0.1051 | val G loss: 0.6670 | total time: 0 hours 5 minutes
Epoch: 8 | G loss: 0.3501 | D loss: 0.1000 | val G loss: 0.6428 | total time: 0 hours 6 minutes
Epoch: 9 | G loss: 0.3294 | D loss: 0.0885 | val G loss: 0.5633 | total time: 0 hours 6 minutes
Epoch: 10 | G loss: 0.3193 | D loss: 0.0864 | val G loss: 0.5340 | total time: 0 hours 7 minutes
Epoch: 11 | G loss: 0.3094 | D loss: 0.0816 | val G loss: 0.5611 | total time: 0 hours 8 minutes
Epoch: 12 | G loss: 0.2975 | D loss: 0.0810 | val G loss: 0.5682 | total time: 0 hours 9 minutes
Epoch: 13 | G loss: 0.2894 | D loss: 0.0807 | val G loss: 0.5510 | total time: 0 hours 10 minutes
Epoch: 14 | G loss: 0.2819 | D loss: 0.0788 | val G loss: 0.5303 | total time: 0 hours 11 minutes
Epoch: 15 | G loss: 0.2775 | D loss: 0.0769 | val G loss: 0.5282 | total time: 0 hours 11 minutes
Epoch: 16 | G loss: 0.2713 | D loss: 0.0770 | val G loss: 0.4763 | total time: 0 hours 12 minutes
Epoch: 17 | G loss: 0.2640 | D loss: 0.0769 | val G loss: 0.4955 | total time: 0 hours 13 minutes
Epoch: 18 | G loss: 0.2613 | D loss: 0.0741 | val G loss: 0.4889 | total time: 0 hours 14 minutes
Epoch: 19 | G loss: 0.2592 | D loss: 0.0752 | val G loss: 0.4734 | total time: 0 hours 15 minutes
Epoch: 20 | G loss: 0.2555 | D loss: 0.0719 | val G loss: 0.4709 | total time: 0 hours 15 minutes
Epoch: 21 | G loss: 0.2546 | D loss: 0.0701 | val G loss: 0.4529 | total time: 0 hours 16 minutes
Epoch: 22 | G loss: 0.2520 | D loss: 0.0686 | val G loss: 0.4741 | total time: 0 hours 17 minutes
Epoch: 23 | G loss: 0.2428 | D loss: 0.0694 | val G loss: 0.4166 | total time: 0 hours 18 minutes
Epoch: 24 | G loss: 0.2429 | D loss: 0.0697 | val G loss: 0.4389 | total time: 0 hours 19 minutes
Epoch: 25 | G loss: 0.2382 | D loss: 0.0683 | val G loss: 0.4457 | total time: 0 hours 20 minutes
Epoch: 26 | G loss: 0.2382 | D loss: 0.0644 | val G loss: 0.4643 | total time: 0 hours 20 minutes
Epoch: 27 | G loss: 0.2353 | D loss: 0.0660 | val G loss: 0.4169 | total time: 0 hours 21 minutes
Epoch: 28 | G loss: 0.2298 | D loss: 0.0672 | val G loss: 0.4192 | total time: 0 hours 22 minutes
Epoch: 29 | G loss: 0.2290 | D loss: 0.0653 | val G loss: 0.3860 | total time: 0 hours 23 minutes
Epoch: 30 | G loss: 0.2288 | D loss: 0.0610 | val G loss: 0.4095 | total time: 0 hours 24 minutes
Epoch: 31 | G loss: 0.2249 | D loss: 0.0594 | val G loss: 0.4064 | total time: 0 hours 24 minutes
Epoch: 32 | G loss: 0.2184 | D loss: 0.0630 | val G loss: 0.4346 | total time: 0 hours 25 minutes
Epoch: 33 | G loss: 0.2209 | D loss: 0.0628 | val G loss: 0.4029 | total time: 0 hours 26 minutes
Epoch: 34 | G loss: 0.2159 | D loss: 0.0608 | val G loss: 0.3753 | total time: 0 hours 27 minutes
Epoch: 35 | G loss: 0.2137 | D loss: 0.0602 | val G loss: 0.3816 | total time: 0 hours 28 minutes
Epoch: 36 | G loss: 0.2139 | D loss: 0.0589 | val G loss: 0.3342 | total time: 0 hours 29 minutes
Epoch: 37 | G loss: 0.2081 | D loss: 0.0572 | val G loss: 0.3671 | total time: 0 hours 29 minutes
Epoch: 38 | G loss: 0.2069 | D loss: 0.0603 | val G loss: 0.3575 | total time: 0 hours 30 minutes
Epoch: 39 | G loss: 0.2087 | D loss: 0.0557 | val G loss: 0.3704 | total time: 0 hours 31 minutes
Epoch: 40 | G loss: 0.2037 | D loss: 0.0573 | val G loss: 0.3751 | total time: 0 hours 32 minutes
Epoch: 41 | G loss: 0.2026 | D loss: 0.0565 | val G loss: 0.3440 | total time: 0 hours 33 minutes
Epoch: 42 | G loss: 0.2024 | D loss: 0.0550 | val G loss: 0.3724 | total time: 0 hours 33 minutes
Epoch: 43 | G loss: 0.1981 | D loss: 0.0577 | val G loss: 0.3191 | total time: 0 hours 34 minutes
Epoch: 44 | G loss: 0.1998 | D loss: 0.0542 | val G loss: 0.3630 | total time: 0 hours 35 minutes
Epoch: 45 | G loss: 0.1979 | D loss: 0.0546 | val G loss: 0.3285 | total time: 0 hours 36 minutes
Epoch: 46 | G loss: 0.1952 | D loss: 0.0562 | val G loss: 0.3763 | total time: 0 hours 37 minutes
Epoch: 47 | G loss: 0.1946 | D loss: 0.0538 | val G loss: 0.3421 | total time: 0 hours 38 minutes
Epoch: 48 | G loss: 0.1938 | D loss: 0.0542 | val G loss: 0.3429 | total time: 0 hours 38 minutes
Epoch: 49 | G loss: 0.1885 | D loss: 0.0542 | val G loss: 0.3346 | total time: 0 hours 39 minutes
Epoch: 50 | G loss: 0.1917 | D loss: 0.0536 | val G loss: 0.3595 | total time: 0 hours 40 minutes
Epoch: 51 | G loss: 0.1880 | D loss: 0.0532 | val G loss: 0.3215 | total time: 0 hours 41 minutes
Epoch: 52 | G loss: 0.1898 | D loss: 0.0534 | val G loss: 0.3262 | total time: 0 hours 42 minutes
Epoch: 53 | G loss: 0.1861 | D loss: 0.0554 | val G loss: 0.3256 | total time: 0 hours 42 minutes
Epoch: 54 | G loss: 0.1851 | D loss: 0.0529 | val G loss: 0.3573 | total time: 0 hours 43 minutes
Epoch: 55 | G loss: 0.1835 | D loss: 0.0525 | val G loss: 0.3373 | total time: 0 hours 44 minutes
Epoch: 56 | G loss: 0.1842 | D loss: 0.0559 | val G loss: 0.3270 | total time: 0 hours 45 minutes
Epoch: 57 | G loss: 0.1829 | D loss: 0.0520 | val G loss: 0.2945 | total time: 0 hours 46 minutes
Epoch: 58 | G loss: 0.1805 | D loss: 0.0515 | val G loss: 0.3292 | total time: 0 hours 47 minutes
Epoch: 59 | G loss: 0.1790 | D loss: 0.0545 | val G loss: 0.3529 | total time: 0 hours 47 minutes
Epoch: 60 | G loss: 0.1837 | D loss: 0.0496 | val G loss: 0.3308 | total time: 0 hours 48 minutes
Epoch: 61 | G loss: 0.1804 | D loss: 0.0487 | val G loss: 0.3276 | total time: 0 hours 49 minutes
Epoch: 62 | G loss: 0.1813 | D loss: 0.0492 | val G loss: 0.3203 | total time: 0 hours 50 minutes
Epoch: 63 | G loss: 0.1756 | D loss: 0.0532 | val G loss: 0.3336 | total time: 0 hours 51 minutes
Epoch: 64 | G loss: 0.1739 | D loss: 0.0517 | val G loss: 0.3465 | total time: 0 hours 51 minutes
Epoch: 65 | G loss: 0.1734 | D loss: 0.0531 | val G loss: 0.2991 | total time: 0 hours 52 minutes
Epoch: 66 | G loss: 0.1729 | D loss: 0.0538 | val G loss: 0.3496 | total time: 0 hours 53 minutes
Epoch: 67 | G loss: 0.1759 | D loss: 0.0494 | val G loss: 0.3137 | total time: 0 hours 54 minutes
Epoch: 68 | G loss: 0.1741 | D loss: 0.0512 | val G loss: 0.3148 | total time: 0 hours 55 minutes
Epoch: 69 | G loss: 0.1731 | D loss: 0.0497 | val G loss: 0.3178 | total time: 0 hours 55 minutes
Epoch: 70 | G loss: 0.1717 | D loss: 0.0533 | val G loss: 0.3034 | total time: 0 hours 56 minutes
Epoch: 71 | G loss: 0.1721 | D loss: 0.0486 | val G loss: 0.3193 | total time: 0 hours 57 minutes
Epoch: 72 | G loss: 0.1721 | D loss: 0.0508 | val G loss: 0.3097 | total time: 0 hours 58 minutes
Epoch: 73 | G loss: 0.1705 | D loss: 0.0501 | val G loss: 0.3200 | total time: 0 hours 59 minutes
Epoch: 74 | G loss: 0.1657 | D loss: 0.0542 | val G loss: 0.3131 | total time: 1 hours 0 minutes
Epoch: 75 | G loss: 0.1700 | D loss: 0.0503 | val G loss: 0.3576 | total time: 1 hours 0 minutes
Epoch: 76 | G loss: 0.1668 | D loss: 0.0495 | val G loss: 0.3146 | total time: 1 hours 1 minutes
Epoch: 77 | G loss: 0.1645 | D loss: 0.0487 | val G loss: 0.3058 | total time: 1 hours 2 minutes
Epoch: 78 | G loss: 0.1665 | D loss: 0.0517 | val G loss: 0.3035 | total time: 1 hours 3 minutes
Epoch: 79 | G loss: 0.1612 | D loss: 0.0557 | val G loss: 0.3202 | total time: 1 hours 4 minutes
Epoch: 80 | G loss: 0.1635 | D loss: 0.0532 | val G loss: 0.3144 | total time: 1 hours 5 minutes
Epoch: 81 | G loss: 0.1617 | D loss: 0.0542 | val G loss: 0.3354 | total time: 1 hours 5 minutes
Epoch: 82 | G loss: 0.1641 | D loss: 0.0511 | val G loss: 0.2963 | total time: 1 hours 6 minutes
Epoch: 83 | G loss: 0.1606 | D loss: 0.0525 | val G loss: 0.3020 | total time: 1 hours 7 minutes
Epoch: 84 | G loss: 0.1586 | D loss: 0.0533 | val G loss: 0.2956 | total time: 1 hours 8 minutes
Epoch: 85 | G loss: 0.1611 | D loss: 0.0518 | val G loss: 0.2950 | total time: 1 hours 9 minutes
Epoch: 86 | G loss: 0.1603 | D loss: 0.0519 | val G loss: 0.3011 | total time: 1 hours 9 minutes
Epoch: 87 | G loss: 0.1570 | D loss: 0.0520 | val G loss: 0.3022 | total time: 1 hours 10 minutes
Epoch: 88 | G loss: 0.1557 | D loss: 0.0549 | val G loss: 0.3006 | total time: 1 hours 11 minutes
Epoch: 89 | G loss: 0.1556 | D loss: 0.0509 | val G loss: 0.3349 | total time: 1 hours 12 minutes
Epoch: 90 | G loss: 0.1575 | D loss: 0.0538 | val G loss: 0.3057 | total time: 1 hours 13 minutes
Epoch: 91 | G loss: 0.1552 | D loss: 0.0523 | val G loss: 0.3068 | total time: 1 hours 14 minutes
Epoch: 92 | G loss: 0.1516 | D loss: 0.0531 | val G loss: 0.3040 | total time: 1 hours 14 minutes
Epoch: 93 | G loss: 0.1551 | D loss: 0.0526 | val G loss: 0.3149 | total time: 1 hours 15 minutes
Epoch: 94 | G loss: 0.1557 | D loss: 0.0557 | val G loss: 0.3085 | total time: 1 hours 16 minutes
Epoch: 95 | G loss: 0.1550 | D loss: 0.0511 | val G loss: 0.2896 | total time: 1 hours 17 minutes
Epoch: 96 | G loss: 0.1529 | D loss: 0.0554 | val G loss: 0.3012 | total time: 1 hours 18 minutes
Epoch: 97 | G loss: 0.1521 | D loss: 0.0540 | val G loss: 0.2910 | total time: 1 hours 18 minutes
Epoch: 98 | G loss: 0.1499 | D loss: 0.0534 | val G loss: 0.3005 | total time: 1 hours 19 minutes
Epoch: 99 | G loss: 0.1552 | D loss: 0.0499 | val G loss: 0.2886 | total time: 1 hours 20 minutes
Epoch: 100 | G loss: 0.1524 | D loss: 0.0520 | val G loss: 0.2928 | total time: 1 hours 21 minutes
fold hold10 best_val=0.288592

