=== PREP CV_P1_V_01 (have 100 pairs) Tue Aug 25 09:59:04 AM AEST 2026 ===
=== PREP CV_P1_V_01 (have 100 pairs) Tue Aug 25 09:59:04 AM AEST 2026 ===
[skip prep] CV_P1_V_01 already has 100 pairs
[skip prep] CV_P1_V_01 already has 100 pairs
=== QC encoder CV_P1_V_01 Tue Aug 25 09:59:04 AM AEST 2026 ===
=== QC encoder CV_P1_V_01 Tue Aug 25 09:59:04 AM AEST 2026 ===
[encoder] scan=CV_P1_V_01 pairs=100 panels=100 ckpt=crb_enc_mse_full_spare_generator.pth out=/home/abhishek/Voxel_GAN/PopulationStudy/ClinicalExperiments/Experiment1/EncoderCRB/plots/qc_varian/P1/CV_P1_V_01
[encoder] scan=CV_P1_V_01 pairs=100 panels=100 ckpt=crb_enc_mse_full_spare_generator.pth out=/home/abhishek/Voxel_GAN/PopulationStudy/ClinicalExperiments/Experiment1/EncoderCRB/plots/qc_varian/P1/CV_P1_V_01
[001/100] 01_to_01  L1=0.009  L1/zero=873061.27  cos=nan  k=nan
[001/100] 01_to_01  L1=0.009  L1/zero=873061.27  cos=nan  k=nan
[002/100] 01_to_02  L1=0.219  L1/zero=0.97  cos=0.25  k=0.24
[002/100] 01_to_02  L1=0.219  L1/zero=0.97  cos=0.25  k=0.24
[003/100] 01_to_03  L1=0.493  L1/zero=0.96  cos=0.29  k=0.43
[003/100] 01_to_03  L1=0.493  L1/zero=0.96  cos=0.29  k=0.43
[004/100] 01_to_04  L1=0.669  L1/zero=0.94  cos=0.38  k=0.59
[004/100] 01_to_04  L1=0.669  L1/zero=0.94  cos=0.38  k=0.59
[005/100] 01_to_05  L1=0.730  L1/zero=0.97  cos=0.44  k=0.80
[005/100] 01_to_05  L1=0.730  L1/zero=0.97  cos=0.44  k=0.80
[006/100] 01_to_06  L1=0.678  L1/zero=0.91  cos=0.45  k=0.69
[006/100] 01_to_06  L1=0.678  L1/zero=0.91  cos=0.45  k=0.69
[007/100] 01_to_07  L1=0.714  L1/zero=1.13  cos=0.02  k=0.68
[007/100] 01_to_07  L1=0.714  L1/zero=1.13  cos=0.02  k=0.68
[008/100] 01_to_08  L1=0.563  L1/zero=1.07  cos=0.02  k=0.47
[008/100] 01_to_08  L1=0.563  L1/zero=1.07  cos=0.02  k=0.47
[009/100] 01_to_09  L1=0.366  L1/zero=1.05  cos=-0.04  k=0.26
[009/100] 01_to_09  L1=0.366  L1/zero=1.05  cos=-0.04  k=0.26
[010/100] 01_to_10  L1=0.166  L1/zero=1.04  cos=0.03  k=0.20
[010/100] 01_to_10  L1=0.166  L1/zero=1.04  cos=0.03  k=0.20
[011/100] 02_to_01  L1=0.224  L1/zero=0.98  cos=0.24  k=0.20
[011/100] 02_to_01  L1=0.224  L1/zero=0.98  cos=0.24  k=0.20
[012/100] 02_to_02  L1=0.009  L1/zero=903286.32  cos=nan  k=nan
[012/100] 02_to_02  L1=0.009  L1/zero=903286.32  cos=nan  k=nan
[013/100] 02_to_03  L1=0.208  L1/zero=0.95  cos=0.33  k=0.46
[013/100] 02_to_03  L1=0.208  L1/zero=0.95  cos=0.33  k=0.46
[014/100] 02_to_04  L1=0.483  L1/zero=0.90  cos=0.39  k=0.48
[014/100] 02_to_04  L1=0.483  L1/zero=0.90  cos=0.39  k=0.48
[015/100] 02_to_05  L1=0.711  L1/zero=0.88  cos=0.45  k=0.57
[015/100] 02_to_05  L1=0.711  L1/zero=0.88  cos=0.45  k=0.57
[016/100] 02_to_06  L1=0.632  L1/zero=0.92  cos=0.44  k=0.67
[016/100] 02_to_06  L1=0.632  L1/zero=0.92  cos=0.44  k=0.67
[017/100] 02_to_07  L1=0.691  L1/zero=0.98  cos=0.24  k=0.32
[017/100] 02_to_07  L1=0.691  L1/zero=0.98  cos=0.24  k=0.32
[018/100] 02_to_08  L1=0.621  L1/zero=1.00  cos=0.13  k=0.24
[018/100] 02_to_08  L1=0.621  L1/zero=1.00  cos=0.13  k=0.24
[019/100] 02_to_09  L1=0.547  L1/zero=1.01  cos=0.09  k=0.23
[019/100] 02_to_09  L1=0.547  L1/zero=1.01  cos=0.09  k=0.23
[020/100] 02_to_10  L1=0.501  L1/zero=1.00  cos=0.16  k=0.26
[020/100] 02_to_10  L1=0.501  L1/zero=1.00  cos=0.16  k=0.26
[021/100] 03_to_01  L1=0.493  L1/zero=0.96  cos=0.28  k=0.43
[021/100] 03_to_01  L1=0.493  L1/zero=0.96  cos=0.28  k=0.43
[022/100] 03_to_02  L1=0.207  L1/zero=0.96  cos=0.30  k=0.43
[022/100] 03_to_02  L1=0.207  L1/zero=0.96  cos=0.30  k=0.43
[023/100] 03_to_03  L1=0.005  L1/zero=496638.75  cos=nan  k=nan
[023/100] 03_to_03  L1=0.005  L1/zero=496638.75  cos=nan  k=nan
[024/100] 03_to_04  L1=0.216  L1/zero=0.90  cos=0.43  k=0.41
[024/100] 03_to_04  L1=0.216  L1/zero=0.90  cos=0.43  k=0.41
[025/100] 03_to_05  L1=0.506  L1/zero=0.87  cos=0.44  k=0.38
[025/100] 03_to_05  L1=0.506  L1/zero=0.87  cos=0.44  k=0.38
[026/100] 03_to_06  L1=0.665  L1/zero=0.88  cos=0.41  k=0.41
[026/100] 03_to_06  L1=0.665  L1/zero=0.88  cos=0.41  k=0.41
[027/100] 03_to_07  L1=0.624  L1/zero=0.97  cos=0.29  k=0.30
[027/100] 03_to_07  L1=0.624  L1/zero=0.97  cos=0.29  k=0.30
[028/100] 03_to_08  L1=0.652  L1/zero=0.95  cos=0.27  k=0.25
[028/100] 03_to_08  L1=0.652  L1/zero=0.95  cos=0.27  k=0.25
[029/100] 03_to_09  L1=0.678  L1/zero=0.99  cos=0.03  k=0.31
[029/100] 03_to_09  L1=0.678  L1/zero=0.99  cos=0.03  k=0.31
[030/100] 03_to_10  L1=0.591  L1/zero=1.09  cos=0.11  k=0.63
[030/100] 03_to_10  L1=0.591  L1/zero=1.09  cos=0.11  k=0.63
[031/100] 04_to_01  L1=0.711  L1/zero=0.91  cos=0.43  k=0.58
[031/100] 04_to_01  L1=0.711  L1/zero=0.91  cos=0.43  k=0.58
[032/100] 04_to_02  L1=0.491  L1/zero=0.92  cos=0.44  k=0.65
[032/100] 04_to_02  L1=0.491  L1/zero=0.92  cos=0.44  k=0.65
[033/100] 04_to_03  L1=0.210  L1/zero=0.89  cos=0.48  k=0.55
[033/100] 04_to_03  L1=0.210  L1/zero=0.89  cos=0.48  k=0.55
[034/100] 04_to_04  L1=0.003  L1/zero=303907.88  cos=nan  k=nan
[034/100] 04_to_04  L1=0.003  L1/zero=303907.88  cos=nan  k=nan
[035/100] 04_to_05  L1=0.188  L1/zero=0.85  cos=0.52  k=0.49
[035/100] 04_to_05  L1=0.188  L1/zero=0.85  cos=0.52  k=0.49
[036/100] 04_to_06  L1=0.433  L1/zero=0.92  cos=0.37  k=0.40
[036/100] 04_to_06  L1=0.433  L1/zero=0.92  cos=0.37  k=0.40
[037/100] 04_to_07  L1=0.671  L1/zero=0.95  cos=0.32  k=0.23
[037/100] 04_to_07  L1=0.671  L1/zero=0.95  cos=0.32  k=0.23
[038/100] 04_to_08  L1=0.709  L1/zero=0.95  cos=0.29  k=0.25
[038/100] 04_to_08  L1=0.709  L1/zero=0.95  cos=0.29  k=0.25
[039/100] 04_to_09  L1=0.742  L1/zero=1.01  cos=0.12  k=0.40
[039/100] 04_to_09  L1=0.742  L1/zero=1.01  cos=0.12  k=0.40
[040/100] 04_to_10  L1=0.660  L1/zero=0.98  cos=0.44  k=0.74
[040/100] 04_to_10  L1=0.660  L1/zero=0.98  cos=0.44  k=0.74
[041/100] 05_to_01  L1=0.728  L1/zero=0.97  cos=0.53  k=0.98
[041/100] 05_to_01  L1=0.728  L1/zero=0.97  cos=0.53  k=0.98
[042/100] 05_to_02  L1=0.743  L1/zero=0.90  cos=0.48  k=0.72
[042/100] 05_to_02  L1=0.743  L1/zero=0.90  cos=0.48  k=0.72
[043/100] 05_to_03  L1=0.513  L1/zero=0.87  cos=0.45  k=0.53
[043/100] 05_to_03  L1=0.513  L1/zero=0.87  cos=0.45  k=0.53
[044/100] 05_to_04  L1=0.196  L1/zero=0.87  cos=0.53  k=0.75
[044/100] 05_to_04  L1=0.196  L1/zero=0.87  cos=0.53  k=0.75
[045/100] 05_to_05  L1=0.002  L1/zero=209645.69  cos=nan  k=nan
[045/100] 05_to_05  L1=0.002  L1/zero=209645.69  cos=nan  k=nan
[046/100] 05_to_06  L1=0.198  L1/zero=0.91  cos=0.37  k=0.43
[046/100] 05_to_06  L1=0.198  L1/zero=0.91  cos=0.37  k=0.43
[047/100] 05_to_07  L1=0.428  L1/zero=0.90  cos=0.43  k=0.32
[047/100] 05_to_07  L1=0.428  L1/zero=0.90  cos=0.43  k=0.32
[048/100] 05_to_08  L1=0.646  L1/zero=0.97  cos=0.29  k=0.55
[048/100] 05_to_08  L1=0.646  L1/zero=0.97  cos=0.29  k=0.55
[049/100] 05_to_09  L1=0.871  L1/zero=1.08  cos=0.14  k=0.64
[049/100] 05_to_09  L1=0.871  L1/zero=1.08  cos=0.14  k=0.64
[050/100] 05_to_10  L1=0.949  L1/zero=1.25  cos=0.13  k=1.03
[050/100] 05_to_10  L1=0.949  L1/zero=1.25  cos=0.13  k=1.03
[051/100] 06_to_01  L1=0.739  L1/zero=0.96  cos=0.55  k=1.03
[051/100] 06_to_01  L1=0.739  L1/zero=0.96  cos=0.55  k=1.03
[052/100] 06_to_02  L1=0.692  L1/zero=0.99  cos=0.52  k=0.97
[052/100] 06_to_02  L1=0.692  L1/zero=0.99  cos=0.52  k=0.97
[053/100] 06_to_03  L1=0.670  L1/zero=0.89  cos=0.44  k=0.57
[053/100] 06_to_03  L1=0.670  L1/zero=0.89  cos=0.44  k=0.57
[054/100] 06_to_04  L1=0.437  L1/zero=0.91  cos=0.40  k=0.47
[054/100] 06_to_04  L1=0.437  L1/zero=0.91  cos=0.40  k=0.47
[055/100] 06_to_05  L1=0.213  L1/zero=0.99  cos=0.22  k=0.44
[055/100] 06_to_05  L1=0.213  L1/zero=0.99  cos=0.22  k=0.44
[056/100] 06_to_06  L1=0.003  L1/zero=314754.01  cos=nan  k=nan
[056/100] 06_to_06  L1=0.003  L1/zero=314754.01  cos=nan  k=nan
[057/100] 06_to_07  L1=0.216  L1/zero=0.96  cos=0.30  k=0.50
[057/100] 06_to_07  L1=0.216  L1/zero=0.96  cos=0.30  k=0.50
[058/100] 06_to_08  L1=0.461  L1/zero=1.12  cos=0.26  k=0.99
[058/100] 06_to_08  L1=0.461  L1/zero=1.12  cos=0.26  k=0.99
[059/100] 06_to_09  L1=0.728  L1/zero=1.18  cos=0.17  k=0.94
[059/100] 06_to_09  L1=0.728  L1/zero=1.18  cos=0.17  k=0.94
[060/100] 06_to_10  L1=0.908  L1/zero=1.26  cos=0.19  k=1.09
[060/100] 06_to_10  L1=0.908  L1/zero=1.26  cos=0.19  k=1.09
[061/100] 07_to_01  L1=0.745  L1/zero=1.18  cos=0.21  k=1.00
[061/100] 07_to_01  L1=0.745  L1/zero=1.18  cos=0.21  k=1.00
[062/100] 07_to_02  L1=0.672  L1/zero=0.93  cos=0.44  k=0.64
[062/100] 07_to_02  L1=0.672  L1/zero=0.93  cos=0.44  k=0.64
[063/100] 07_to_03  L1=0.633  L1/zero=0.96  cos=0.39  k=0.54
[063/100] 07_to_03  L1=0.633  L1/zero=0.96  cos=0.39  k=0.54
[064/100] 07_to_04  L1=0.693  L1/zero=0.94  cos=0.38  k=0.32
[064/100] 07_to_04  L1=0.693  L1/zero=0.94  cos=0.38  k=0.32
[065/100] 07_to_05  L1=0.460  L1/zero=0.95  cos=0.32  k=0.31
[065/100] 07_to_05  L1=0.460  L1/zero=0.95  cos=0.32  k=0.31
[066/100] 07_to_06  L1=0.229  L1/zero=0.99  cos=0.19  k=0.41
[066/100] 07_to_06  L1=0.229  L1/zero=0.99  cos=0.19  k=0.41
[067/100] 07_to_07  L1=0.003  L1/zero=286244.67  cos=nan  k=nan
[067/100] 07_to_07  L1=0.003  L1/zero=286244.67  cos=nan  k=nan
[068/100] 07_to_08  L1=0.183  L1/zero=1.27  cos=0.28  k=1.19
[068/100] 07_to_08  L1=0.183  L1/zero=1.27  cos=0.28  k=1.19
[069/100] 07_to_09  L1=0.445  L1/zero=1.30  cos=0.06  k=1.01
[069/100] 07_to_09  L1=0.445  L1/zero=1.30  cos=0.06  k=1.01
[070/100] 07_to_10  L1=0.708  L1/zero=1.32  cos=0.15  k=1.09
[070/100] 07_to_10  L1=0.708  L1/zero=1.32  cos=0.15  k=1.09
[071/100] 08_to_01  L1=0.599  L1/zero=1.15  cos=0.19  k=0.92
[071/100] 08_to_01  L1=0.599  L1/zero=1.15  cos=0.19  k=0.92
[072/100] 08_to_02  L1=0.588  L1/zero=0.92  cos=0.41  k=0.53
[072/100] 08_to_02  L1=0.588  L1/zero=0.92  cos=0.41  k=0.53
[073/100] 08_to_03  L1=0.641  L1/zero=0.92  cos=0.41  k=0.42
[073/100] 08_to_03  L1=0.641  L1/zero=0.92  cos=0.41  k=0.42
[074/100] 08_to_04  L1=0.706  L1/zero=0.93  cos=0.38  k=0.32
[074/100] 08_to_04  L1=0.706  L1/zero=0.93  cos=0.38  k=0.32
[075/100] 08_to_05  L1=0.629  L1/zero=0.92  cos=0.35  k=0.42
[075/100] 08_to_05  L1=0.629  L1/zero=0.92  cos=0.35  k=0.42
[076/100] 08_to_06  L1=0.406  L1/zero=0.98  cos=0.37  k=0.80
[076/100] 08_to_06  L1=0.406  L1/zero=0.98  cos=0.37  k=0.80
[077/100] 08_to_07  L1=0.163  L1/zero=1.09  cos=0.35  k=0.95
[077/100] 08_to_07  L1=0.163  L1/zero=1.09  cos=0.35  k=0.95
[078/100] 08_to_08  L1=0.003  L1/zero=330715.88  cos=nan  k=nan
[078/100] 08_to_08  L1=0.003  L1/zero=330715.88  cos=nan  k=nan
[079/100] 08_to_09  L1=0.181  L1/zero=1.17  cos=0.24  k=0.94
[079/100] 08_to_09  L1=0.181  L1/zero=1.17  cos=0.24  k=0.94
[080/100] 08_to_10  L1=0.474  L1/zero=1.35  cos=0.06  k=1.02
[080/100] 08_to_10  L1=0.474  L1/zero=1.35  cos=0.06  k=1.02
[081/100] 09_to_01  L1=0.474  L1/zero=1.34  cos=-0.00  k=0.87
[081/100] 09_to_01  L1=0.474  L1/zero=1.34  cos=-0.00  k=0.87
[082/100] 09_to_02  L1=0.590  L1/zero=1.06  cos=0.11  k=0.48
[082/100] 09_to_02  L1=0.590  L1/zero=1.06  cos=0.11  k=0.48
[083/100] 09_to_03  L1=0.666  L1/zero=0.93  cos=0.28  k=0.45
[083/100] 09_to_03  L1=0.666  L1/zero=0.93  cos=0.28  k=0.45
[084/100] 09_to_04  L1=0.722  L1/zero=0.98  cos=0.19  k=0.58
[084/100] 09_to_04  L1=0.722  L1/zero=0.98  cos=0.19  k=0.58
[085/100] 09_to_05  L1=0.908  L1/zero=1.08  cos=0.14  k=0.69
[085/100] 09_to_05  L1=0.908  L1/zero=1.08  cos=0.14  k=0.69
[086/100] 09_to_06  L1=0.766  L1/zero=1.18  cos=0.20  k=1.02
[086/100] 09_to_06  L1=0.766  L1/zero=1.18  cos=0.20  k=1.02
[087/100] 09_to_07  L1=0.427  L1/zero=1.21  cos=0.16  k=0.99
[087/100] 09_to_07  L1=0.427  L1/zero=1.21  cos=0.16  k=0.99
[088/100] 09_to_08  L1=0.165  L1/zero=1.11  cos=0.18  k=0.72
[088/100] 09_to_08  L1=0.165  L1/zero=1.11  cos=0.18  k=0.72
[089/100] 09_to_09  L1=0.006  L1/zero=572856.05  cos=nan  k=nan
[089/100] 09_to_09  L1=0.006  L1/zero=572856.05  cos=nan  k=nan
[090/100] 09_to_10  L1=0.182  L1/zero=1.19  cos=0.09  k=0.74
[090/100] 09_to_10  L1=0.182  L1/zero=1.19  cos=0.09  k=0.74
[091/100] 10_to_01  L1=0.203  L1/zero=1.15  cos=-0.13  k=0.40
[091/100] 10_to_01  L1=0.203  L1/zero=1.15  cos=-0.13  k=0.40
[092/100] 10_to_02  L1=0.490  L1/zero=0.99  cos=0.18  k=0.28
[092/100] 10_to_02  L1=0.490  L1/zero=0.99  cos=0.18  k=0.28
[093/100] 10_to_03  L1=0.600  L1/zero=0.98  cos=0.31  k=0.49
[093/100] 10_to_03  L1=0.600  L1/zero=0.98  cos=0.31  k=0.49
[094/100] 10_to_04  L1=0.656  L1/zero=0.96  cos=0.44  k=0.68
[094/100] 10_to_04  L1=0.656  L1/zero=0.96  cos=0.44  k=0.68
[095/100] 10_to_05  L1=0.906  L1/zero=1.15  cos=0.16  k=0.90
[095/100] 10_to_05  L1=0.906  L1/zero=1.15  cos=0.16  k=0.90
[096/100] 10_to_06  L1=0.957  L1/zero=1.24  cos=0.17  k=1.01
[096/100] 10_to_06  L1=0.957  L1/zero=1.24  cos=0.17  k=1.01
[097/100] 10_to_07  L1=0.689  L1/zero=1.25  cos=0.02  k=0.89
[097/100] 10_to_07  L1=0.689  L1/zero=1.25  cos=0.02  k=0.89
[098/100] 10_to_08  L1=0.422  L1/zero=1.19  cos=-0.02  k=0.65
[098/100] 10_to_08  L1=0.422  L1/zero=1.19  cos=-0.02  k=0.65
[099/100] 10_to_09  L1=0.172  L1/zero=1.11  cos=0.06  k=0.58
[099/100] 10_to_09  L1=0.172  L1/zero=1.11  cos=0.06  k=0.58
[100/100] 10_to_10  L1=0.002  L1/zero=217157.30  cos=nan  k=nan
[100/100] 10_to_10  L1=0.002  L1/zero=217157.30  cos=nan  k=nan

[encoder] Directed mean: L1=0.535  L1/zero=1.02  cos=0.27  k=0.60  beat_zero=63%

[encoder] Directed mean: L1=0.535  L1/zero=1.02  cos=0.27  k=0.60  beat_zero=63%
wrote /home/abhishek/Voxel_GAN/PopulationStudy/ClinicalExperiments/Experiment1/EncoderCRB/plots/qc_varian/P1/CV_P1_V_01 (100 pngs)
wrote /home/abhishek/Voxel_GAN/PopulationStudy/ClinicalExperiments/Experiment1/EncoderCRB/plots/qc_varian/P1/CV_P1_V_01 (100 pngs)
=== QC decoder CV_P1_V_01 Tue Aug 25 09:59:53 AM AEST 2026 ===
=== QC decoder CV_P1_V_01 Tue Aug 25 09:59:53 AM AEST 2026 ===
[decoder] scan=CV_P1_V_01 pairs=100 panels=100 ckpt=crb_dec_mse_full_spare_generator.pth out=/home/abhishek/Voxel_GAN/PopulationStudy/ClinicalExperiments/Experiment1/DecoderCRB/plots/qc_varian/P1/CV_P1_V_01
[decoder] scan=CV_P1_V_01 pairs=100 panels=100 ckpt=crb_dec_mse_full_spare_generator.pth out=/home/abhishek/Voxel_GAN/PopulationStudy/ClinicalExperiments/Experiment1/DecoderCRB/plots/qc_varian/P1/CV_P1_V_01
[001/100] 01_to_01  L1=0.009  L1/zero=931528.30  cos=nan  k=nan
[001/100] 01_to_01  L1=0.009  L1/zero=931528.30  cos=nan  k=nan
[002/100] 01_to_02  L1=0.230  L1/zero=1.02  cos=0.41  k=0.86
[002/100] 01_to_02  L1=0.230  L1/zero=1.02  cos=0.41  k=0.86
[003/100] 01_to_03  L1=0.505  L1/zero=0.98  cos=0.43  k=0.79
[003/100] 01_to_03  L1=0.505  L1/zero=0.98  cos=0.43  k=0.79
[004/100] 01_to_04  L1=0.691  L1/zero=0.97  cos=0.46  k=0.78
[004/100] 01_to_04  L1=0.691  L1/zero=0.97  cos=0.46  k=0.78
[005/100] 01_to_05  L1=0.800  L1/zero=1.06  cos=0.44  k=0.93
[005/100] 01_to_05  L1=0.800  L1/zero=1.06  cos=0.44  k=0.93
[006/100] 01_to_06  L1=0.778  L1/zero=1.05  cos=0.48  k=1.05
[006/100] 01_to_06  L1=0.778  L1/zero=1.05  cos=0.48  k=1.05
[007/100] 01_to_07  L1=0.696  L1/zero=1.10  cos=0.23  k=0.87
[007/100] 01_to_07  L1=0.696  L1/zero=1.10  cos=0.23  k=0.87
[008/100] 01_to_08  L1=0.540  L1/zero=1.03  cos=0.21  k=0.56
[008/100] 01_to_08  L1=0.540  L1/zero=1.03  cos=0.21  k=0.56
[009/100] 01_to_09  L1=0.369  L1/zero=1.06  cos=0.08  k=0.35
[009/100] 01_to_09  L1=0.369  L1/zero=1.06  cos=0.08  k=0.35
[010/100] 01_to_10  L1=0.160  L1/zero=1.00  cos=0.16  k=0.17
[010/100] 01_to_10  L1=0.160  L1/zero=1.00  cos=0.16  k=0.17
[011/100] 02_to_01  L1=0.232  L1/zero=1.01  cos=0.39  k=0.79
[011/100] 02_to_01  L1=0.232  L1/zero=1.01  cos=0.39  k=0.79
[012/100] 02_to_02  L1=0.007  L1/zero=743637.79  cos=nan  k=nan
[012/100] 02_to_02  L1=0.007  L1/zero=743637.79  cos=nan  k=nan
[013/100] 02_to_03  L1=0.228  L1/zero=1.04  cos=0.47  k=1.00
[013/100] 02_to_03  L1=0.228  L1/zero=1.04  cos=0.47  k=1.00
[014/100] 02_to_04  L1=0.487  L1/zero=0.91  cos=0.48  k=0.68
[014/100] 02_to_04  L1=0.487  L1/zero=0.91  cos=0.48  k=0.68
[015/100] 02_to_05  L1=0.711  L1/zero=0.88  cos=0.50  k=0.63
[015/100] 02_to_05  L1=0.711  L1/zero=0.88  cos=0.50  k=0.63
[016/100] 02_to_06  L1=0.695  L1/zero=1.01  cos=0.40  k=0.76
[016/100] 02_to_06  L1=0.695  L1/zero=1.01  cos=0.40  k=0.76
[017/100] 02_to_07  L1=0.623  L1/zero=0.88  cos=0.40  k=0.45
[017/100] 02_to_07  L1=0.623  L1/zero=0.88  cos=0.40  k=0.45
[018/100] 02_to_08  L1=0.585  L1/zero=0.94  cos=0.27  k=0.23
[018/100] 02_to_08  L1=0.585  L1/zero=0.94  cos=0.27  k=0.23
[019/100] 02_to_09  L1=0.556  L1/zero=1.02  cos=0.08  k=0.17
[019/100] 02_to_09  L1=0.556  L1/zero=1.02  cos=0.08  k=0.17
[020/100] 02_to_10  L1=0.475  L1/zero=0.95  cos=0.32  k=0.29
[020/100] 02_to_10  L1=0.475  L1/zero=0.95  cos=0.32  k=0.29
[021/100] 03_to_01  L1=0.527  L1/zero=1.03  cos=0.40  k=0.83
[021/100] 03_to_01  L1=0.527  L1/zero=1.03  cos=0.40  k=0.83
[022/100] 03_to_02  L1=0.218  L1/zero=1.02  cos=0.42  k=0.86
[022/100] 03_to_02  L1=0.218  L1/zero=1.02  cos=0.42  k=0.86
[023/100] 03_to_03  L1=0.009  L1/zero=923427.75  cos=nan  k=nan
[023/100] 03_to_03  L1=0.009  L1/zero=923427.75  cos=nan  k=nan
[024/100] 03_to_04  L1=0.233  L1/zero=0.97  cos=0.30  k=0.39
[024/100] 03_to_04  L1=0.233  L1/zero=0.97  cos=0.30  k=0.39
[025/100] 03_to_05  L1=0.540  L1/zero=0.93  cos=0.33  k=0.33
[025/100] 03_to_05  L1=0.540  L1/zero=0.93  cos=0.33  k=0.33
[026/100] 03_to_06  L1=0.694  L1/zero=0.91  cos=0.35  k=0.32
[026/100] 03_to_06  L1=0.694  L1/zero=0.91  cos=0.35  k=0.32
[027/100] 03_to_07  L1=0.626  L1/zero=0.98  cos=0.17  k=0.22
[027/100] 03_to_07  L1=0.626  L1/zero=0.98  cos=0.17  k=0.22
[028/100] 03_to_08  L1=0.731  L1/zero=1.06  cos=-0.10  k=0.22
[028/100] 03_to_08  L1=0.731  L1/zero=1.06  cos=-0.10  k=0.22
[029/100] 03_to_09  L1=0.816  L1/zero=1.19  cos=-0.14  k=0.46
[029/100] 03_to_09  L1=0.816  L1/zero=1.19  cos=-0.14  k=0.46
[030/100] 03_to_10  L1=0.670  L1/zero=1.24  cos=0.19  k=0.86
[030/100] 03_to_10  L1=0.670  L1/zero=1.24  cos=0.19  k=0.86
[031/100] 04_to_01  L1=0.825  L1/zero=1.06  cos=0.43  k=0.87
[031/100] 04_to_01  L1=0.825  L1/zero=1.06  cos=0.43  k=0.87
[032/100] 04_to_02  L1=0.507  L1/zero=0.95  cos=0.47  k=0.80
[032/100] 04_to_02  L1=0.507  L1/zero=0.95  cos=0.47  k=0.80
[033/100] 04_to_03  L1=0.224  L1/zero=0.94  cos=0.44  k=0.65
[033/100] 04_to_03  L1=0.224  L1/zero=0.94  cos=0.44  k=0.65
[034/100] 04_to_04  L1=0.010  L1/zero=952246.32  cos=nan  k=nan
[034/100] 04_to_04  L1=0.010  L1/zero=952246.32  cos=nan  k=nan
[035/100] 04_to_05  L1=0.211  L1/zero=0.95  cos=0.31  k=0.26
[035/100] 04_to_05  L1=0.211  L1/zero=0.95  cos=0.31  k=0.26
[036/100] 04_to_06  L1=0.443  L1/zero=0.94  cos=0.34  k=0.19
[036/100] 04_to_06  L1=0.443  L1/zero=0.94  cos=0.34  k=0.19
[037/100] 04_to_07  L1=0.713  L1/zero=1.01  cos=0.08  k=0.17
[037/100] 04_to_07  L1=0.713  L1/zero=1.01  cos=0.08  k=0.17
[038/100] 04_to_08  L1=0.862  L1/zero=1.15  cos=-0.13  k=0.40
[038/100] 04_to_08  L1=0.862  L1/zero=1.15  cos=-0.13  k=0.40
[039/100] 04_to_09  L1=0.913  L1/zero=1.24  cos=0.01  k=0.67
[039/100] 04_to_09  L1=0.913  L1/zero=1.24  cos=0.01  k=0.67
[040/100] 04_to_10  L1=0.814  L1/zero=1.21  cos=0.32  k=0.92
[040/100] 04_to_10  L1=0.814  L1/zero=1.21  cos=0.32  k=0.92
[041/100] 05_to_01  L1=0.921  L1/zero=1.23  cos=0.39  k=1.07
[041/100] 05_to_01  L1=0.921  L1/zero=1.23  cos=0.39  k=1.07
[042/100] 05_to_02  L1=0.770  L1/zero=0.93  cos=0.45  k=0.69
[042/100] 05_to_02  L1=0.770  L1/zero=0.93  cos=0.45  k=0.69
[043/100] 05_to_03  L1=0.517  L1/zero=0.88  cos=0.42  k=0.45
[043/100] 05_to_03  L1=0.517  L1/zero=0.88  cos=0.42  k=0.45
[044/100] 05_to_04  L1=0.202  L1/zero=0.90  cos=0.45  k=0.53
[044/100] 05_to_04  L1=0.202  L1/zero=0.90  cos=0.45  k=0.53
[045/100] 05_to_05  L1=0.011  L1/zero=1071857.94  cos=nan  k=nan
[045/100] 05_to_05  L1=0.011  L1/zero=1071857.94  cos=nan  k=nan
[046/100] 05_to_06  L1=0.214  L1/zero=0.98  cos=0.23  k=0.11
[046/100] 05_to_06  L1=0.214  L1/zero=0.98  cos=0.23  k=0.11
[047/100] 05_to_07  L1=0.490  L1/zero=1.03  cos=0.09  k=0.32
[047/100] 05_to_07  L1=0.490  L1/zero=1.03  cos=0.09  k=0.32
[048/100] 05_to_08  L1=0.794  L1/zero=1.19  cos=-0.01  k=0.59
[048/100] 05_to_08  L1=0.794  L1/zero=1.19  cos=-0.01  k=0.59
[049/100] 05_to_09  L1=1.049  L1/zero=1.30  cos=-0.02  k=0.75
[049/100] 05_to_09  L1=1.049  L1/zero=1.30  cos=-0.02  k=0.75
[050/100] 05_to_10  L1=1.012  L1/zero=1.33  cos=0.15  k=0.98
[050/100] 05_to_10  L1=1.012  L1/zero=1.33  cos=0.15  k=0.98
[051/100] 06_to_01  L1=0.878  L1/zero=1.14  cos=0.44  k=1.07
[051/100] 06_to_01  L1=0.878  L1/zero=1.14  cos=0.44  k=1.07
[052/100] 06_to_02  L1=0.729  L1/zero=1.05  cos=0.37  k=0.81
[052/100] 06_to_02  L1=0.729  L1/zero=1.05  cos=0.37  k=0.81
[053/100] 06_to_03  L1=0.690  L1/zero=0.92  cos=0.33  k=0.42
[053/100] 06_to_03  L1=0.690  L1/zero=0.92  cos=0.33  k=0.42
[054/100] 06_to_04  L1=0.443  L1/zero=0.92  cos=0.36  k=0.40
[054/100] 06_to_04  L1=0.443  L1/zero=0.92  cos=0.36  k=0.40
[055/100] 06_to_05  L1=0.211  L1/zero=0.98  cos=0.22  k=0.33
[055/100] 06_to_05  L1=0.211  L1/zero=0.98  cos=0.22  k=0.33
[056/100] 06_to_06  L1=0.016  L1/zero=1627601.12  cos=nan  k=nan
[056/100] 06_to_06  L1=0.016  L1/zero=1627601.12  cos=nan  k=nan
[057/100] 06_to_07  L1=0.259  L1/zero=1.15  cos=0.08  k=0.60
[057/100] 06_to_07  L1=0.259  L1/zero=1.15  cos=0.08  k=0.60
[058/100] 06_to_08  L1=0.595  L1/zero=1.44  cos=0.01  k=1.03
[058/100] 06_to_08  L1=0.595  L1/zero=1.44  cos=0.01  k=1.03
[059/100] 06_to_09  L1=0.882  L1/zero=1.43  cos=0.07  k=1.05
[059/100] 06_to_09  L1=0.882  L1/zero=1.43  cos=0.07  k=1.05
[060/100] 06_to_10  L1=0.990  L1/zero=1.37  cos=0.16  k=1.07
[060/100] 06_to_10  L1=0.990  L1/zero=1.37  cos=0.16  k=1.07
[061/100] 07_to_01  L1=0.809  L1/zero=1.28  cos=0.28  k=1.19
[061/100] 07_to_01  L1=0.809  L1/zero=1.28  cos=0.28  k=1.19
[062/100] 07_to_02  L1=0.683  L1/zero=0.95  cos=0.29  k=0.49
[062/100] 07_to_02  L1=0.683  L1/zero=0.95  cos=0.29  k=0.49
[063/100] 07_to_03  L1=0.631  L1/zero=0.96  cos=0.20  k=0.23
[063/100] 07_to_03  L1=0.631  L1/zero=0.96  cos=0.20  k=0.23
[064/100] 07_to_04  L1=0.717  L1/zero=0.98  cos=0.21  k=0.12
[064/100] 07_to_04  L1=0.717  L1/zero=0.98  cos=0.21  k=0.12
[065/100] 07_to_05  L1=0.477  L1/zero=0.99  cos=0.15  k=0.14
[065/100] 07_to_05  L1=0.477  L1/zero=0.99  cos=0.15  k=0.14
[066/100] 07_to_06  L1=0.231  L1/zero=1.00  cos=0.16  k=0.27
[066/100] 07_to_06  L1=0.231  L1/zero=1.00  cos=0.16  k=0.27
[067/100] 07_to_07  L1=0.008  L1/zero=770219.74  cos=nan  k=nan
[067/100] 07_to_07  L1=0.008  L1/zero=770219.74  cos=nan  k=nan
[068/100] 07_to_08  L1=0.204  L1/zero=1.41  cos=0.09  k=1.03
[068/100] 07_to_08  L1=0.204  L1/zero=1.41  cos=0.09  k=1.03
[069/100] 07_to_09  L1=0.528  L1/zero=1.54  cos=0.08  k=1.28
[069/100] 07_to_09  L1=0.528  L1/zero=1.54  cos=0.08  k=1.28
[070/100] 07_to_10  L1=0.772  L1/zero=1.44  cos=0.12  k=1.20
[070/100] 07_to_10  L1=0.772  L1/zero=1.44  cos=0.12  k=1.20
[071/100] 08_to_01  L1=0.537  L1/zero=1.03  cos=0.21  k=0.55
[071/100] 08_to_01  L1=0.537  L1/zero=1.03  cos=0.21  k=0.55
[072/100] 08_to_02  L1=0.638  L1/zero=1.00  cos=0.08  k=0.20
[072/100] 08_to_02  L1=0.638  L1/zero=1.00  cos=0.08  k=0.20
[073/100] 08_to_03  L1=0.704  L1/zero=1.00  cos=0.06  k=0.15
[073/100] 08_to_03  L1=0.704  L1/zero=1.00  cos=0.06  k=0.15
[074/100] 08_to_04  L1=0.788  L1/zero=1.04  cos=0.03  k=0.30
[074/100] 08_to_04  L1=0.788  L1/zero=1.04  cos=0.03  k=0.30
[075/100] 08_to_05  L1=0.779  L1/zero=1.14  cos=-0.01  k=0.55
[075/100] 08_to_05  L1=0.779  L1/zero=1.14  cos=-0.01  k=0.55
[076/100] 08_to_06  L1=0.559  L1/zero=1.34  cos=0.02  k=0.97
[076/100] 08_to_06  L1=0.559  L1/zero=1.34  cos=0.02  k=0.97
[077/100] 08_to_07  L1=0.180  L1/zero=1.21  cos=0.14  k=0.79
[077/100] 08_to_07  L1=0.180  L1/zero=1.21  cos=0.14  k=0.79
[078/100] 08_to_08  L1=0.013  L1/zero=1268307.49  cos=nan  k=nan
[078/100] 08_to_08  L1=0.013  L1/zero=1268307.49  cos=nan  k=nan
[079/100] 08_to_09  L1=0.192  L1/zero=1.25  cos=0.17  k=0.92
[079/100] 08_to_09  L1=0.192  L1/zero=1.25  cos=0.17  k=0.92
[080/100] 08_to_10  L1=0.419  L1/zero=1.19  cos=0.18  k=0.84
[080/100] 08_to_10  L1=0.419  L1/zero=1.19  cos=0.18  k=0.84
[081/100] 09_to_01  L1=0.374  L1/zero=1.06  cos=0.14  k=0.48
[081/100] 09_to_01  L1=0.374  L1/zero=1.06  cos=0.14  k=0.48
[082/100] 09_to_02  L1=0.553  L1/zero=1.00  cos=0.14  k=0.20
[082/100] 09_to_02  L1=0.553  L1/zero=1.00  cos=0.14  k=0.20
[083/100] 09_to_03  L1=0.768  L1/zero=1.07  cos=0.05  k=0.38
[083/100] 09_to_03  L1=0.768  L1/zero=1.07  cos=0.05  k=0.38
[084/100] 09_to_04  L1=0.854  L1/zero=1.16  cos=0.09  k=0.68
[084/100] 09_to_04  L1=0.854  L1/zero=1.16  cos=0.09  k=0.68
[085/100] 09_to_05  L1=1.089  L1/zero=1.30  cos=-0.01  k=0.83
[085/100] 09_to_05  L1=1.089  L1/zero=1.30  cos=-0.01  k=0.83
[086/100] 09_to_06  L1=0.981  L1/zero=1.51  cos=0.06  k=1.21
[086/100] 09_to_06  L1=0.981  L1/zero=1.51  cos=0.06  k=1.21
[087/100] 09_to_07  L1=0.492  L1/zero=1.40  cos=0.12  k=1.20
[087/100] 09_to_07  L1=0.492  L1/zero=1.40  cos=0.12  k=1.20
[088/100] 09_to_08  L1=0.168  L1/zero=1.13  cos=0.23  k=0.84
[088/100] 09_to_08  L1=0.168  L1/zero=1.13  cos=0.23  k=0.84
[089/100] 09_to_09  L1=0.010  L1/zero=988998.73  cos=nan  k=nan
[089/100] 09_to_09  L1=0.010  L1/zero=988998.73  cos=nan  k=nan
[090/100] 09_to_10  L1=0.174  L1/zero=1.14  cos=0.19  k=0.78
[090/100] 09_to_10  L1=0.174  L1/zero=1.14  cos=0.19  k=0.78
[091/100] 10_to_01  L1=0.171  L1/zero=0.97  cos=0.30  k=0.21
[091/100] 10_to_01  L1=0.171  L1/zero=0.97  cos=0.30  k=0.21
[092/100] 10_to_02  L1=0.479  L1/zero=0.97  cos=0.29  k=0.23
[092/100] 10_to_02  L1=0.479  L1/zero=0.97  cos=0.29  k=0.23
[093/100] 10_to_03  L1=0.638  L1/zero=1.04  cos=0.25  k=0.51
[093/100] 10_to_03  L1=0.638  L1/zero=1.04  cos=0.25  k=0.51
[094/100] 10_to_04  L1=0.798  L1/zero=1.17  cos=0.26  k=0.80
[094/100] 10_to_04  L1=0.798  L1/zero=1.17  cos=0.26  k=0.80
[095/100] 10_to_05  L1=1.026  L1/zero=1.31  cos=0.15  k=0.94
[095/100] 10_to_05  L1=1.026  L1/zero=1.31  cos=0.15  k=0.94
[096/100] 10_to_06  L1=1.154  L1/zero=1.49  cos=0.03  k=1.12
[096/100] 10_to_06  L1=1.154  L1/zero=1.49  cos=0.03  k=1.12
[097/100] 10_to_07  L1=0.682  L1/zero=1.24  cos=0.12  k=0.87
[097/100] 10_to_07  L1=0.682  L1/zero=1.24  cos=0.12  k=0.87
[098/100] 10_to_08  L1=0.383  L1/zero=1.08  cos=0.16  k=0.64
[098/100] 10_to_08  L1=0.383  L1/zero=1.08  cos=0.16  k=0.64
[099/100] 10_to_09  L1=0.161  L1/zero=1.04  cos=0.21  k=0.51
[099/100] 10_to_09  L1=0.161  L1/zero=1.04  cos=0.21  k=0.51
[100/100] 10_to_10  L1=0.008  L1/zero=762785.88  cos=nan  k=nan
[100/100] 10_to_10  L1=0.008  L1/zero=762785.88  cos=nan  k=nan

[decoder] Directed mean: L1=0.582  L1/zero=1.10  cos=0.22  k=0.63  beat_zero=34%

[decoder] Directed mean: L1=0.582  L1/zero=1.10  cos=0.22  k=0.63  beat_zero=34%
wrote /home/abhishek/Voxel_GAN/PopulationStudy/ClinicalExperiments/Experiment1/DecoderCRB/plots/qc_varian/P1/CV_P1_V_01 (100 pngs)
wrote /home/abhishek/Voxel_GAN/PopulationStudy/ClinicalExperiments/Experiment1/DecoderCRB/plots/qc_varian/P1/CV_P1_V_01 (100 pngs)
=== PREP CV_P2_V_01 (have 100 pairs) Tue Aug 25 10:00:43 AM AEST 2026 ===
=== PREP CV_P2_V_01 (have 100 pairs) Tue Aug 25 10:00:43 AM AEST 2026 ===
[skip prep] CV_P2_V_01 already has 100 pairs
[skip prep] CV_P2_V_01 already has 100 pairs
=== QC encoder CV_P2_V_01 Tue Aug 25 10:00:43 AM AEST 2026 ===
=== QC encoder CV_P2_V_01 Tue Aug 25 10:00:43 AM AEST 2026 ===
[encoder] scan=CV_P2_V_01 pairs=100 panels=100 ckpt=crb_enc_mse_full_spare_generator.pth out=/home/abhishek/Voxel_GAN/PopulationStudy/ClinicalExperiments/Experiment1/EncoderCRB/plots/qc_varian/P2/CV_P2_V_01
[encoder] scan=CV_P2_V_01 pairs=100 panels=100 ckpt=crb_enc_mse_full_spare_generator.pth out=/home/abhishek/Voxel_GAN/PopulationStudy/ClinicalExperiments/Experiment1/EncoderCRB/plots/qc_varian/P2/CV_P2_V_01
[001/100] 01_to_01  L1=0.004  L1/zero=408175.17  cos=nan  k=nan
[001/100] 01_to_01  L1=0.004  L1/zero=408175.17  cos=nan  k=nan
[002/100] 01_to_02  L1=0.272  L1/zero=0.82  cos=0.63  k=0.47
[002/100] 01_to_02  L1=0.272  L1/zero=0.82  cos=0.63  k=0.47
[003/100] 01_to_03  L1=0.628  L1/zero=0.83  cos=0.68  k=0.57
[003/100] 01_to_03  L1=0.628  L1/zero=0.83  cos=0.68  k=0.57
[004/100] 01_to_04  L1=0.820  L1/zero=0.84  cos=0.68  k=0.60
[004/100] 01_to_04  L1=0.820  L1/zero=0.84  cos=0.68  k=0.60
[005/100] 01_to_05  L1=0.960  L1/zero=0.84  cos=0.65  k=0.59
[005/100] 01_to_05  L1=0.960  L1/zero=0.84  cos=0.65  k=0.59
[006/100] 01_to_06  L1=0.956  L1/zero=0.84  cos=0.64  k=0.62
[006/100] 01_to_06  L1=0.956  L1/zero=0.84  cos=0.64  k=0.62
[007/100] 01_to_07  L1=0.803  L1/zero=0.85  cos=0.69  k=0.72
[007/100] 01_to_07  L1=0.803  L1/zero=0.85  cos=0.69  k=0.72
[008/100] 01_to_08  L1=0.687  L1/zero=0.86  cos=0.67  k=0.74
[008/100] 01_to_08  L1=0.687  L1/zero=0.86  cos=0.67  k=0.74
[009/100] 01_to_09  L1=0.455  L1/zero=0.85  cos=0.65  k=0.65
[009/100] 01_to_09  L1=0.455  L1/zero=0.85  cos=0.65  k=0.65
[010/100] 01_to_10  L1=0.210  L1/zero=0.91  cos=0.42  k=0.38
[010/100] 01_to_10  L1=0.210  L1/zero=0.91  cos=0.42  k=0.38
[011/100] 02_to_01  L1=0.311  L1/zero=0.91  cos=0.46  k=0.36
[011/100] 02_to_01  L1=0.311  L1/zero=0.91  cos=0.46  k=0.36
[012/100] 02_to_02  L1=0.006  L1/zero=583252.68  cos=nan  k=nan
[012/100] 02_to_02  L1=0.006  L1/zero=583252.68  cos=nan  k=nan
[013/100] 02_to_03  L1=0.283  L1/zero=0.86  cos=0.64  k=0.55
[013/100] 02_to_03  L1=0.283  L1/zero=0.86  cos=0.64  k=0.55
[014/100] 02_to_04  L1=0.575  L1/zero=0.84  cos=0.69  k=0.53
[014/100] 02_to_04  L1=0.575  L1/zero=0.84  cos=0.69  k=0.53
[015/100] 02_to_05  L1=0.719  L1/zero=0.82  cos=0.68  k=0.58
[015/100] 02_to_05  L1=0.719  L1/zero=0.82  cos=0.68  k=0.58
[016/100] 02_to_06  L1=0.812  L1/zero=0.82  cos=0.65  k=0.60
[016/100] 02_to_06  L1=0.812  L1/zero=0.82  cos=0.65  k=0.60
[017/100] 02_to_07  L1=0.725  L1/zero=0.79  cos=0.68  k=0.64
[017/100] 02_to_07  L1=0.725  L1/zero=0.79  cos=0.68  k=0.64
[018/100] 02_to_08  L1=0.604  L1/zero=0.80  cos=0.64  k=0.58
[018/100] 02_to_08  L1=0.604  L1/zero=0.80  cos=0.64  k=0.58
[019/100] 02_to_09  L1=0.401  L1/zero=0.80  cos=0.64  k=0.50
[019/100] 02_to_09  L1=0.401  L1/zero=0.80  cos=0.64  k=0.50
[020/100] 02_to_10  L1=0.357  L1/zero=0.92  cos=0.36  k=0.41
[020/100] 02_to_10  L1=0.357  L1/zero=0.92  cos=0.36  k=0.41
[021/100] 03_to_01  L1=0.644  L1/zero=0.83  cos=0.70  k=0.50
[021/100] 03_to_01  L1=0.644  L1/zero=0.83  cos=0.70  k=0.50
[022/100] 03_to_02  L1=0.273  L1/zero=0.80  cos=0.75  k=0.60
[022/100] 03_to_02  L1=0.273  L1/zero=0.80  cos=0.75  k=0.60
[023/100] 03_to_03  L1=0.002  L1/zero=198269.78  cos=nan  k=nan
[023/100] 03_to_03  L1=0.002  L1/zero=198269.78  cos=nan  k=nan
[024/100] 03_to_04  L1=0.230  L1/zero=0.81  cos=0.73  k=0.73
[024/100] 03_to_04  L1=0.230  L1/zero=0.81  cos=0.73  k=0.73
[025/100] 03_to_05  L1=0.486  L1/zero=0.81  cos=0.65  k=0.55
[025/100] 03_to_05  L1=0.486  L1/zero=0.81  cos=0.65  k=0.55
[026/100] 03_to_06  L1=0.611  L1/zero=0.85  cos=0.59  k=0.58
[026/100] 03_to_06  L1=0.611  L1/zero=0.85  cos=0.59  k=0.58
[027/100] 03_to_07  L1=0.613  L1/zero=0.86  cos=0.58  k=0.56
[027/100] 03_to_07  L1=0.613  L1/zero=0.86  cos=0.58  k=0.56
[028/100] 03_to_08  L1=0.540  L1/zero=0.84  cos=0.58  k=0.47
[028/100] 03_to_08  L1=0.540  L1/zero=0.84  cos=0.58  k=0.47
[029/100] 03_to_09  L1=0.437  L1/zero=0.77  cos=0.62  k=0.53
[029/100] 03_to_09  L1=0.437  L1/zero=0.77  cos=0.62  k=0.53
[030/100] 03_to_10  L1=0.600  L1/zero=0.87  cos=0.54  k=0.67
[030/100] 03_to_10  L1=0.600  L1/zero=0.87  cos=0.54  k=0.67
[031/100] 04_to_01  L1=0.866  L1/zero=0.84  cos=0.69  k=0.54
[031/100] 04_to_01  L1=0.866  L1/zero=0.84  cos=0.69  k=0.54
[032/100] 04_to_02  L1=0.590  L1/zero=0.84  cos=0.72  k=0.56
[032/100] 04_to_02  L1=0.590  L1/zero=0.84  cos=0.72  k=0.56
[033/100] 04_to_03  L1=0.234  L1/zero=0.84  cos=0.71  k=0.61
[033/100] 04_to_03  L1=0.234  L1/zero=0.84  cos=0.71  k=0.61
[034/100] 04_to_04  L1=0.001  L1/zero=147886.96  cos=nan  k=nan
[034/100] 04_to_04  L1=0.001  L1/zero=147886.96  cos=nan  k=nan
[035/100] 04_to_05  L1=0.182  L1/zero=0.84  cos=0.64  k=0.77
[035/100] 04_to_05  L1=0.182  L1/zero=0.84  cos=0.64  k=0.77
[036/100] 04_to_06  L1=0.376  L1/zero=0.89  cos=0.54  k=0.67
[036/100] 04_to_06  L1=0.376  L1/zero=0.89  cos=0.54  k=0.67
[037/100] 04_to_07  L1=0.442  L1/zero=0.87  cos=0.53  k=0.46
[037/100] 04_to_07  L1=0.442  L1/zero=0.87  cos=0.53  k=0.46
[038/100] 04_to_08  L1=0.473  L1/zero=0.84  cos=0.56  k=0.43
[038/100] 04_to_08  L1=0.473  L1/zero=0.84  cos=0.56  k=0.43
[039/100] 04_to_09  L1=0.552  L1/zero=0.81  cos=0.61  k=0.63
[039/100] 04_to_09  L1=0.552  L1/zero=0.81  cos=0.61  k=0.63
[040/100] 04_to_10  L1=0.774  L1/zero=0.87  cos=0.61  k=0.67
[040/100] 04_to_10  L1=0.774  L1/zero=0.87  cos=0.61  k=0.67
[041/100] 05_to_01  L1=1.132  L1/zero=0.92  cos=0.51  k=0.51
[041/100] 05_to_01  L1=1.132  L1/zero=0.92  cos=0.51  k=0.51
[042/100] 05_to_02  L1=0.834  L1/zero=0.91  cos=0.56  k=0.52
[042/100] 05_to_02  L1=0.834  L1/zero=0.91  cos=0.56  k=0.52
[043/100] 05_to_03  L1=0.533  L1/zero=0.90  cos=0.55  k=0.51
[043/100] 05_to_03  L1=0.533  L1/zero=0.90  cos=0.55  k=0.51
[044/100] 05_to_04  L1=0.200  L1/zero=0.88  cos=0.59  k=0.76
[044/100] 05_to_04  L1=0.200  L1/zero=0.88  cos=0.59  k=0.76
[045/100] 05_to_05  L1=0.002  L1/zero=176398.53  cos=nan  k=nan
[045/100] 05_to_05  L1=0.002  L1/zero=176398.53  cos=nan  k=nan
[046/100] 05_to_06  L1=0.134  L1/zero=0.96  cos=0.49  k=0.87
[046/100] 05_to_06  L1=0.134  L1/zero=0.96  cos=0.49  k=0.87
[047/100] 05_to_07  L1=0.256  L1/zero=0.90  cos=0.42  k=0.63
[047/100] 05_to_07  L1=0.256  L1/zero=0.90  cos=0.42  k=0.63
[048/100] 05_to_08  L1=0.482  L1/zero=0.95  cos=0.36  k=0.52
[048/100] 05_to_08  L1=0.482  L1/zero=0.95  cos=0.36  k=0.52
[049/100] 05_to_09  L1=0.641  L1/zero=0.90  cos=0.52  k=0.67
[049/100] 05_to_09  L1=0.641  L1/zero=0.90  cos=0.52  k=0.67
[050/100] 05_to_10  L1=0.960  L1/zero=0.93  cos=0.52  k=0.60
[050/100] 05_to_10  L1=0.960  L1/zero=0.93  cos=0.52  k=0.60
[051/100] 06_to_01  L1=1.155  L1/zero=0.92  cos=0.54  k=0.54
[051/100] 06_to_01  L1=1.155  L1/zero=0.92  cos=0.54  k=0.54
[052/100] 06_to_02  L1=0.900  L1/zero=0.88  cos=0.59  k=0.56
[052/100] 06_to_02  L1=0.900  L1/zero=0.88  cos=0.59  k=0.56
[053/100] 06_to_03  L1=0.635  L1/zero=0.89  cos=0.52  k=0.55
[053/100] 06_to_03  L1=0.635  L1/zero=0.89  cos=0.52  k=0.55
[054/100] 06_to_04  L1=0.373  L1/zero=0.89  cos=0.53  k=0.67
[054/100] 06_to_04  L1=0.373  L1/zero=0.89  cos=0.53  k=0.67
[055/100] 06_to_05  L1=0.145  L1/zero=0.96  cos=0.43  k=0.78
[055/100] 06_to_05  L1=0.145  L1/zero=0.96  cos=0.43  k=0.78
[056/100] 06_to_06  L1=0.002  L1/zero=195648.01  cos=nan  k=nan
[056/100] 06_to_06  L1=0.002  L1/zero=195648.01  cos=nan  k=nan
[057/100] 06_to_07  L1=0.151  L1/zero=0.90  cos=0.47  k=0.79
[057/100] 06_to_07  L1=0.151  L1/zero=0.90  cos=0.47  k=0.79
[058/100] 06_to_08  L1=0.339  L1/zero=0.95  cos=0.52  k=0.83
[058/100] 06_to_08  L1=0.339  L1/zero=0.95  cos=0.52  k=0.83
[059/100] 06_to_09  L1=0.584  L1/zero=0.93  cos=0.57  k=0.76
[059/100] 06_to_09  L1=0.584  L1/zero=0.93  cos=0.57  k=0.76
[060/100] 06_to_10  L1=0.977  L1/zero=0.94  cos=0.51  k=0.59
[060/100] 06_to_10  L1=0.977  L1/zero=0.94  cos=0.51  k=0.59
[061/100] 07_to_01  L1=1.009  L1/zero=0.93  cos=0.57  k=0.58
[061/100] 07_to_01  L1=1.009  L1/zero=0.93  cos=0.57  k=0.58
[062/100] 07_to_02  L1=0.881  L1/zero=0.88  cos=0.56  k=0.54
[062/100] 07_to_02  L1=0.881  L1/zero=0.88  cos=0.56  k=0.54
[063/100] 07_to_03  L1=0.657  L1/zero=0.89  cos=0.48  k=0.47
[063/100] 07_to_03  L1=0.657  L1/zero=0.89  cos=0.48  k=0.47
[064/100] 07_to_04  L1=0.441  L1/zero=0.87  cos=0.48  k=0.41
[064/100] 07_to_04  L1=0.441  L1/zero=0.87  cos=0.48  k=0.41
[065/100] 07_to_05  L1=0.277  L1/zero=0.92  cos=0.34  k=0.49
[065/100] 07_to_05  L1=0.277  L1/zero=0.92  cos=0.34  k=0.49
[066/100] 07_to_06  L1=0.175  L1/zero=0.94  cos=0.31  k=0.51
[066/100] 07_to_06  L1=0.175  L1/zero=0.94  cos=0.31  k=0.51
[067/100] 07_to_07  L1=0.002  L1/zero=212279.52  cos=nan  k=nan
[067/100] 07_to_07  L1=0.002  L1/zero=212279.52  cos=nan  k=nan
[068/100] 07_to_08  L1=0.237  L1/zero=1.06  cos=0.41  k=0.82
[068/100] 07_to_08  L1=0.237  L1/zero=1.06  cos=0.41  k=0.82
[069/100] 07_to_09  L1=0.474  L1/zero=1.05  cos=0.55  k=0.84
[069/100] 07_to_09  L1=0.474  L1/zero=1.05  cos=0.55  k=0.84
[070/100] 07_to_10  L1=0.824  L1/zero=1.02  cos=0.52  k=0.65
[070/100] 07_to_10  L1=0.824  L1/zero=1.02  cos=0.52  k=0.65
[071/100] 08_to_01  L1=0.801  L1/zero=0.88  cos=0.66  k=0.70
[071/100] 08_to_01  L1=0.801  L1/zero=0.88  cos=0.66  k=0.70
[072/100] 08_to_02  L1=0.671  L1/zero=0.81  cos=0.65  k=0.61
[072/100] 08_to_02  L1=0.671  L1/zero=0.81  cos=0.65  k=0.61
[073/100] 08_to_03  L1=0.557  L1/zero=0.83  cos=0.57  k=0.47
[073/100] 08_to_03  L1=0.557  L1/zero=0.83  cos=0.57  k=0.47
[074/100] 08_to_04  L1=0.470  L1/zero=0.82  cos=0.57  k=0.42
[074/100] 08_to_04  L1=0.470  L1/zero=0.82  cos=0.57  k=0.42
[075/100] 08_to_05  L1=0.421  L1/zero=0.86  cos=0.50  k=0.49
[075/100] 08_to_05  L1=0.421  L1/zero=0.86  cos=0.50  k=0.49
[076/100] 08_to_06  L1=0.306  L1/zero=0.82  cos=0.62  k=0.73
[076/100] 08_to_06  L1=0.306  L1/zero=0.82  cos=0.62  k=0.73
[077/100] 08_to_07  L1=0.212  L1/zero=0.83  cos=0.59  k=0.73
[077/100] 08_to_07  L1=0.212  L1/zero=0.83  cos=0.59  k=0.73
[078/100] 08_to_08  L1=0.002  L1/zero=197406.51  cos=nan  k=nan
[078/100] 08_to_08  L1=0.002  L1/zero=197406.51  cos=nan  k=nan
[079/100] 08_to_09  L1=0.265  L1/zero=0.88  cos=0.69  k=0.94
[079/100] 08_to_09  L1=0.265  L1/zero=0.88  cos=0.69  k=0.94
[080/100] 08_to_10  L1=0.567  L1/zero=0.88  cos=0.71  k=0.79
[080/100] 08_to_10  L1=0.567  L1/zero=0.88  cos=0.71  k=0.79
[081/100] 09_to_01  L1=0.499  L1/zero=0.89  cos=0.59  k=0.56
[081/100] 09_to_01  L1=0.499  L1/zero=0.89  cos=0.59  k=0.56
[082/100] 09_to_02  L1=0.425  L1/zero=0.83  cos=0.60  k=0.44
[082/100] 09_to_02  L1=0.425  L1/zero=0.83  cos=0.60  k=0.44
[083/100] 09_to_03  L1=0.535  L1/zero=0.89  cos=0.38  k=0.33
[083/100] 09_to_03  L1=0.535  L1/zero=0.89  cos=0.38  k=0.33
[084/100] 09_to_04  L1=0.581  L1/zero=0.90  cos=0.46  k=0.52
[084/100] 09_to_04  L1=0.581  L1/zero=0.90  cos=0.46  k=0.52
[085/100] 09_to_05  L1=0.648  L1/zero=0.92  cos=0.47  k=0.58
[085/100] 09_to_05  L1=0.648  L1/zero=0.92  cos=0.47  k=0.58
[086/100] 09_to_06  L1=0.588  L1/zero=0.95  cos=0.54  k=0.72
[086/100] 09_to_06  L1=0.588  L1/zero=0.95  cos=0.54  k=0.72
[087/100] 09_to_07  L1=0.432  L1/zero=0.98  cos=0.59  k=0.77
[087/100] 09_to_07  L1=0.432  L1/zero=0.98  cos=0.59  k=0.77
[088/100] 09_to_08  L1=0.241  L1/zero=0.90  cos=0.61  k=0.60
[088/100] 09_to_08  L1=0.241  L1/zero=0.90  cos=0.61  k=0.60
[089/100] 09_to_09  L1=0.004  L1/zero=396110.72  cos=nan  k=nan
[089/100] 09_to_09  L1=0.004  L1/zero=396110.72  cos=nan  k=nan
[090/100] 09_to_10  L1=0.280  L1/zero=0.90  cos=0.60  k=0.49
[090/100] 09_to_10  L1=0.280  L1/zero=0.90  cos=0.60  k=0.49
[091/100] 10_to_01  L1=0.226  L1/zero=0.88  cos=0.49  k=0.47
[091/100] 10_to_01  L1=0.226  L1/zero=0.88  cos=0.49  k=0.47
[092/100] 10_to_02  L1=0.368  L1/zero=0.93  cos=0.35  k=0.38
[092/100] 10_to_02  L1=0.368  L1/zero=0.93  cos=0.35  k=0.38
[093/100] 10_to_03  L1=0.708  L1/zero=0.97  cos=0.35  k=0.54
[093/100] 10_to_03  L1=0.708  L1/zero=0.97  cos=0.35  k=0.54
[094/100] 10_to_04  L1=0.858  L1/zero=0.95  cos=0.47  k=0.58
[094/100] 10_to_04  L1=0.858  L1/zero=0.95  cos=0.47  k=0.58
[095/100] 10_to_05  L1=0.844  L1/zero=0.90  cos=0.57  k=0.65
[095/100] 10_to_05  L1=0.844  L1/zero=0.90  cos=0.57  k=0.65
[096/100] 10_to_06  L1=0.853  L1/zero=0.90  cos=0.57  k=0.67
[096/100] 10_to_06  L1=0.853  L1/zero=0.90  cos=0.57  k=0.67
[097/100] 10_to_07  L1=0.719  L1/zero=0.94  cos=0.62  k=0.72
[097/100] 10_to_07  L1=0.719  L1/zero=0.94  cos=0.62  k=0.72
[098/100] 10_to_08  L1=0.524  L1/zero=0.88  cos=0.65  k=0.71
[098/100] 10_to_08  L1=0.524  L1/zero=0.88  cos=0.65  k=0.71
[099/100] 10_to_09  L1=0.292  L1/zero=0.91  cos=0.57  k=0.48
[099/100] 10_to_09  L1=0.292  L1/zero=0.91  cos=0.57  k=0.48
[100/100] 10_to_10  L1=0.001  L1/zero=143154.47  cos=nan  k=nan
[100/100] 10_to_10  L1=0.001  L1/zero=143154.47  cos=nan  k=nan

[encoder] Directed mean: L1=0.542  L1/zero=0.88  cos=0.57  k=0.60  beat_zero=97%

[encoder] Directed mean: L1=0.542  L1/zero=0.88  cos=0.57  k=0.60  beat_zero=97%
wrote /home/abhishek/Voxel_GAN/PopulationStudy/ClinicalExperiments/Experiment1/EncoderCRB/plots/qc_varian/P2/CV_P2_V_01 (100 pngs)
wrote /home/abhishek/Voxel_GAN/PopulationStudy/ClinicalExperiments/Experiment1/EncoderCRB/plots/qc_varian/P2/CV_P2_V_01 (100 pngs)
=== QC decoder CV_P2_V_01 Tue Aug 25 10:01:33 AM AEST 2026 ===
=== QC decoder CV_P2_V_01 Tue Aug 25 10:01:33 AM AEST 2026 ===
[decoder] scan=CV_P2_V_01 pairs=100 panels=100 ckpt=crb_dec_mse_full_spare_generator.pth out=/home/abhishek/Voxel_GAN/PopulationStudy/ClinicalExperiments/Experiment1/DecoderCRB/plots/qc_varian/P2/CV_P2_V_01
[decoder] scan=CV_P2_V_01 pairs=100 panels=100 ckpt=crb_dec_mse_full_spare_generator.pth out=/home/abhishek/Voxel_GAN/PopulationStudy/ClinicalExperiments/Experiment1/DecoderCRB/plots/qc_varian/P2/CV_P2_V_01
[001/100] 01_to_01  L1=0.008  L1/zero=836742.02  cos=nan  k=nan
[001/100] 01_to_01  L1=0.008  L1/zero=836742.02  cos=nan  k=nan
[002/100] 01_to_02  L1=0.285  L1/zero=0.86  cos=0.53  k=0.42
[002/100] 01_to_02  L1=0.285  L1/zero=0.86  cos=0.53  k=0.42
[003/100] 01_to_03  L1=0.684  L1/zero=0.91  cos=0.54  k=0.49
[003/100] 01_to_03  L1=0.684  L1/zero=0.91  cos=0.54  k=0.49
[004/100] 01_to_04  L1=0.897  L1/zero=0.91  cos=0.54  k=0.56
[004/100] 01_to_04  L1=0.897  L1/zero=0.91  cos=0.54  k=0.56
[005/100] 01_to_05  L1=1.032  L1/zero=0.91  cos=0.55  k=0.61
[005/100] 01_to_05  L1=1.032  L1/zero=0.91  cos=0.55  k=0.61
[006/100] 01_to_06  L1=1.009  L1/zero=0.88  cos=0.58  k=0.66
[006/100] 01_to_06  L1=1.009  L1/zero=0.88  cos=0.58  k=0.66
[007/100] 01_to_07  L1=0.808  L1/zero=0.85  cos=0.65  k=0.70
[007/100] 01_to_07  L1=0.808  L1/zero=0.85  cos=0.65  k=0.70
[008/100] 01_to_08  L1=0.681  L1/zero=0.85  cos=0.64  k=0.66
[008/100] 01_to_08  L1=0.681  L1/zero=0.85  cos=0.64  k=0.66
[009/100] 01_to_09  L1=0.459  L1/zero=0.86  cos=0.62  k=0.57
[009/100] 01_to_09  L1=0.459  L1/zero=0.86  cos=0.62  k=0.57
[010/100] 01_to_10  L1=0.206  L1/zero=0.89  cos=0.52  k=0.39
[010/100] 01_to_10  L1=0.206  L1/zero=0.89  cos=0.52  k=0.39
[011/100] 02_to_01  L1=0.290  L1/zero=0.85  cos=0.59  k=0.51
[011/100] 02_to_01  L1=0.290  L1/zero=0.85  cos=0.59  k=0.51
[012/100] 02_to_02  L1=0.008  L1/zero=777475.44  cos=nan  k=nan
[012/100] 02_to_02  L1=0.008  L1/zero=777475.44  cos=nan  k=nan
[013/100] 02_to_03  L1=0.268  L1/zero=0.81  cos=0.75  k=0.89
[013/100] 02_to_03  L1=0.268  L1/zero=0.81  cos=0.75  k=0.89
[014/100] 02_to_04  L1=0.554  L1/zero=0.81  cos=0.74  k=0.72
[014/100] 02_to_04  L1=0.554  L1/zero=0.81  cos=0.74  k=0.72
[015/100] 02_to_05  L1=0.690  L1/zero=0.79  cos=0.74  k=0.78
[015/100] 02_to_05  L1=0.690  L1/zero=0.79  cos=0.74  k=0.78
[016/100] 02_to_06  L1=0.759  L1/zero=0.77  cos=0.72  k=0.78
[016/100] 02_to_06  L1=0.759  L1/zero=0.77  cos=0.72  k=0.78
[017/100] 02_to_07  L1=0.706  L1/zero=0.77  cos=0.71  k=0.69
[017/100] 02_to_07  L1=0.706  L1/zero=0.77  cos=0.71  k=0.69
[018/100] 02_to_08  L1=0.612  L1/zero=0.81  cos=0.63  k=0.58
[018/100] 02_to_08  L1=0.612  L1/zero=0.81  cos=0.63  k=0.58
[019/100] 02_to_09  L1=0.424  L1/zero=0.85  cos=0.54  k=0.42
[019/100] 02_to_09  L1=0.424  L1/zero=0.85  cos=0.54  k=0.42
[020/100] 02_to_10  L1=0.372  L1/zero=0.95  cos=0.26  k=0.34
[020/100] 02_to_10  L1=0.372  L1/zero=0.95  cos=0.26  k=0.34
[021/100] 03_to_01  L1=0.681  L1/zero=0.88  cos=0.60  k=0.55
[021/100] 03_to_01  L1=0.681  L1/zero=0.88  cos=0.60  k=0.55
[022/100] 03_to_02  L1=0.295  L1/zero=0.86  cos=0.66  k=0.75
[022/100] 03_to_02  L1=0.295  L1/zero=0.86  cos=0.66  k=0.75
[023/100] 03_to_03  L1=0.016  L1/zero=1551426.20  cos=nan  k=nan
[023/100] 03_to_03  L1=0.016  L1/zero=1551426.20  cos=nan  k=nan
[024/100] 03_to_04  L1=0.249  L1/zero=0.88  cos=0.65  k=0.72
[024/100] 03_to_04  L1=0.249  L1/zero=0.88  cos=0.65  k=0.72
[025/100] 03_to_05  L1=0.518  L1/zero=0.87  cos=0.59  k=0.62
[025/100] 03_to_05  L1=0.518  L1/zero=0.87  cos=0.59  k=0.62
[026/100] 03_to_06  L1=0.620  L1/zero=0.86  cos=0.54  k=0.62
[026/100] 03_to_06  L1=0.620  L1/zero=0.86  cos=0.54  k=0.62
[027/100] 03_to_07  L1=0.611  L1/zero=0.86  cos=0.56  k=0.56
[027/100] 03_to_07  L1=0.611  L1/zero=0.86  cos=0.56  k=0.56
[028/100] 03_to_08  L1=0.522  L1/zero=0.82  cos=0.62  k=0.44
[028/100] 03_to_08  L1=0.522  L1/zero=0.82  cos=0.62  k=0.44
[029/100] 03_to_09  L1=0.472  L1/zero=0.83  cos=0.56  k=0.52
[029/100] 03_to_09  L1=0.472  L1/zero=0.83  cos=0.56  k=0.52
[030/100] 03_to_10  L1=0.634  L1/zero=0.92  cos=0.44  k=0.64
[030/100] 03_to_10  L1=0.634  L1/zero=0.92  cos=0.44  k=0.64
[031/100] 04_to_01  L1=0.865  L1/zero=0.84  cos=0.68  k=0.63
[031/100] 04_to_01  L1=0.865  L1/zero=0.84  cos=0.68  k=0.63
[032/100] 04_to_02  L1=0.588  L1/zero=0.83  cos=0.72  k=0.71
[032/100] 04_to_02  L1=0.588  L1/zero=0.83  cos=0.72  k=0.71
[033/100] 04_to_03  L1=0.244  L1/zero=0.87  cos=0.68  k=0.78
[033/100] 04_to_03  L1=0.244  L1/zero=0.87  cos=0.68  k=0.78
[034/100] 04_to_04  L1=0.016  L1/zero=1627618.63  cos=nan  k=nan
[034/100] 04_to_04  L1=0.016  L1/zero=1627618.63  cos=nan  k=nan
[035/100] 04_to_05  L1=0.177  L1/zero=0.82  cos=0.64  k=0.68
[035/100] 04_to_05  L1=0.177  L1/zero=0.82  cos=0.64  k=0.68
[036/100] 04_to_06  L1=0.353  L1/zero=0.83  cos=0.55  k=0.58
[036/100] 04_to_06  L1=0.353  L1/zero=0.83  cos=0.55  k=0.58
[037/100] 04_to_07  L1=0.426  L1/zero=0.83  cos=0.58  k=0.45
[037/100] 04_to_07  L1=0.426  L1/zero=0.83  cos=0.58  k=0.45
[038/100] 04_to_08  L1=0.482  L1/zero=0.85  cos=0.57  k=0.46
[038/100] 04_to_08  L1=0.482  L1/zero=0.85  cos=0.57  k=0.46
[039/100] 04_to_09  L1=0.569  L1/zero=0.84  cos=0.58  k=0.65
[039/100] 04_to_09  L1=0.569  L1/zero=0.84  cos=0.58  k=0.65
[040/100] 04_to_10  L1=0.777  L1/zero=0.88  cos=0.60  k=0.65
[040/100] 04_to_10  L1=0.777  L1/zero=0.88  cos=0.60  k=0.65
[041/100] 05_to_01  L1=1.010  L1/zero=0.82  cos=0.69  k=0.48
[041/100] 05_to_01  L1=1.010  L1/zero=0.82  cos=0.69  k=0.48
[042/100] 05_to_02  L1=0.760  L1/zero=0.83  cos=0.70  k=0.52
[042/100] 05_to_02  L1=0.760  L1/zero=0.83  cos=0.70  k=0.52
[043/100] 05_to_03  L1=0.515  L1/zero=0.87  cos=0.59  k=0.48
[043/100] 05_to_03  L1=0.515  L1/zero=0.87  cos=0.59  k=0.48
[044/100] 05_to_04  L1=0.205  L1/zero=0.91  cos=0.50  k=0.56
[044/100] 05_to_04  L1=0.205  L1/zero=0.91  cos=0.50  k=0.56
[045/100] 05_to_05  L1=0.010  L1/zero=1046061.61  cos=nan  k=nan
[045/100] 05_to_05  L1=0.010  L1/zero=1046061.61  cos=nan  k=nan
[046/100] 05_to_06  L1=0.135  L1/zero=0.97  cos=0.26  k=0.37
[046/100] 05_to_06  L1=0.135  L1/zero=0.97  cos=0.26  k=0.37
[047/100] 05_to_07  L1=0.280  L1/zero=0.98  cos=0.24  k=0.48
[047/100] 05_to_07  L1=0.280  L1/zero=0.98  cos=0.24  k=0.48
[048/100] 05_to_08  L1=0.484  L1/zero=0.96  cos=0.34  k=0.49
[048/100] 05_to_08  L1=0.484  L1/zero=0.96  cos=0.34  k=0.49
[049/100] 05_to_09  L1=0.660  L1/zero=0.92  cos=0.46  k=0.57
[049/100] 05_to_09  L1=0.660  L1/zero=0.92  cos=0.46  k=0.57
[050/100] 05_to_10  L1=0.882  L1/zero=0.85  cos=0.65  k=0.49
[050/100] 05_to_10  L1=0.882  L1/zero=0.85  cos=0.65  k=0.49
[051/100] 06_to_01  L1=1.044  L1/zero=0.83  cos=0.68  k=0.54
[051/100] 06_to_01  L1=1.044  L1/zero=0.83  cos=0.68  k=0.54
[052/100] 06_to_02  L1=0.854  L1/zero=0.84  cos=0.67  k=0.57
[052/100] 06_to_02  L1=0.854  L1/zero=0.84  cos=0.67  k=0.57
[053/100] 06_to_03  L1=0.624  L1/zero=0.87  cos=0.55  k=0.53
[053/100] 06_to_03  L1=0.624  L1/zero=0.87  cos=0.55  k=0.53
[054/100] 06_to_04  L1=0.383  L1/zero=0.91  cos=0.45  k=0.54
[054/100] 06_to_04  L1=0.383  L1/zero=0.91  cos=0.45  k=0.54
[055/100] 06_to_05  L1=0.148  L1/zero=0.98  cos=0.32  k=0.54
[055/100] 06_to_05  L1=0.148  L1/zero=0.98  cos=0.32  k=0.54
[056/100] 06_to_06  L1=0.017  L1/zero=1673213.39  cos=nan  k=nan
[056/100] 06_to_06  L1=0.017  L1/zero=1673213.39  cos=nan  k=nan
[057/100] 06_to_07  L1=0.157  L1/zero=0.94  cos=0.40  k=0.78
[057/100] 06_to_07  L1=0.157  L1/zero=0.94  cos=0.40  k=0.78
[058/100] 06_to_08  L1=0.352  L1/zero=0.98  cos=0.52  k=0.93
[058/100] 06_to_08  L1=0.352  L1/zero=0.98  cos=0.52  k=0.93
[059/100] 06_to_09  L1=0.587  L1/zero=0.94  cos=0.60  k=0.79
[059/100] 06_to_09  L1=0.587  L1/zero=0.94  cos=0.60  k=0.79
[060/100] 06_to_10  L1=0.871  L1/zero=0.84  cos=0.67  k=0.56
[060/100] 06_to_10  L1=0.871  L1/zero=0.84  cos=0.67  k=0.56
[061/100] 07_to_01  L1=0.921  L1/zero=0.85  cos=0.67  k=0.51
[061/100] 07_to_01  L1=0.921  L1/zero=0.85  cos=0.67  k=0.51
[062/100] 07_to_02  L1=0.857  L1/zero=0.85  cos=0.59  k=0.47
[062/100] 07_to_02  L1=0.857  L1/zero=0.85  cos=0.59  k=0.47
[063/100] 07_to_03  L1=0.655  L1/zero=0.89  cos=0.44  k=0.44
[063/100] 07_to_03  L1=0.655  L1/zero=0.89  cos=0.44  k=0.44
[064/100] 07_to_04  L1=0.471  L1/zero=0.93  cos=0.36  k=0.38
[064/100] 07_to_04  L1=0.471  L1/zero=0.93  cos=0.36  k=0.38
[065/100] 07_to_05  L1=0.280  L1/zero=0.93  cos=0.31  k=0.43
[065/100] 07_to_05  L1=0.280  L1/zero=0.93  cos=0.31  k=0.43
[066/100] 07_to_06  L1=0.169  L1/zero=0.91  cos=0.37  k=0.42
[066/100] 07_to_06  L1=0.169  L1/zero=0.91  cos=0.37  k=0.42
[067/100] 07_to_07  L1=0.012  L1/zero=1232622.38  cos=nan  k=nan
[067/100] 07_to_07  L1=0.012  L1/zero=1232622.38  cos=nan  k=nan
[068/100] 07_to_08  L1=0.222  L1/zero=0.99  cos=0.45  k=0.80
[068/100] 07_to_08  L1=0.222  L1/zero=0.99  cos=0.45  k=0.80
[069/100] 07_to_09  L1=0.436  L1/zero=0.97  cos=0.58  k=0.81
[069/100] 07_to_09  L1=0.436  L1/zero=0.97  cos=0.58  k=0.81
[070/100] 07_to_10  L1=0.722  L1/zero=0.90  cos=0.65  k=0.56
[070/100] 07_to_10  L1=0.722  L1/zero=0.90  cos=0.65  k=0.56
[071/100] 08_to_01  L1=0.767  L1/zero=0.84  cos=0.66  k=0.59
[071/100] 08_to_01  L1=0.767  L1/zero=0.84  cos=0.66  k=0.59
[072/100] 08_to_02  L1=0.651  L1/zero=0.78  cos=0.67  k=0.54
[072/100] 08_to_02  L1=0.651  L1/zero=0.78  cos=0.67  k=0.54
[073/100] 08_to_03  L1=0.533  L1/zero=0.80  cos=0.64  k=0.44
[073/100] 08_to_03  L1=0.533  L1/zero=0.80  cos=0.64  k=0.44
[074/100] 08_to_04  L1=0.468  L1/zero=0.82  cos=0.64  k=0.45
[074/100] 08_to_04  L1=0.468  L1/zero=0.82  cos=0.64  k=0.45
[075/100] 08_to_05  L1=0.440  L1/zero=0.90  cos=0.53  k=0.69
[075/100] 08_to_05  L1=0.440  L1/zero=0.90  cos=0.53  k=0.69
[076/100] 08_to_06  L1=0.338  L1/zero=0.91  cos=0.56  k=0.98
[076/100] 08_to_06  L1=0.338  L1/zero=0.91  cos=0.56  k=0.98
[077/100] 08_to_07  L1=0.243  L1/zero=0.96  cos=0.50  k=0.90
[077/100] 08_to_07  L1=0.243  L1/zero=0.96  cos=0.50  k=0.90
[078/100] 08_to_08  L1=0.014  L1/zero=1420507.67  cos=nan  k=nan
[078/100] 08_to_08  L1=0.014  L1/zero=1420507.67  cos=nan  k=nan
[079/100] 08_to_09  L1=0.279  L1/zero=0.92  cos=0.61  k=0.85
[079/100] 08_to_09  L1=0.279  L1/zero=0.92  cos=0.61  k=0.85
[080/100] 08_to_10  L1=0.573  L1/zero=0.89  cos=0.66  k=0.66
[080/100] 08_to_10  L1=0.573  L1/zero=0.89  cos=0.66  k=0.66
[081/100] 09_to_01  L1=0.484  L1/zero=0.86  cos=0.63  k=0.43
[081/100] 09_to_01  L1=0.484  L1/zero=0.86  cos=0.63  k=0.43
[082/100] 09_to_02  L1=0.469  L1/zero=0.92  cos=0.38  k=0.34
[082/100] 09_to_02  L1=0.469  L1/zero=0.92  cos=0.38  k=0.34
[083/100] 09_to_03  L1=0.574  L1/zero=0.96  cos=0.23  k=0.33
[083/100] 09_to_03  L1=0.574  L1/zero=0.96  cos=0.23  k=0.33
[084/100] 09_to_04  L1=0.543  L1/zero=0.84  cos=0.54  k=0.58
[084/100] 09_to_04  L1=0.543  L1/zero=0.84  cos=0.54  k=0.58
[085/100] 09_to_05  L1=0.588  L1/zero=0.83  cos=0.60  k=0.73
[085/100] 09_to_05  L1=0.588  L1/zero=0.83  cos=0.60  k=0.73
[086/100] 09_to_06  L1=0.554  L1/zero=0.90  cos=0.65  k=0.92
[086/100] 09_to_06  L1=0.554  L1/zero=0.90  cos=0.65  k=0.92
[087/100] 09_to_07  L1=0.391  L1/zero=0.88  cos=0.71  k=0.91
[087/100] 09_to_07  L1=0.391  L1/zero=0.88  cos=0.71  k=0.91
[088/100] 09_to_08  L1=0.225  L1/zero=0.84  cos=0.68  k=0.68
[088/100] 09_to_08  L1=0.225  L1/zero=0.84  cos=0.68  k=0.68
[089/100] 09_to_09  L1=0.011  L1/zero=1136640.92  cos=nan  k=nan
[089/100] 09_to_09  L1=0.011  L1/zero=1136640.92  cos=nan  k=nan
[090/100] 09_to_10  L1=0.261  L1/zero=0.83  cos=0.71  k=0.56
[090/100] 09_to_10  L1=0.261  L1/zero=0.83  cos=0.71  k=0.56
[091/100] 10_to_01  L1=0.225  L1/zero=0.88  cos=0.54  k=0.36
[091/100] 10_to_01  L1=0.225  L1/zero=0.88  cos=0.54  k=0.36
[092/100] 10_to_02  L1=0.358  L1/zero=0.90  cos=0.34  k=0.34
[092/100] 10_to_02  L1=0.358  L1/zero=0.90  cos=0.34  k=0.34
[093/100] 10_to_03  L1=0.669  L1/zero=0.92  cos=0.41  k=0.50
[093/100] 10_to_03  L1=0.669  L1/zero=0.92  cos=0.41  k=0.50
[094/100] 10_to_04  L1=0.819  L1/zero=0.91  cos=0.54  k=0.61
[094/100] 10_to_04  L1=0.819  L1/zero=0.91  cos=0.54  k=0.61
[095/100] 10_to_05  L1=0.798  L1/zero=0.85  cos=0.65  k=0.73
[095/100] 10_to_05  L1=0.798  L1/zero=0.85  cos=0.65  k=0.73
[096/100] 10_to_06  L1=0.787  L1/zero=0.83  cos=0.68  k=0.79
[096/100] 10_to_06  L1=0.787  L1/zero=0.83  cos=0.68  k=0.79
[097/100] 10_to_07  L1=0.645  L1/zero=0.84  cos=0.71  k=0.80
[097/100] 10_to_07  L1=0.645  L1/zero=0.84  cos=0.71  k=0.80
[098/100] 10_to_08  L1=0.485  L1/zero=0.82  cos=0.71  k=0.72
[098/100] 10_to_08  L1=0.485  L1/zero=0.82  cos=0.71  k=0.72
[099/100] 10_to_09  L1=0.247  L1/zero=0.77  cos=0.73  k=0.64
[099/100] 10_to_09  L1=0.247  L1/zero=0.77  cos=0.73  k=0.64
[100/100] 10_to_10  L1=0.010  L1/zero=1027769.13  cos=nan  k=nan
[100/100] 10_to_10  L1=0.010  L1/zero=1027769.13  cos=nan  k=nan

[decoder] Directed mean: L1=0.532  L1/zero=0.87  cos=0.57  k=0.60  beat_zero=100%

[decoder] Directed mean: L1=0.532  L1/zero=0.87  cos=0.57  k=0.60  beat_zero=100%
wrote /home/abhishek/Voxel_GAN/PopulationStudy/ClinicalExperiments/Experiment1/DecoderCRB/plots/qc_varian/P2/CV_P2_V_01 (100 pngs)
wrote /home/abhishek/Voxel_GAN/PopulationStudy/ClinicalExperiments/Experiment1/DecoderCRB/plots/qc_varian/P2/CV_P2_V_01 (100 pngs)
=== PREP CV_P3_V_01 (have 2 pairs) Tue Aug 25 10:02:22 AM AEST 2026 ===
=== Elastix CV_P3_V_01 ===
=== PREP CV_P3_V_01 (have 2 pairs) Tue Aug 25 10:02:22 AM AEST 2026 ===
=== Elastix CV_P3_V_01 ===
Clinical DVF scans=['CV_P3_V_01']  param=/home/abhishek/Voxel_GAN/My v1.0/configs/elastix_bspline_masked.txt
Output: /home/abhishek/Voxel_GAN/PopulationStudy/ClinicalExperiments/Experiment1/data
Clinical DVF scans=['CV_P3_V_01']  param=/home/abhishek/Voxel_GAN/My v1.0/configs/elastix_bspline_masked.txt
Output: /home/abhishek/Voxel_GAN/PopulationStudy/ClinicalExperiments/Experiment1/data
[CV_P3_V_01] mask pad=+8  voxels=5904662
[CV_P3_V_01] mask pad=+8  voxels=5904662
[CV_P3_V_01] lung bbox (zyx): [115:347, 0:220, 68:378]
[CV_P3_V_01] lung bbox (zyx): [115:347, 0:220, 68:378]
[CV_P3_V_01]   CT_01: (450, 220, 450) → (232, 220, 310) → (128, 128, 128)
[CV_P3_V_01]   CT_01: (450, 220, 450) → (232, 220, 310) → (128, 128, 128)
[CV_P3_V_01]   CT_02: (450, 220, 450) → (232, 220, 310) → (128, 128, 128)
[CV_P3_V_01]   CT_02: (450, 220, 450) → (232, 220, 310) → (128, 128, 128)
[CV_P3_V_01]   CT_03: (450, 220, 450) → (232, 220, 310) → (128, 128, 128)
[CV_P3_V_01]   CT_03: (450, 220, 450) → (232, 220, 310) → (128, 128, 128)
[CV_P3_V_01]   CT_04: (450, 220, 450) → (232, 220, 310) → (128, 128, 128)
[CV_P3_V_01]   CT_04: (450, 220, 450) → (232, 220, 310) → (128, 128, 128)
[CV_P3_V_01]   CT_05: (450, 220, 450) → (232, 220, 310) → (128, 128, 128)
[CV_P3_V_01]   CT_05: (450, 220, 450) → (232, 220, 310) → (128, 128, 128)
[CV_P3_V_01]   CT_06: (450, 220, 450) → (232, 220, 310) → (128, 128, 128)
[CV_P3_V_01]   CT_06: (450, 220, 450) → (232, 220, 310) → (128, 128, 128)
[CV_P3_V_01]   CT_07: (450, 220, 450) → (232, 220, 310) → (128, 128, 128)
[CV_P3_V_01]   CT_07: (450, 220, 450) → (232, 220, 310) → (128, 128, 128)
[CV_P3_V_01]   CT_08: (450, 220, 450) → (232, 220, 310) → (128, 128, 128)
[CV_P3_V_01]   CT_08: (450, 220, 450) → (232, 220, 310) → (128, 128, 128)
[CV_P3_V_01]   CT_09: (450, 220, 450) → (232, 220, 310) → (128, 128, 128)
[CV_P3_V_01]   CT_09: (450, 220, 450) → (232, 220, 310) → (128, 128, 128)
[CV_P3_V_01]   CT_10: (450, 220, 450) → (232, 220, 310) → (128, 128, 128)
[CV_P3_V_01]   CT_10: (450, 220, 450) → (232, 220, 310) → (128, 128, 128)
[CV_P3_V_01]   Mask_Lung → (128, 128, 128), voxels=782536
[CV_P3_V_01]   Mask_Lung → (128, 128, 128), voxels=782536
[CV_P3_V_01] [1/100] skip 01_to_01_pair.npy
[CV_P3_V_01] [1/100] skip 01_to_01_pair.npy
[CV_P3_V_01] [2/100] skip 01_to_02_pair.npy
[CV_P3_V_01] [2/100] skip 01_to_02_pair.npy
[CV_P3_V_01] [3/100] Elastix 01_to_03_pair.npy …
[CV_P3_V_01] [3/100] Elastix 01_to_03_pair.npy …
[CV_P3_V_01]     7.7s  DVF mm-ish range x[-3.03,1.64] y[-2.95,5.17] z[-2.09,5.69]
[CV_P3_V_01]     7.7s  DVF mm-ish range x[-3.03,1.64] y[-2.95,5.17] z[-2.09,5.69]
[CV_P3_V_01] [4/100] Elastix 01_to_04_pair.npy …
[CV_P3_V_01] [4/100] Elastix 01_to_04_pair.npy …
[CV_P3_V_01]     7.7s  DVF mm-ish range x[-2.41,2.56] y[-3.11,5.73] z[-2.85,7.35]
[CV_P3_V_01]     7.7s  DVF mm-ish range x[-2.41,2.56] y[-3.11,5.73] z[-2.85,7.35]
[CV_P3_V_01] [5/100] Elastix 01_to_05_pair.npy …
[CV_P3_V_01] [5/100] Elastix 01_to_05_pair.npy …
[CV_P3_V_01]     7.4s  DVF mm-ish range x[-3.28,4.16] y[-3.87,7.99] z[-2.98,8.62]
[CV_P3_V_01]     7.4s  DVF mm-ish range x[-3.28,4.16] y[-3.87,7.99] z[-2.98,8.62]
[CV_P3_V_01] [6/100] Elastix 01_to_06_pair.npy …
[CV_P3_V_01] [6/100] Elastix 01_to_06_pair.npy …
[CV_P3_V_01]     7.8s  DVF mm-ish range x[-4.22,4.79] y[-3.99,8.53] z[-2.95,9.70]
[CV_P3_V_01]     7.8s  DVF mm-ish range x[-4.22,4.79] y[-3.99,8.53] z[-2.95,9.70]
[CV_P3_V_01] [7/100] Elastix 01_to_07_pair.npy …
[CV_P3_V_01] [7/100] Elastix 01_to_07_pair.npy …
[CV_P3_V_01]     8.1s  DVF mm-ish range x[-3.04,4.50] y[-3.47,6.72] z[-3.29,9.92]
[CV_P3_V_01]     8.1s  DVF mm-ish range x[-3.04,4.50] y[-3.47,6.72] z[-3.29,9.92]
[CV_P3_V_01] [8/100] Elastix 01_to_08_pair.npy …
[CV_P3_V_01] [8/100] Elastix 01_to_08_pair.npy …
[CV_P3_V_01]     8.0s  DVF mm-ish range x[-2.68,4.02] y[-2.66,5.17] z[-2.95,6.53]
[CV_P3_V_01]     8.0s  DVF mm-ish range x[-2.68,4.02] y[-2.66,5.17] z[-2.95,6.53]
[CV_P3_V_01] [9/100] Elastix 01_to_09_pair.npy …
[CV_P3_V_01] [9/100] Elastix 01_to_09_pair.npy …
[CV_P3_V_01]     8.1s  DVF mm-ish range x[-1.43,3.67] y[-2.65,4.07] z[-2.36,4.75]
[CV_P3_V_01]     8.1s  DVF mm-ish range x[-1.43,3.67] y[-2.65,4.07] z[-2.36,4.75]
[CV_P3_V_01] [10/100] Elastix 01_to_10_pair.npy …
[CV_P3_V_01] [10/100] Elastix 01_to_10_pair.npy …
[CV_P3_V_01]     8.0s  DVF mm-ish range x[-0.89,2.07] y[-1.86,2.44] z[-1.40,2.47]
[CV_P3_V_01]     8.0s  DVF mm-ish range x[-0.89,2.07] y[-1.86,2.44] z[-1.40,2.47]
[CV_P3_V_01] [11/100] Elastix 02_to_01_pair.npy …
[CV_P3_V_01] [11/100] Elastix 02_to_01_pair.npy …
[CV_P3_V_01]     8.1s  DVF mm-ish range x[-1.01,0.92] y[-2.25,2.10] z[-1.22,1.01]
[CV_P3_V_01]     8.1s  DVF mm-ish range x[-1.01,0.92] y[-2.25,2.10] z[-1.22,1.01]
[CV_P3_V_01] [12/100] identity 02_to_02_pair.npy
[CV_P3_V_01] [12/100] identity 02_to_02_pair.npy
[CV_P3_V_01] [13/100] Elastix 02_to_03_pair.npy …
[CV_P3_V_01] [13/100] Elastix 02_to_03_pair.npy …
[CV_P3_V_01]     8.1s  DVF mm-ish range x[-0.88,1.29] y[-1.70,2.73] z[-0.92,3.35]
[CV_P3_V_01]     8.1s  DVF mm-ish range x[-0.88,1.29] y[-1.70,2.73] z[-0.92,3.35]
[CV_P3_V_01] [14/100] Elastix 02_to_04_pair.npy …
[CV_P3_V_01] [14/100] Elastix 02_to_04_pair.npy …
[CV_P3_V_01]     8.3s  DVF mm-ish range x[-1.50,2.72] y[-1.74,4.42] z[-1.79,5.57]
[CV_P3_V_01]     8.3s  DVF mm-ish range x[-1.50,2.72] y[-1.74,4.42] z[-1.79,5.57]
[CV_P3_V_01] [15/100] Elastix 02_to_05_pair.npy …
[CV_P3_V_01] [15/100] Elastix 02_to_05_pair.npy …
[CV_P3_V_01]     7.9s  DVF mm-ish range x[-2.71,4.73] y[-2.79,6.24] z[-1.83,7.82]
[CV_P3_V_01]     7.9s  DVF mm-ish range x[-2.71,4.73] y[-2.79,6.24] z[-1.83,7.82]
[CV_P3_V_01] [16/100] Elastix 02_to_06_pair.npy …
[CV_P3_V_01] [16/100] Elastix 02_to_06_pair.npy …
[CV_P3_V_01]     8.1s  DVF mm-ish range x[-2.85,5.07] y[-3.26,7.29] z[-1.95,8.95]
[CV_P3_V_01]     8.1s  DVF mm-ish range x[-2.85,5.07] y[-3.26,7.29] z[-1.95,8.95]
[CV_P3_V_01] [17/100] Elastix 02_to_07_pair.npy …
[CV_P3_V_01] [17/100] Elastix 02_to_07_pair.npy …
[CV_P3_V_01]     8.3s  DVF mm-ish range x[-2.05,4.54] y[-2.14,6.21] z[-2.25,9.41]
[CV_P3_V_01]     8.3s  DVF mm-ish range x[-2.05,4.54] y[-2.14,6.21] z[-2.25,9.41]
[CV_P3_V_01] [18/100] Elastix 02_to_08_pair.npy …
[CV_P3_V_01] [18/100] Elastix 02_to_08_pair.npy …
[CV_P3_V_01]     7.8s  DVF mm-ish range x[-2.12,3.48] y[-1.85,4.92] z[-2.35,6.59]
[CV_P3_V_01]     7.8s  DVF mm-ish range x[-2.12,3.48] y[-1.85,4.92] z[-2.35,6.59]
[CV_P3_V_01] [19/100] Elastix 02_to_09_pair.npy …
[CV_P3_V_01] [19/100] Elastix 02_to_09_pair.npy …
[CV_P3_V_01]     8.0s  DVF mm-ish range x[-1.28,3.08] y[-1.65,3.63] z[-2.99,6.54]
[CV_P3_V_01]     8.0s  DVF mm-ish range x[-1.28,3.08] y[-1.65,3.63] z[-2.99,6.54]
[CV_P3_V_01] [20/100] Elastix 02_to_10_pair.npy …
[CV_P3_V_01] [20/100] Elastix 02_to_10_pair.npy …
[CV_P3_V_01]     8.1s  DVF mm-ish range x[-1.10,1.76] y[-1.24,2.03] z[-2.97,2.90]
[CV_P3_V_01]     8.1s  DVF mm-ish range x[-1.10,1.76] y[-1.24,2.03] z[-2.97,2.90]
[CV_P3_V_01] [21/100] Elastix 03_to_01_pair.npy …
[CV_P3_V_01] [21/100] Elastix 03_to_01_pair.npy …
[CV_P3_V_01]     8.3s  DVF mm-ish range x[-1.35,2.65] y[-5.02,2.91] z[-4.70,2.14]
[CV_P3_V_01]     8.3s  DVF mm-ish range x[-1.35,2.65] y[-5.02,2.91] z[-4.70,2.14]
[CV_P3_V_01] [22/100] Elastix 03_to_02_pair.npy …
[CV_P3_V_01] [22/100] Elastix 03_to_02_pair.npy …
[CV_P3_V_01]     8.1s  DVF mm-ish range x[-1.29,0.85] y[-2.82,1.46] z[-2.24,0.81]
[CV_P3_V_01]     8.1s  DVF mm-ish range x[-1.29,0.85] y[-2.82,1.46] z[-2.24,0.81]
[CV_P3_V_01] [23/100] identity 03_to_03_pair.npy
[CV_P3_V_01] [23/100] identity 03_to_03_pair.npy
[CV_P3_V_01] [24/100] Elastix 03_to_04_pair.npy …
[CV_P3_V_01] [24/100] Elastix 03_to_04_pair.npy …
[CV_P3_V_01]     7.7s  DVF mm-ish range x[-0.72,1.33] y[-1.29,2.19] z[-0.58,2.22]
[CV_P3_V_01]     7.7s  DVF mm-ish range x[-0.72,1.33] y[-1.29,2.19] z[-0.58,2.22]
[CV_P3_V_01] [25/100] Elastix 03_to_05_pair.npy …
[CV_P3_V_01] [25/100] Elastix 03_to_05_pair.npy …
[CV_P3_V_01]     8.0s  DVF mm-ish range x[-1.33,3.13] y[-2.35,4.36] z[-1.70,5.15]
[CV_P3_V_01]     8.0s  DVF mm-ish range x[-1.33,3.13] y[-2.35,4.36] z[-1.70,5.15]
[CV_P3_V_01] [26/100] Elastix 03_to_06_pair.npy …
[CV_P3_V_01] [26/100] Elastix 03_to_06_pair.npy …
[CV_P3_V_01]     8.2s  DVF mm-ish range x[-1.80,4.15] y[-2.31,5.43] z[-1.26,6.50]
[CV_P3_V_01]     8.2s  DVF mm-ish range x[-1.80,4.15] y[-2.31,5.43] z[-1.26,6.50]
[CV_P3_V_01] [27/100] Elastix 03_to_07_pair.npy …
[CV_P3_V_01] [27/100] Elastix 03_to_07_pair.npy …
[CV_P3_V_01]     8.1s  DVF mm-ish range x[-1.66,3.14] y[-2.49,4.31] z[-1.11,6.49]
[CV_P3_V_01]     8.1s  DVF mm-ish range x[-1.66,3.14] y[-2.49,4.31] z[-1.11,6.49]
[CV_P3_V_01] [28/100] Elastix 03_to_08_pair.npy …
[CV_P3_V_01] [28/100] Elastix 03_to_08_pair.npy …
[CV_P3_V_01]     8.1s  DVF mm-ish range x[-1.84,2.22] y[-1.87,2.97] z[-1.44,5.02]
[CV_P3_V_01]     8.1s  DVF mm-ish range x[-1.84,2.22] y[-1.87,2.97] z[-1.44,5.02]
[CV_P3_V_01] [29/100] Elastix 03_to_09_pair.npy …
[CV_P3_V_01] [29/100] Elastix 03_to_09_pair.npy …
[CV_P3_V_01]     8.4s  DVF mm-ish range x[-1.26,1.63] y[-1.55,2.16] z[-3.15,3.79]
[CV_P3_V_01]     8.4s  DVF mm-ish range x[-1.26,1.63] y[-1.55,2.16] z[-3.15,3.79]
[CV_P3_V_01] [30/100] Elastix 03_to_10_pair.npy …
[CV_P3_V_01] [30/100] Elastix 03_to_10_pair.npy …
[CV_P3_V_01]     8.3s  DVF mm-ish range x[-1.07,1.69] y[-2.68,1.49] z[-3.63,2.05]
[CV_P3_V_01]     8.3s  DVF mm-ish range x[-1.07,1.69] y[-2.68,1.49] z[-3.63,2.05]
[CV_P3_V_01] [31/100] Elastix 04_to_01_pair.npy …
[CV_P3_V_01] [31/100] Elastix 04_to_01_pair.npy …
[CV_P3_V_01]     8.1s  DVF mm-ish range x[-2.65,2.32] y[-5.67,2.54] z[-5.88,2.31]
[CV_P3_V_01]     8.1s  DVF mm-ish range x[-2.65,2.32] y[-5.67,2.54] z[-5.88,2.31]
[CV_P3_V_01] [32/100] Elastix 04_to_02_pair.npy …
[CV_P3_V_01] [32/100] Elastix 04_to_02_pair.npy …
[CV_P3_V_01]     7.6s  DVF mm-ish range x[-2.75,1.47] y[-4.66,1.45] z[-5.00,0.90]
[CV_P3_V_01]     7.6s  DVF mm-ish range x[-2.75,1.47] y[-4.66,1.45] z[-5.00,0.90]
[CV_P3_V_01] [33/100] Elastix 04_to_03_pair.npy …
[CV_P3_V_01] [33/100] Elastix 04_to_03_pair.npy …
[CV_P3_V_01]     8.1s  DVF mm-ish range x[-1.26,0.97] y[-2.42,1.34] z[-2.17,0.60]
[CV_P3_V_01]     8.1s  DVF mm-ish range x[-1.26,0.97] y[-2.42,1.34] z[-2.17,0.60]
[CV_P3_V_01] [34/100] identity 04_to_04_pair.npy
[CV_P3_V_01] [34/100] identity 04_to_04_pair.npy
[CV_P3_V_01] [35/100] Elastix 04_to_05_pair.npy …
[CV_P3_V_01] [35/100] Elastix 04_to_05_pair.npy …
[CV_P3_V_01]     7.9s  DVF mm-ish range x[-0.81,1.57] y[-2.00,2.32] z[-0.68,2.82]
[CV_P3_V_01]     7.9s  DVF mm-ish range x[-0.81,1.57] y[-2.00,2.32] z[-0.68,2.82]
[CV_P3_V_01] [36/100] Elastix 04_to_06_pair.npy …
[CV_P3_V_01] [36/100] Elastix 04_to_06_pair.npy …
[CV_P3_V_01]     8.1s  DVF mm-ish range x[-1.71,2.57] y[-2.21,3.44] z[-1.21,4.17]
[CV_P3_V_01]     8.1s  DVF mm-ish range x[-1.71,2.57] y[-2.21,3.44] z[-1.21,4.17]
[CV_P3_V_01] [37/100] Elastix 04_to_07_pair.npy …
[CV_P3_V_01] [37/100] Elastix 04_to_07_pair.npy …
[CV_P3_V_01]     8.1s  DVF mm-ish range x[-1.58,2.03] y[-1.78,3.09] z[-1.22,3.90]
[CV_P3_V_01]     8.1s  DVF mm-ish range x[-1.58,2.03] y[-1.78,3.09] z[-1.22,3.90]
[CV_P3_V_01] [38/100] Elastix 04_to_08_pair.npy …
[CV_P3_V_01] [38/100] Elastix 04_to_08_pair.npy …
[CV_P3_V_01]     8.2s  DVF mm-ish range x[-1.72,1.52] y[-2.24,2.05] z[-2.32,2.41]
[CV_P3_V_01]     8.2s  DVF mm-ish range x[-1.72,1.52] y[-2.24,2.05] z[-2.32,2.41]
[CV_P3_V_01] [39/100] Elastix 04_to_09_pair.npy …
[CV_P3_V_01] [39/100] Elastix 04_to_09_pair.npy …
[CV_P3_V_01]     8.2s  DVF mm-ish range x[-2.17,1.28] y[-2.03,2.24] z[-3.03,3.24]
[CV_P3_V_01]     8.2s  DVF mm-ish range x[-2.17,1.28] y[-2.03,2.24] z[-3.03,3.24]
[CV_P3_V_01] [40/100] Elastix 04_to_10_pair.npy …
[CV_P3_V_01] [40/100] Elastix 04_to_10_pair.npy …
[CV_P3_V_01]     7.8s  DVF mm-ish range x[-1.43,1.40] y[-2.95,1.05] z[-4.11,2.86]
[CV_P3_V_01]     7.8s  DVF mm-ish range x[-1.43,1.40] y[-2.95,1.05] z[-4.11,2.86]
[CV_P3_V_01] [41/100] Elastix 05_to_01_pair.npy …
[CV_P3_V_01] [41/100] Elastix 05_to_01_pair.npy …
[CV_P3_V_01]     8.0s  DVF mm-ish range x[-4.30,3.65] y[-8.88,2.86] z[-7.42,3.10]
[CV_P3_V_01]     8.0s  DVF mm-ish range x[-4.30,3.65] y[-8.88,2.86] z[-7.42,3.10]
[CV_P3_V_01] [42/100] Elastix 05_to_02_pair.npy …
[CV_P3_V_01] [42/100] Elastix 05_to_02_pair.npy …
[CV_P3_V_01]     8.1s  DVF mm-ish range x[-4.97,2.19] y[-5.99,2.05] z[-7.28,1.72]
[CV_P3_V_01]     8.1s  DVF mm-ish range x[-4.97,2.19] y[-5.99,2.05] z[-7.28,1.72]
[CV_P3_V_01] [43/100] Elastix 05_to_03_pair.npy …
[CV_P3_V_01] [43/100] Elastix 05_to_03_pair.npy …
[CV_P3_V_01]     7.8s  DVF mm-ish range x[-3.15,1.42] y[-4.16,2.22] z[-4.98,1.72]
[CV_P3_V_01]     7.8s  DVF mm-ish range x[-3.15,1.42] y[-4.16,2.22] z[-4.98,1.72]
[CV_P3_V_01] [44/100] Elastix 05_to_04_pair.npy …
[CV_P3_V_01] [44/100] Elastix 05_to_04_pair.npy …
[CV_P3_V_01]     8.1s  DVF mm-ish range x[-1.46,0.91] y[-2.24,1.98] z[-2.51,0.71]
[CV_P3_V_01]     8.1s  DVF mm-ish range x[-1.46,0.91] y[-2.24,1.98] z[-2.51,0.71]
[CV_P3_V_01] [45/100] identity 05_to_05_pair.npy
[CV_P3_V_01] [45/100] identity 05_to_05_pair.npy
[CV_P3_V_01] [46/100] Elastix 05_to_06_pair.npy …
[CV_P3_V_01] [46/100] Elastix 05_to_06_pair.npy …
[CV_P3_V_01]     7.6s  DVF mm-ish range x[-0.75,0.93] y[-0.95,1.11] z[-0.54,1.01]
[CV_P3_V_01]     7.6s  DVF mm-ish range x[-0.75,0.93] y[-0.95,1.11] z[-0.54,1.01]
[CV_P3_V_01] [47/100] Elastix 05_to_07_pair.npy …
[CV_P3_V_01] [47/100] Elastix 05_to_07_pair.npy …
[CV_P3_V_01]     8.0s  DVF mm-ish range x[-1.20,0.92] y[-2.08,1.31] z[-1.86,2.08]
[CV_P3_V_01]     8.0s  DVF mm-ish range x[-1.20,0.92] y[-2.08,1.31] z[-1.86,2.08]
[CV_P3_V_01] [48/100] Elastix 05_to_08_pair.npy …
[CV_P3_V_01] [48/100] Elastix 05_to_08_pair.npy …
[CV_P3_V_01]     8.1s  DVF mm-ish range x[-1.36,2.15] y[-4.14,2.08] z[-4.08,2.91]
[CV_P3_V_01]     8.1s  DVF mm-ish range x[-1.36,2.15] y[-4.14,2.08] z[-4.08,2.91]
[CV_P3_V_01] [49/100] Elastix 05_to_09_pair.npy …
[CV_P3_V_01] [49/100] Elastix 05_to_09_pair.npy …
[CV_P3_V_01]     7.9s  DVF mm-ish range x[-1.73,1.97] y[-4.61,2.67] z[-4.97,2.94]
[CV_P3_V_01]     7.9s  DVF mm-ish range x[-1.73,1.97] y[-4.61,2.67] z[-4.97,2.94]
[CV_P3_V_01] [50/100] Elastix 05_to_10_pair.npy …
[CV_P3_V_01] [50/100] Elastix 05_to_10_pair.npy …
[CV_P3_V_01]     8.1s  DVF mm-ish range x[-2.47,2.40] y[-5.36,2.66] z[-6.04,2.90]
[CV_P3_V_01]     8.1s  DVF mm-ish range x[-2.47,2.40] y[-5.36,2.66] z[-6.04,2.90]
[CV_P3_V_01] [51/100] Elastix 06_to_01_pair.npy …
[CV_P3_V_01] [51/100] Elastix 06_to_01_pair.npy …
[CV_P3_V_01]     8.2s  DVF mm-ish range x[-3.71,3.73] y[-11.11,2.98] z[-6.36,2.05]
[CV_P3_V_01]     8.2s  DVF mm-ish range x[-3.71,3.73] y[-11.11,2.98] z[-6.36,2.05]
[CV_P3_V_01] [52/100] Elastix 06_to_02_pair.npy …
[CV_P3_V_01] [52/100] Elastix 06_to_02_pair.npy …
[CV_P3_V_01]     8.0s  DVF mm-ish range x[-6.40,2.87] y[-6.90,2.44] z[-8.68,1.97]
[CV_P3_V_01]     8.0s  DVF mm-ish range x[-6.40,2.87] y[-6.90,2.44] z[-8.68,1.97]
[CV_P3_V_01] [53/100] Elastix 06_to_03_pair.npy …
[CV_P3_V_01] [53/100] Elastix 06_to_03_pair.npy …
[CV_P3_V_01]     8.1s  DVF mm-ish range x[-4.44,1.63] y[-5.33,1.93] z[-6.17,1.17]
[CV_P3_V_01]     8.1s  DVF mm-ish range x[-4.44,1.63] y[-5.33,1.93] z[-6.17,1.17]
[CV_P3_V_01] [54/100] Elastix 06_to_04_pair.npy …
[CV_P3_V_01] [54/100] Elastix 06_to_04_pair.npy …
[CV_P3_V_01]     8.3s  DVF mm-ish range x[-2.80,1.57] y[-3.54,1.92] z[-4.25,0.97]
[CV_P3_V_01]     8.3s  DVF mm-ish range x[-2.80,1.57] y[-3.54,1.92] z[-4.25,0.97]
[CV_P3_V_01] [55/100] Elastix 06_to_05_pair.npy …
[CV_P3_V_01] [55/100] Elastix 06_to_05_pair.npy …
[CV_P3_V_01]     8.2s  DVF mm-ish range x[-0.77,0.72] y[-0.92,0.79] z[-0.84,0.68]
[CV_P3_V_01]     8.2s  DVF mm-ish range x[-0.77,0.72] y[-0.92,0.79] z[-0.84,0.68]
[CV_P3_V_01] [56/100] identity 06_to_06_pair.npy
[CV_P3_V_01] [56/100] identity 06_to_06_pair.npy
[CV_P3_V_01] [57/100] Elastix 06_to_07_pair.npy …
[CV_P3_V_01] [57/100] Elastix 06_to_07_pair.npy …
[CV_P3_V_01]     8.3s  DVF mm-ish range x[-0.87,0.95] y[-2.92,1.35] z[-1.25,1.17]
[CV_P3_V_01]     8.3s  DVF mm-ish range x[-0.87,0.95] y[-2.92,1.35] z[-1.25,1.17]
[CV_P3_V_01] [58/100] Elastix 06_to_08_pair.npy …
[CV_P3_V_01] [58/100] Elastix 06_to_08_pair.npy …
[CV_P3_V_01]     7.9s  DVF mm-ish range x[-1.23,1.74] y[-4.95,2.12] z[-3.63,1.84]
[CV_P3_V_01]     7.9s  DVF mm-ish range x[-1.23,1.74] y[-4.95,2.12] z[-3.63,1.84]
[CV_P3_V_01] [59/100] Elastix 06_to_09_pair.npy …
[CV_P3_V_01] [59/100] Elastix 06_to_09_pair.npy …
[CV_P3_V_01]     8.0s  DVF mm-ish range x[-2.76,2.71] y[-5.34,2.65] z[-5.21,2.61]
[CV_P3_V_01]     8.0s  DVF mm-ish range x[-2.76,2.71] y[-5.34,2.65] z[-5.21,2.61]
[CV_P3_V_01] [60/100] Elastix 06_to_10_pair.npy …
[CV_P3_V_01] [60/100] Elastix 06_to_10_pair.npy …
[CV_P3_V_01]     8.2s  DVF mm-ish range x[-4.71,3.27] y[-6.22,3.15] z[-6.19,2.76]
[CV_P3_V_01]     8.2s  DVF mm-ish range x[-4.71,3.27] y[-6.22,3.15] z[-6.19,2.76]
[CV_P3_V_01] [61/100] Elastix 07_to_01_pair.npy …
[CV_P3_V_01] [61/100] Elastix 07_to_01_pair.npy …
[CV_P3_V_01]     8.1s  DVF mm-ish range x[-5.62,3.01] y[-6.15,3.09] z[-8.51,2.97]
[CV_P3_V_01]     8.1s  DVF mm-ish range x[-5.62,3.01] y[-6.15,3.09] z[-8.51,2.97]
[CV_P3_V_01] [62/100] Elastix 07_to_02_pair.npy …
[CV_P3_V_01] [62/100] Elastix 07_to_02_pair.npy …
[CV_P3_V_01]     8.3s  DVF mm-ish range x[-5.50,1.91] y[-5.77,1.86] z[-8.52,2.00]
[CV_P3_V_01]     8.3s  DVF mm-ish range x[-5.50,1.91] y[-5.77,1.86] z[-8.52,2.00]
[CV_P3_V_01] [63/100] Elastix 07_to_03_pair.npy …
[CV_P3_V_01] [63/100] Elastix 07_to_03_pair.npy …
[CV_P3_V_01]     8.1s  DVF mm-ish range x[-3.17,1.47] y[-4.07,1.67] z[-6.28,1.15]
[CV_P3_V_01]     8.1s  DVF mm-ish range x[-3.17,1.47] y[-4.07,1.67] z[-6.28,1.15]
[CV_P3_V_01] [64/100] Elastix 07_to_04_pair.npy …
[CV_P3_V_01] [64/100] Elastix 07_to_04_pair.npy …
[CV_P3_V_01]     7.9s  DVF mm-ish range x[-1.91,1.24] y[-2.92,1.58] z[-3.80,0.79]
[CV_P3_V_01]     7.9s  DVF mm-ish range x[-1.91,1.24] y[-2.92,1.58] z[-3.80,0.79]
[CV_P3_V_01] [65/100] Elastix 07_to_05_pair.npy …
[CV_P3_V_01] [65/100] Elastix 07_to_05_pair.npy …
[CV_P3_V_01]     8.2s  DVF mm-ish range x[-1.13,0.91] y[-1.40,2.14] z[-2.74,2.24]
[CV_P3_V_01]     8.2s  DVF mm-ish range x[-1.13,0.91] y[-1.40,2.14] z[-2.74,2.24]
[CV_P3_V_01] [66/100] Elastix 07_to_06_pair.npy …
[CV_P3_V_01] [66/100] Elastix 07_to_06_pair.npy …
[CV_P3_V_01]     8.2s  DVF mm-ish range x[-0.97,0.97] y[-1.58,2.99] z[-0.78,2.32]
[CV_P3_V_01]     8.2s  DVF mm-ish range x[-0.97,0.97] y[-1.58,2.99] z[-0.78,2.32]
[CV_P3_V_01] [67/100] identity 07_to_07_pair.npy
[CV_P3_V_01] [67/100] identity 07_to_07_pair.npy
[CV_P3_V_01] [68/100] Elastix 07_to_08_pair.npy …
[CV_P3_V_01] [68/100] Elastix 07_to_08_pair.npy …
[CV_P3_V_01]     7.9s  DVF mm-ish range x[-0.92,0.81] y[-2.36,1.39] z[-1.25,0.84]
[CV_P3_V_01]     7.9s  DVF mm-ish range x[-0.92,0.81] y[-2.36,1.39] z[-1.25,0.84]
[CV_P3_V_01] [69/100] Elastix 07_to_09_pair.npy …
[CV_P3_V_01] [69/100] Elastix 07_to_09_pair.npy …
[CV_P3_V_01]     8.3s  DVF mm-ish range x[-1.88,0.97] y[-3.25,2.17] z[-1.78,0.91]
[CV_P3_V_01]     8.3s  DVF mm-ish range x[-1.88,0.97] y[-3.25,2.17] z[-1.78,0.91]
[CV_P3_V_01] [70/100] Elastix 07_to_10_pair.npy …
[CV_P3_V_01] [70/100] Elastix 07_to_10_pair.npy …
[CV_P3_V_01]     7.9s  DVF mm-ish range x[-4.21,1.31] y[-4.48,2.30] z[-4.95,1.82]
[CV_P3_V_01]     7.9s  DVF mm-ish range x[-4.21,1.31] y[-4.48,2.30] z[-4.95,1.82]
[CV_P3_V_01] [71/100] Elastix 08_to_01_pair.npy …
[CV_P3_V_01] [71/100] Elastix 08_to_01_pair.npy …
[CV_P3_V_01]     7.6s  DVF mm-ish range x[-3.70,2.73] y[-5.22,2.42] z[-5.90,2.54]
[CV_P3_V_01]     7.6s  DVF mm-ish range x[-3.70,2.73] y[-5.22,2.42] z[-5.90,2.54]
[CV_P3_V_01] [72/100] Elastix 08_to_02_pair.npy …
[CV_P3_V_01] [72/100] Elastix 08_to_02_pair.npy …
[CV_P3_V_01]     8.1s  DVF mm-ish range x[-3.67,1.85] y[-4.95,1.55] z[-5.12,2.18]
[CV_P3_V_01]     8.1s  DVF mm-ish range x[-3.67,1.85] y[-4.95,1.55] z[-5.12,2.18]
[CV_P3_V_01] [73/100] Elastix 08_to_03_pair.npy …
[CV_P3_V_01] [73/100] Elastix 08_to_03_pair.npy …
[CV_P3_V_01]     8.2s  DVF mm-ish range x[-1.30,0.98] y[-2.88,1.63] z[-4.13,1.25]
[CV_P3_V_01]     8.2s  DVF mm-ish range x[-1.30,0.98] y[-2.88,1.63] z[-4.13,1.25]
[CV_P3_V_01] [74/100] Elastix 08_to_04_pair.npy …
[CV_P3_V_01] [74/100] Elastix 08_to_04_pair.npy …
[CV_P3_V_01]     8.0s  DVF mm-ish range x[-1.79,1.32] y[-2.10,1.81] z[-2.97,1.96]
[CV_P3_V_01]     8.0s  DVF mm-ish range x[-1.79,1.32] y[-2.10,1.81] z[-2.97,1.96]
[CV_P3_V_01] [75/100] Elastix 08_to_05_pair.npy …
[CV_P3_V_01] [75/100] Elastix 08_to_05_pair.npy …
[CV_P3_V_01]     8.2s  DVF mm-ish range x[-2.66,1.16] y[-2.02,3.97] z[-2.76,5.24]
[CV_P3_V_01]     8.2s  DVF mm-ish range x[-2.66,1.16] y[-2.02,3.97] z[-2.76,5.24]
[CV_P3_V_01] [76/100] Elastix 08_to_06_pair.npy …
[CV_P3_V_01] [76/100] Elastix 08_to_06_pair.npy …
[CV_P3_V_01]     7.9s  DVF mm-ish range x[-2.02,1.32] y[-2.61,5.06] z[-1.86,3.99]
[CV_P3_V_01]     7.9s  DVF mm-ish range x[-2.02,1.32] y[-2.61,5.06] z[-1.86,3.99]
[CV_P3_V_01] [77/100] Elastix 08_to_07_pair.npy …
[CV_P3_V_01] [77/100] Elastix 08_to_07_pair.npy …
[CV_P3_V_01]     8.1s  DVF mm-ish range x[-0.91,0.81] y[-1.44,2.05] z[-0.73,1.06]
[CV_P3_V_01]     8.1s  DVF mm-ish range x[-0.91,0.81] y[-1.44,2.05] z[-0.73,1.06]
[CV_P3_V_01] [78/100] identity 08_to_08_pair.npy
[CV_P3_V_01] [78/100] identity 08_to_08_pair.npy
[CV_P3_V_01] [79/100] Elastix 08_to_09_pair.npy …
[CV_P3_V_01] [79/100] Elastix 08_to_09_pair.npy …
[CV_P3_V_01]     7.8s  DVF mm-ish range x[-1.02,0.65] y[-1.68,0.95] z[-0.98,0.78]
[CV_P3_V_01]     7.8s  DVF mm-ish range x[-1.02,0.65] y[-1.68,0.95] z[-0.98,0.78]
[CV_P3_V_01] [80/100] Elastix 08_to_10_pair.npy …
[CV_P3_V_01] [80/100] Elastix 08_to_10_pair.npy …
[CV_P3_V_01]     7.9s  DVF mm-ish range x[-2.31,0.97] y[-3.51,1.54] z[-2.62,0.94]
[CV_P3_V_01]     7.9s  DVF mm-ish range x[-2.31,0.97] y[-3.51,1.54] z[-2.62,0.94]
[CV_P3_V_01] [81/100] Elastix 09_to_01_pair.npy …
[CV_P3_V_01] [81/100] Elastix 09_to_01_pair.npy …
[CV_P3_V_01]     7.9s  DVF mm-ish range x[-4.23,1.51] y[-4.36,2.84] z[-4.38,1.80]
[CV_P3_V_01]     7.9s  DVF mm-ish range x[-4.23,1.51] y[-4.36,2.84] z[-4.38,1.80]
[CV_P3_V_01] [82/100] Elastix 09_to_02_pair.npy …
[CV_P3_V_01] [82/100] Elastix 09_to_02_pair.npy …
[CV_P3_V_01]     8.3s  DVF mm-ish range x[-3.28,1.00] y[-3.50,1.54] z[-5.70,2.89]
[CV_P3_V_01]     8.3s  DVF mm-ish range x[-3.28,1.00] y[-3.50,1.54] z[-5.70,2.89]
[CV_P3_V_01] [83/100] Elastix 09_to_03_pair.npy …
[CV_P3_V_01] [83/100] Elastix 09_to_03_pair.npy …
[CV_P3_V_01]     8.2s  DVF mm-ish range x[-1.99,1.09] y[-1.91,1.27] z[-3.66,2.65]
[CV_P3_V_01]     8.2s  DVF mm-ish range x[-1.99,1.09] y[-1.91,1.27] z[-3.66,2.65]
[CV_P3_V_01] [84/100] Elastix 09_to_04_pair.npy …
[CV_P3_V_01] [84/100] Elastix 09_to_04_pair.npy …
[CV_P3_V_01]     8.1s  DVF mm-ish range x[-1.69,1.75] y[-2.45,1.95] z[-3.58,3.55]
[CV_P3_V_01]     8.1s  DVF mm-ish range x[-1.69,1.75] y[-2.45,1.95] z[-3.58,3.55]
[CV_P3_V_01] [85/100] Elastix 09_to_05_pair.npy …
[CV_P3_V_01] [85/100] Elastix 09_to_05_pair.npy …
[CV_P3_V_01]     8.5s  DVF mm-ish range x[-1.87,1.61] y[-2.73,4.00] z[-3.01,6.00]
[CV_P3_V_01]     8.5s  DVF mm-ish range x[-1.87,1.61] y[-2.73,4.00] z[-3.01,6.00]
[CV_P3_V_01] [86/100] Elastix 09_to_06_pair.npy …
[CV_P3_V_01] [86/100] Elastix 09_to_06_pair.npy …
[CV_P3_V_01]     8.1s  DVF mm-ish range x[-2.20,2.69] y[-3.00,5.60] z[-2.76,5.80]
[CV_P3_V_01]     8.1s  DVF mm-ish range x[-2.20,2.69] y[-3.00,5.60] z[-2.76,5.80]
[CV_P3_V_01] [87/100] Elastix 09_to_07_pair.npy …
[CV_P3_V_01] [87/100] Elastix 09_to_07_pair.npy …
[CV_P3_V_01]     7.9s  DVF mm-ish range x[-0.80,2.09] y[-2.04,3.02] z[-0.90,2.48]
[CV_P3_V_01]     7.9s  DVF mm-ish range x[-0.80,2.09] y[-2.04,3.02] z[-0.90,2.48]
[CV_P3_V_01] [88/100] Elastix 09_to_08_pair.npy …
[CV_P3_V_01] [88/100] Elastix 09_to_08_pair.npy …
[CV_P3_V_01]     7.9s  DVF mm-ish range x[-0.83,0.86] y[-0.95,1.48] z[-0.76,0.95]
[CV_P3_V_01]     7.9s  DVF mm-ish range x[-0.83,0.86] y[-0.95,1.48] z[-0.76,0.95]
[CV_P3_V_01] [89/100] identity 09_to_09_pair.npy
[CV_P3_V_01] [89/100] identity 09_to_09_pair.npy
[CV_P3_V_01] [90/100] Elastix 09_to_10_pair.npy …
[CV_P3_V_01] [90/100] Elastix 09_to_10_pair.npy …
[CV_P3_V_01]     8.1s  DVF mm-ish range x[-1.22,0.71] y[-1.92,1.53] z[-1.33,0.81]
[CV_P3_V_01]     8.1s  DVF mm-ish range x[-1.22,0.71] y[-1.92,1.53] z[-1.33,0.81]
[CV_P3_V_01] [91/100] Elastix 10_to_01_pair.npy …[CV_P3_V_01] [91/100] Elastix 10_to_01_pair.npy …

[CV_P3_V_01]     8.0s  DVF mm-ish range x[-1.98,0.88] y[-2.57,1.85] z[-1.66,1.05]
[CV_P3_V_01]     8.0s  DVF mm-ish range x[-1.98,0.88] y[-2.57,1.85] z[-1.66,1.05]
[CV_P3_V_01] [92/100] Elastix 10_to_02_pair.npy …
[CV_P3_V_01] [92/100] Elastix 10_to_02_pair.npy …
[CV_P3_V_01]     8.0s  DVF mm-ish range x[-2.30,0.98] y[-2.14,1.18] z[-2.00,2.69]
[CV_P3_V_01]     8.0s  DVF mm-ish range x[-2.30,0.98] y[-2.14,1.18] z[-2.00,2.69]
[CV_P3_V_01] [93/100] Elastix 10_to_03_pair.npy …
[CV_P3_V_01] [93/100] Elastix 10_to_03_pair.npy …
[CV_P3_V_01]     8.2s  DVF mm-ish range x[-2.07,1.45] y[-1.52,2.71] z[-1.99,3.74]
[CV_P3_V_01]     8.2s  DVF mm-ish range x[-2.07,1.45] y[-1.52,2.71] z[-1.99,3.74]
[CV_P3_V_01] [94/100] Elastix 10_to_04_pair.npy …
[CV_P3_V_01] [94/100] Elastix 10_to_04_pair.npy …
[CV_P3_V_01]     8.3s  DVF mm-ish range x[-2.07,1.64] y[-1.38,2.18] z[-1.68,5.12]
[CV_P3_V_01]     8.3s  DVF mm-ish range x[-2.07,1.64] y[-1.38,2.18] z[-1.68,5.12]
[CV_P3_V_01] [95/100] Elastix 10_to_05_pair.npy …
[CV_P3_V_01] [95/100] Elastix 10_to_05_pair.npy …
[CV_P3_V_01]     8.1s  DVF mm-ish range x[-2.80,2.84] y[-2.62,4.99] z[-3.40,6.72]
[CV_P3_V_01]     8.1s  DVF mm-ish range x[-2.80,2.84] y[-2.62,4.99] z[-3.40,6.72]
[CV_P3_V_01] [96/100] Elastix 10_to_06_pair.npy …
[CV_P3_V_01] [96/100] Elastix 10_to_06_pair.npy …
[CV_P3_V_01]     7.6s  DVF mm-ish range x[-2.96,4.55] y[-3.18,6.32] z[-2.79,7.50]
[CV_P3_V_01]     7.6s  DVF mm-ish range x[-2.96,4.55] y[-3.18,6.32] z[-2.79,7.50]
[CV_P3_V_01] [97/100] Elastix 10_to_07_pair.npy …
[CV_P3_V_01] [97/100] Elastix 10_to_07_pair.npy …
[CV_P3_V_01]     7.7s  DVF mm-ish range x[-1.36,3.91] y[-2.63,4.79] z[-1.81,4.84]
[CV_P3_V_01]     7.7s  DVF mm-ish range x[-1.36,3.91] y[-2.63,4.79] z[-1.81,4.84]
[CV_P3_V_01] [98/100] Elastix 10_to_08_pair.npy …
[CV_P3_V_01] [98/100] Elastix 10_to_08_pair.npy …
[CV_P3_V_01]     7.8s  DVF mm-ish range x[-1.03,2.63] y[-1.90,3.57] z[-1.44,3.11]
[CV_P3_V_01]     7.8s  DVF mm-ish range x[-1.03,2.63] y[-1.90,3.57] z[-1.44,3.11]
[CV_P3_V_01] [99/100] Elastix 10_to_09_pair.npy …
[CV_P3_V_01] [99/100] Elastix 10_to_09_pair.npy …
[CV_P3_V_01]     7.8s  DVF mm-ish range x[-0.78,1.27] y[-1.47,1.93] z[-0.91,1.66]
[CV_P3_V_01]     7.8s  DVF mm-ish range x[-0.78,1.27] y[-1.47,1.93] z[-0.91,1.66]
[CV_P3_V_01] [100/100] identity 10_to_10_pair.npy
[CV_P3_V_01] [100/100] identity 10_to_10_pair.npy
[CV_P3_V_01] DONE in 12.1 min  registered=89 identity=9 skipped=2  → /home/abhishek/Voxel_GAN/PopulationStudy/ClinicalExperiments/Experiment1/data/CV_P3_V_01/all
[CV_P3_V_01] DONE in 12.1 min  registered=89 identity=9 skipped=2  → /home/abhishek/Voxel_GAN/PopulationStudy/ClinicalExperiments/Experiment1/data/CV_P3_V_01/all
All requested scans finished.
All requested scans finished.
=== QC encoder CV_P3_V_01 Tue Aug 25 10:14:30 AM AEST 2026 ===
=== QC encoder CV_P3_V_01 Tue Aug 25 10:14:30 AM AEST 2026 ===
[encoder] scan=CV_P3_V_01 pairs=100 panels=100 ckpt=crb_enc_mse_full_spare_generator.pth out=/home/abhishek/Voxel_GAN/PopulationStudy/ClinicalExperiments/Experiment1/EncoderCRB/plots/qc_varian/P3/CV_P3_V_01
[encoder] scan=CV_P3_V_01 pairs=100 panels=100 ckpt=crb_enc_mse_full_spare_generator.pth out=/home/abhishek/Voxel_GAN/PopulationStudy/ClinicalExperiments/Experiment1/EncoderCRB/plots/qc_varian/P3/CV_P3_V_01
[001/100] 01_to_01  L1=0.006  L1/zero=567961.30  cos=nan  k=nan
[001/100] 01_to_01  L1=0.006  L1/zero=567961.30  cos=nan  k=nan
[002/100] 01_to_02  L1=0.308  L1/zero=0.94  cos=0.43  k=0.30
[002/100] 01_to_02  L1=0.308  L1/zero=0.94  cos=0.43  k=0.30
[003/100] 01_to_03  L1=0.571  L1/zero=0.84  cos=0.63  k=0.52
[003/100] 01_to_03  L1=0.571  L1/zero=0.84  cos=0.63  k=0.52
[004/100] 01_to_04  L1=0.655  L1/zero=0.73  cos=0.70  k=0.62
[004/100] 01_to_04  L1=0.655  L1/zero=0.73  cos=0.70  k=0.62
[005/100] 01_to_05  L1=0.861  L1/zero=0.72  cos=0.74  k=0.58
[005/100] 01_to_05  L1=0.861  L1/zero=0.72  cos=0.74  k=0.58
[006/100] 01_to_06  L1=1.039  L1/zero=0.75  cos=0.72  k=0.53
[006/100] 01_to_06  L1=1.039  L1/zero=0.75  cos=0.72  k=0.53
[007/100] 01_to_07  L1=0.914  L1/zero=0.81  cos=0.62  k=0.48
[007/100] 01_to_07  L1=0.914  L1/zero=0.81  cos=0.62  k=0.48
[008/100] 01_to_08  L1=0.715  L1/zero=0.83  cos=0.61  k=0.49
[008/100] 01_to_08  L1=0.715  L1/zero=0.83  cos=0.61  k=0.49
[009/100] 01_to_09  L1=0.544  L1/zero=0.89  cos=0.57  k=0.36
[009/100] 01_to_09  L1=0.544  L1/zero=0.89  cos=0.57  k=0.36
[010/100] 01_to_10  L1=0.344  L1/zero=1.00  cos=0.13  k=0.18
[010/100] 01_to_10  L1=0.344  L1/zero=1.00  cos=0.13  k=0.18
[011/100] 02_to_01  L1=0.291  L1/zero=0.91  cos=0.50  k=0.30
[011/100] 02_to_01  L1=0.291  L1/zero=0.91  cos=0.50  k=0.30
[012/100] 02_to_02  L1=0.006  L1/zero=612338.82  cos=nan  k=nan
[012/100] 02_to_02  L1=0.006  L1/zero=612338.82  cos=nan  k=nan
[013/100] 02_to_03  L1=0.277  L1/zero=0.82  cos=0.70  k=0.57
[013/100] 02_to_03  L1=0.277  L1/zero=0.82  cos=0.70  k=0.57
[014/100] 02_to_04  L1=0.490  L1/zero=0.77  cos=0.70  k=0.68
[014/100] 02_to_04  L1=0.490  L1/zero=0.77  cos=0.70  k=0.68
[015/100] 02_to_05  L1=0.709  L1/zero=0.73  cos=0.71  k=0.63
[015/100] 02_to_05  L1=0.709  L1/zero=0.73  cos=0.71  k=0.63
[016/100] 02_to_06  L1=0.857  L1/zero=0.74  cos=0.71  k=0.64
[016/100] 02_to_06  L1=0.857  L1/zero=0.74  cos=0.71  k=0.64
[017/100] 02_to_07  L1=0.817  L1/zero=0.82  cos=0.55  k=0.56
[017/100] 02_to_07  L1=0.817  L1/zero=0.82  cos=0.55  k=0.56
[018/100] 02_to_08  L1=0.672  L1/zero=0.87  cos=0.52  k=0.54
[018/100] 02_to_08  L1=0.672  L1/zero=0.87  cos=0.52  k=0.54
[019/100] 02_to_09  L1=0.634  L1/zero=1.01  cos=0.24  k=0.44
[019/100] 02_to_09  L1=0.634  L1/zero=1.01  cos=0.24  k=0.44
[020/100] 02_to_10  L1=0.463  L1/zero=1.15  cos=-0.20  k=0.55
[020/100] 02_to_10  L1=0.463  L1/zero=1.15  cos=-0.20  k=0.55
[021/100] 03_to_01  L1=0.584  L1/zero=0.90  cos=0.55  k=0.63
[021/100] 03_to_01  L1=0.584  L1/zero=0.90  cos=0.55  k=0.63
[022/100] 03_to_02  L1=0.279  L1/zero=0.82  cos=0.70  k=0.51
[022/100] 03_to_02  L1=0.279  L1/zero=0.82  cos=0.70  k=0.51
[023/100] 03_to_03  L1=0.003  L1/zero=331988.91  cos=nan  k=nan
[023/100] 03_to_03  L1=0.003  L1/zero=331988.91  cos=nan  k=nan
[024/100] 03_to_04  L1=0.237  L1/zero=0.79  cos=0.65  k=0.73
[024/100] 03_to_04  L1=0.237  L1/zero=0.79  cos=0.65  k=0.73
[025/100] 03_to_05  L1=0.493  L1/zero=0.78  cos=0.66  k=0.60
[025/100] 03_to_05  L1=0.493  L1/zero=0.78  cos=0.66  k=0.60
[026/100] 03_to_06  L1=0.693  L1/zero=0.81  cos=0.64  k=0.58
[026/100] 03_to_06  L1=0.693  L1/zero=0.81  cos=0.64  k=0.58
[027/100] 03_to_07  L1=0.650  L1/zero=0.89  cos=0.50  k=0.55
[027/100] 03_to_07  L1=0.650  L1/zero=0.89  cos=0.50  k=0.55
[028/100] 03_to_08  L1=0.642  L1/zero=1.01  cos=0.33  k=0.61
[028/100] 03_to_08  L1=0.642  L1/zero=1.01  cos=0.33  k=0.61
[029/100] 03_to_09  L1=0.610  L1/zero=1.18  cos=0.11  k=0.87
[029/100] 03_to_09  L1=0.610  L1/zero=1.18  cos=0.11  k=0.87
[030/100] 03_to_10  L1=0.602  L1/zero=1.15  cos=0.26  k=0.98
[030/100] 03_to_10  L1=0.602  L1/zero=1.15  cos=0.26  k=0.98
[031/100] 04_to_01  L1=0.624  L1/zero=0.75  cos=0.71  k=0.80
[031/100] 04_to_01  L1=0.624  L1/zero=0.75  cos=0.71  k=0.80
[032/100] 04_to_02  L1=0.428  L1/zero=0.74  cos=0.75  k=0.86
[032/100] 04_to_02  L1=0.428  L1/zero=0.74  cos=0.75  k=0.86
[033/100] 04_to_03  L1=0.223  L1/zero=0.80  cos=0.65  k=0.82
[033/100] 04_to_03  L1=0.223  L1/zero=0.80  cos=0.65  k=0.82
[034/100] 04_to_04  L1=0.003  L1/zero=250170.17  cos=nan  k=nan
[034/100] 04_to_04  L1=0.003  L1/zero=250170.17  cos=nan  k=nan
[035/100] 04_to_05  L1=0.261  L1/zero=0.75  cos=0.75  k=0.50
[035/100] 04_to_05  L1=0.261  L1/zero=0.75  cos=0.75  k=0.50
[036/100] 04_to_06  L1=0.491  L1/zero=0.78  cos=0.67  k=0.49
[036/100] 04_to_06  L1=0.491  L1/zero=0.78  cos=0.67  k=0.49
[037/100] 04_to_07  L1=0.555  L1/zero=0.96  cos=0.37  k=0.52
[037/100] 04_to_07  L1=0.555  L1/zero=0.96  cos=0.37  k=0.52
[038/100] 04_to_08  L1=0.592  L1/zero=1.08  cos=0.27  k=0.78
[038/100] 04_to_08  L1=0.592  L1/zero=1.08  cos=0.27  k=0.78
[039/100] 04_to_09  L1=0.643  L1/zero=1.27  cos=0.30  k=1.15
[039/100] 04_to_09  L1=0.643  L1/zero=1.27  cos=0.30  k=1.15
[040/100] 04_to_10  L1=0.643  L1/zero=1.08  cos=0.53  k=1.22
[040/100] 04_to_10  L1=0.643  L1/zero=1.08  cos=0.53  k=1.22
[041/100] 05_to_01  L1=0.710  L1/zero=0.66  cos=0.81  k=0.80
[041/100] 05_to_01  L1=0.710  L1/zero=0.66  cos=0.81  k=0.80
[042/100] 05_to_02  L1=0.617  L1/zero=0.69  cos=0.78  k=0.78
[042/100] 05_to_02  L1=0.617  L1/zero=0.69  cos=0.78  k=0.78
[043/100] 05_to_03  L1=0.447  L1/zero=0.75  cos=0.71  k=0.74
[043/100] 05_to_03  L1=0.447  L1/zero=0.75  cos=0.71  k=0.74
[044/100] 05_to_04  L1=0.242  L1/zero=0.72  cos=0.76  k=0.60
[044/100] 05_to_04  L1=0.242  L1/zero=0.72  cos=0.76  k=0.60
[045/100] 05_to_05  L1=0.002  L1/zero=209879.32  cos=nan  k=nan
[045/100] 05_to_05  L1=0.002  L1/zero=209879.32  cos=nan  k=nan
[046/100] 05_to_06  L1=0.194  L1/zero=0.74  cos=0.68  k=0.54
[046/100] 05_to_06  L1=0.194  L1/zero=0.74  cos=0.68  k=0.54
[047/100] 05_to_07  L1=0.373  L1/zero=0.93  cos=0.39  k=0.60
[047/100] 05_to_07  L1=0.373  L1/zero=0.93  cos=0.39  k=0.60
[048/100] 05_to_08  L1=0.536  L1/zero=0.93  cos=0.57  k=0.94
[048/100] 05_to_08  L1=0.536  L1/zero=0.93  cos=0.57  k=0.94
[049/100] 05_to_09  L1=0.641  L1/zero=0.93  cos=0.63  k=1.14
[049/100] 05_to_09  L1=0.641  L1/zero=0.93  cos=0.63  k=1.14
[050/100] 05_to_10  L1=0.760  L1/zero=0.86  cos=0.68  k=1.08
[050/100] 05_to_10  L1=0.760  L1/zero=0.86  cos=0.68  k=1.08
[051/100] 06_to_01  L1=0.896  L1/zero=0.69  cos=0.80  k=0.71
[051/100] 06_to_01  L1=0.896  L1/zero=0.69  cos=0.80  k=0.71
[052/100] 06_to_02  L1=0.771  L1/zero=0.72  cos=0.75  k=0.75
[052/100] 06_to_02  L1=0.771  L1/zero=0.72  cos=0.75  k=0.75
[053/100] 06_to_03  L1=0.627  L1/zero=0.77  cos=0.66  k=0.57
[053/100] 06_to_03  L1=0.627  L1/zero=0.77  cos=0.66  k=0.57
[054/100] 06_to_04  L1=0.479  L1/zero=0.78  cos=0.66  k=0.47
[054/100] 06_to_04  L1=0.479  L1/zero=0.78  cos=0.66  k=0.47
[055/100] 06_to_05  L1=0.209  L1/zero=0.79  cos=0.66  k=0.44
[055/100] 06_to_05  L1=0.209  L1/zero=0.79  cos=0.66  k=0.44
[056/100] 06_to_06  L1=0.002  L1/zero=243143.99  cos=nan  k=nan
[056/100] 06_to_06  L1=0.002  L1/zero=243143.99  cos=nan  k=nan
[057/100] 06_to_07  L1=0.277  L1/zero=0.82  cos=0.61  k=0.36
[057/100] 06_to_07  L1=0.277  L1/zero=0.82  cos=0.61  k=0.36
[058/100] 06_to_08  L1=0.423  L1/zero=0.72  cos=0.73  k=0.62
[058/100] 06_to_08  L1=0.423  L1/zero=0.72  cos=0.73  k=0.62
[059/100] 06_to_09  L1=0.568  L1/zero=0.77  cos=0.72  k=0.90
[059/100] 06_to_09  L1=0.568  L1/zero=0.77  cos=0.72  k=0.90
[060/100] 06_to_10  L1=0.806  L1/zero=0.84  cos=0.69  k=0.94
[060/100] 06_to_10  L1=0.806  L1/zero=0.84  cos=0.69  k=0.94
[061/100] 07_to_01  L1=0.807  L1/zero=0.79  cos=0.68  k=0.77
[061/100] 07_to_01  L1=0.807  L1/zero=0.79  cos=0.68  k=0.77
[062/100] 07_to_02  L1=0.772  L1/zero=0.84  cos=0.57  k=0.67
[062/100] 07_to_02  L1=0.772  L1/zero=0.84  cos=0.57  k=0.67
[063/100] 07_to_03  L1=0.645  L1/zero=0.90  cos=0.51  k=0.62
[063/100] 07_to_03  L1=0.645  L1/zero=0.90  cos=0.51  k=0.62
[064/100] 07_to_04  L1=0.529  L1/zero=0.93  cos=0.35  k=0.56
[064/100] 07_to_04  L1=0.529  L1/zero=0.93  cos=0.35  k=0.56
[065/100] 07_to_05  L1=0.417  L1/zero=1.01  cos=0.22  k=0.53
[065/100] 07_to_05  L1=0.417  L1/zero=1.01  cos=0.22  k=0.53
[066/100] 07_to_06  L1=0.344  L1/zero=0.97  cos=0.35  k=0.43
[066/100] 07_to_06  L1=0.344  L1/zero=0.97  cos=0.35  k=0.43
[067/100] 07_to_07  L1=0.003  L1/zero=332753.69  cos=nan  k=nan
[067/100] 07_to_07  L1=0.003  L1/zero=332753.69  cos=nan  k=nan
[068/100] 07_to_08  L1=0.249  L1/zero=0.78  cos=0.68  k=0.73
[068/100] 07_to_08  L1=0.249  L1/zero=0.78  cos=0.68  k=0.73
[069/100] 07_to_09  L1=0.416  L1/zero=0.92  cos=0.67  k=1.10
[069/100] 07_to_09  L1=0.416  L1/zero=0.92  cos=0.67  k=1.10
[070/100] 07_to_10  L1=0.595  L1/zero=0.90  cos=0.70  k=1.08
[070/100] 07_to_10  L1=0.595  L1/zero=0.90  cos=0.70  k=1.08
[071/100] 08_to_01  L1=0.631  L1/zero=0.79  cos=0.66  k=0.58
[071/100] 08_to_01  L1=0.631  L1/zero=0.79  cos=0.66  k=0.58
[072/100] 08_to_02  L1=0.587  L1/zero=0.87  cos=0.50  k=0.55
[072/100] 08_to_02  L1=0.587  L1/zero=0.87  cos=0.50  k=0.55
[073/100] 08_to_03  L1=0.573  L1/zero=1.01  cos=0.23  k=0.61
[073/100] 08_to_03  L1=0.573  L1/zero=1.01  cos=0.23  k=0.61
[074/100] 08_to_04  L1=0.585  L1/zero=1.07  cos=0.14  k=0.59
[074/100] 08_to_04  L1=0.585  L1/zero=1.07  cos=0.14  k=0.59
[075/100] 08_to_05  L1=0.579  L1/zero=0.93  cos=0.46  k=0.67
[075/100] 08_to_05  L1=0.579  L1/zero=0.93  cos=0.46  k=0.67
[076/100] 08_to_06  L1=0.485  L1/zero=0.77  cos=0.67  k=0.70
[076/100] 08_to_06  L1=0.485  L1/zero=0.77  cos=0.67  k=0.70
[077/100] 08_to_07  L1=0.288  L1/zero=0.80  cos=0.64  k=0.55
[077/100] 08_to_07  L1=0.288  L1/zero=0.80  cos=0.64  k=0.55
[078/100] 08_to_08  L1=0.004  L1/zero=400013.94  cos=nan  k=nan
[078/100] 08_to_08  L1=0.004  L1/zero=400013.94  cos=nan  k=nan
[079/100] 08_to_09  L1=0.281  L1/zero=0.91  cos=0.44  k=0.56
[079/100] 08_to_09  L1=0.281  L1/zero=0.91  cos=0.44  k=0.56
[080/100] 08_to_10  L1=0.446  L1/zero=0.93  cos=0.57  k=0.83
[080/100] 08_to_10  L1=0.446  L1/zero=0.93  cos=0.57  k=0.83
[081/100] 09_to_01  L1=0.488  L1/zero=0.84  cos=0.65  k=0.49
[081/100] 09_to_01  L1=0.488  L1/zero=0.84  cos=0.65  k=0.49
[082/100] 09_to_02  L1=0.566  L1/zero=1.00  cos=0.23  k=0.49
[082/100] 09_to_02  L1=0.566  L1/zero=1.00  cos=0.23  k=0.49
[083/100] 09_to_03  L1=0.558  L1/zero=1.08  cos=0.11  k=0.74
[083/100] 09_to_03  L1=0.558  L1/zero=1.08  cos=0.11  k=0.74
[084/100] 09_to_04  L1=0.567  L1/zero=1.12  cos=0.29  k=0.93
[084/100] 09_to_04  L1=0.567  L1/zero=1.12  cos=0.29  k=0.93
[085/100] 09_to_05  L1=0.581  L1/zero=0.81  cos=0.63  k=0.83
[085/100] 09_to_05  L1=0.581  L1/zero=0.81  cos=0.63  k=0.83
[086/100] 09_to_06  L1=0.579  L1/zero=0.76  cos=0.72  k=0.83
[086/100] 09_to_06  L1=0.579  L1/zero=0.76  cos=0.72  k=0.83
[087/100] 09_to_07  L1=0.377  L1/zero=0.84  cos=0.68  k=0.89
[087/100] 09_to_07  L1=0.377  L1/zero=0.84  cos=0.68  k=0.89
[088/100] 09_to_08  L1=0.239  L1/zero=0.92  cos=0.47  k=0.56
[088/100] 09_to_08  L1=0.239  L1/zero=0.92  cos=0.47  k=0.56
[089/100] 09_to_09  L1=0.005  L1/zero=530177.31  cos=nan  k=nan
[089/100] 09_to_09  L1=0.005  L1/zero=530177.31  cos=nan  k=nan
[090/100] 09_to_10  L1=0.251  L1/zero=0.89  cos=0.58  k=0.35
[090/100] 09_to_10  L1=0.251  L1/zero=0.89  cos=0.58  k=0.35
[091/100] 10_to_01  L1=0.360  L1/zero=0.98  cos=0.18  k=0.16
[091/100] 10_to_01  L1=0.360  L1/zero=0.98  cos=0.18  k=0.16
[092/100] 10_to_02  L1=0.427  L1/zero=1.05  cos=-0.05  k=0.34
[092/100] 10_to_02  L1=0.427  L1/zero=1.05  cos=-0.05  k=0.34
[093/100] 10_to_03  L1=0.491  L1/zero=0.95  cos=0.40  k=0.61
[093/100] 10_to_03  L1=0.491  L1/zero=0.95  cos=0.40  k=0.61
[094/100] 10_to_04  L1=0.516  L1/zero=0.87  cos=0.54  k=0.70
[094/100] 10_to_04  L1=0.516  L1/zero=0.87  cos=0.54  k=0.70
[095/100] 10_to_05  L1=0.735  L1/zero=0.79  cos=0.64  k=0.60
[095/100] 10_to_05  L1=0.735  L1/zero=0.79  cos=0.64  k=0.60
[096/100] 10_to_06  L1=0.796  L1/zero=0.78  cos=0.68  k=0.61
[096/100] 10_to_06  L1=0.796  L1/zero=0.78  cos=0.68  k=0.61
[097/100] 10_to_07  L1=0.615  L1/zero=0.89  cos=0.55  k=0.54
[097/100] 10_to_07  L1=0.615  L1/zero=0.89  cos=0.55  k=0.54
[098/100] 10_to_08  L1=0.449  L1/zero=0.92  cos=0.50  k=0.44
[098/100] 10_to_08  L1=0.449  L1/zero=0.92  cos=0.50  k=0.44
[099/100] 10_to_09  L1=0.302  L1/zero=1.00  cos=0.15  k=0.17
[099/100] 10_to_09  L1=0.302  L1/zero=1.00  cos=0.15  k=0.17
[100/100] 10_to_10  L1=0.003  L1/zero=322997.66  cos=nan  k=nan
[100/100] 10_to_10  L1=0.003  L1/zero=322997.66  cos=nan  k=nan

[encoder] Directed mean: L1=0.535  L1/zero=0.87  cos=0.54  k=0.64  beat_zero=83%

[encoder] Directed mean: L1=0.535  L1/zero=0.87  cos=0.54  k=0.64  beat_zero=83%
wrote /home/abhishek/Voxel_GAN/PopulationStudy/ClinicalExperiments/Experiment1/EncoderCRB/plots/qc_varian/P3/CV_P3_V_01 (100 pngs)
wrote /home/abhishek/Voxel_GAN/PopulationStudy/ClinicalExperiments/Experiment1/EncoderCRB/plots/qc_varian/P3/CV_P3_V_01 (100 pngs)
=== QC decoder CV_P3_V_01 Tue Aug 25 10:15:19 AM AEST 2026 ===
=== QC decoder CV_P3_V_01 Tue Aug 25 10:15:19 AM AEST 2026 ===
[decoder] scan=CV_P3_V_01 pairs=100 panels=100 ckpt=crb_dec_mse_full_spare_generator.pth out=/home/abhishek/Voxel_GAN/PopulationStudy/ClinicalExperiments/Experiment1/DecoderCRB/plots/qc_varian/P3/CV_P3_V_01
[decoder] scan=CV_P3_V_01 pairs=100 panels=100 ckpt=crb_dec_mse_full_spare_generator.pth out=/home/abhishek/Voxel_GAN/PopulationStudy/ClinicalExperiments/Experiment1/DecoderCRB/plots/qc_varian/P3/CV_P3_V_01
[001/100] 01_to_01  L1=0.012  L1/zero=1152203.88  cos=nan  k=nan
[001/100] 01_to_01  L1=0.012  L1/zero=1152203.88  cos=nan  k=nan
[002/100] 01_to_02  L1=0.342  L1/zero=1.05  cos=0.38  k=0.72
[002/100] 01_to_02  L1=0.342  L1/zero=1.05  cos=0.38  k=0.72
[003/100] 01_to_03  L1=0.640  L1/zero=0.94  cos=0.56  k=0.77
[003/100] 01_to_03  L1=0.640  L1/zero=0.94  cos=0.56  k=0.77
[004/100] 01_to_04  L1=0.764  L1/zero=0.85  cos=0.60  k=0.81
[004/100] 01_to_04  L1=0.764  L1/zero=0.85  cos=0.60  k=0.81
[005/100] 01_to_05  L1=0.933  L1/zero=0.78  cos=0.66  k=0.73
[005/100] 01_to_05  L1=0.933  L1/zero=0.78  cos=0.66  k=0.73
[006/100] 01_to_06  L1=1.059  L1/zero=0.76  cos=0.66  k=0.69
[006/100] 01_to_06  L1=1.059  L1/zero=0.76  cos=0.66  k=0.69
[007/100] 01_to_07  L1=0.897  L1/zero=0.79  cos=0.60  k=0.64
[007/100] 01_to_07  L1=0.897  L1/zero=0.79  cos=0.60  k=0.64
[008/100] 01_to_08  L1=0.681  L1/zero=0.79  cos=0.61  k=0.52
[008/100] 01_to_08  L1=0.681  L1/zero=0.79  cos=0.61  k=0.52
[009/100] 01_to_09  L1=0.516  L1/zero=0.84  cos=0.64  k=0.37
[009/100] 01_to_09  L1=0.516  L1/zero=0.84  cos=0.64  k=0.37
[010/100] 01_to_10  L1=0.336  L1/zero=0.98  cos=0.26  k=0.21
[010/100] 01_to_10  L1=0.336  L1/zero=0.98  cos=0.26  k=0.21
[011/100] 02_to_01  L1=0.336  L1/zero=1.05  cos=0.35  k=0.71
[011/100] 02_to_01  L1=0.336  L1/zero=1.05  cos=0.35  k=0.71
[012/100] 02_to_02  L1=0.010  L1/zero=1013595.61  cos=nan  k=nan
[012/100] 02_to_02  L1=0.010  L1/zero=1013595.61  cos=nan  k=nan
[013/100] 02_to_03  L1=0.277  L1/zero=0.82  cos=0.73  k=0.98
[013/100] 02_to_03  L1=0.277  L1/zero=0.82  cos=0.73  k=0.98
[014/100] 02_to_04  L1=0.528  L1/zero=0.83  cos=0.68  k=0.90
[014/100] 02_to_04  L1=0.528  L1/zero=0.83  cos=0.68  k=0.90
[015/100] 02_to_05  L1=0.707  L1/zero=0.73  cos=0.71  k=0.75
[015/100] 02_to_05  L1=0.707  L1/zero=0.73  cos=0.71  k=0.75
[016/100] 02_to_06  L1=0.831  L1/zero=0.71  cos=0.72  k=0.70
[016/100] 02_to_06  L1=0.831  L1/zero=0.71  cos=0.72  k=0.70
[017/100] 02_to_07  L1=0.814  L1/zero=0.82  cos=0.60  k=0.65
[017/100] 02_to_07  L1=0.814  L1/zero=0.82  cos=0.60  k=0.65
[018/100] 02_to_08  L1=0.673  L1/zero=0.87  cos=0.50  k=0.57
[018/100] 02_to_08  L1=0.673  L1/zero=0.87  cos=0.50  k=0.57
[019/100] 02_to_09  L1=0.615  L1/zero=0.98  cos=0.23  k=0.46
[019/100] 02_to_09  L1=0.615  L1/zero=0.98  cos=0.23  k=0.46
[020/100] 02_to_10  L1=0.496  L1/zero=1.23  cos=-0.15  k=0.83
[020/100] 02_to_10  L1=0.496  L1/zero=1.23  cos=-0.15  k=0.83
[021/100] 03_to_01  L1=0.599  L1/zero=0.93  cos=0.60  k=0.91
[021/100] 03_to_01  L1=0.599  L1/zero=0.93  cos=0.60  k=0.91
[022/100] 03_to_02  L1=0.271  L1/zero=0.80  cos=0.75  k=1.04
[022/100] 03_to_02  L1=0.271  L1/zero=0.80  cos=0.75  k=1.04
[023/100] 03_to_03  L1=0.015  L1/zero=1452258.51  cos=nan  k=nan
[023/100] 03_to_03  L1=0.015  L1/zero=1452258.51  cos=nan  k=nan
[024/100] 03_to_04  L1=0.247  L1/zero=0.83  cos=0.65  k=0.83
[024/100] 03_to_04  L1=0.247  L1/zero=0.83  cos=0.65  k=0.83
[025/100] 03_to_05  L1=0.486  L1/zero=0.77  cos=0.68  k=0.66
[025/100] 03_to_05  L1=0.486  L1/zero=0.77  cos=0.68  k=0.66
[026/100] 03_to_06  L1=0.658  L1/zero=0.77  cos=0.68  k=0.60
[026/100] 03_to_06  L1=0.658  L1/zero=0.77  cos=0.68  k=0.60
[027/100] 03_to_07  L1=0.651  L1/zero=0.89  cos=0.49  k=0.55
[027/100] 03_to_07  L1=0.651  L1/zero=0.89  cos=0.49  k=0.55
[028/100] 03_to_08  L1=0.661  L1/zero=1.04  cos=0.24  k=0.64
[028/100] 03_to_08  L1=0.661  L1/zero=1.04  cos=0.24  k=0.64
[029/100] 03_to_09  L1=0.652  L1/zero=1.26  cos=0.13  k=1.16
[029/100] 03_to_09  L1=0.652  L1/zero=1.26  cos=0.13  k=1.16
[030/100] 03_to_10  L1=0.673  L1/zero=1.29  cos=0.33  k=1.37
[030/100] 03_to_10  L1=0.673  L1/zero=1.29  cos=0.33  k=1.37
[031/100] 04_to_01  L1=0.740  L1/zero=0.89  cos=0.67  k=1.09
[031/100] 04_to_01  L1=0.740  L1/zero=0.89  cos=0.67  k=1.09
[032/100] 04_to_02  L1=0.462  L1/zero=0.80  cos=0.75  k=1.09
[032/100] 04_to_02  L1=0.462  L1/zero=0.80  cos=0.75  k=1.09
[033/100] 04_to_03  L1=0.237  L1/zero=0.85  cos=0.66  k=1.03
[033/100] 04_to_03  L1=0.237  L1/zero=0.85  cos=0.66  k=1.03
[034/100] 04_to_04  L1=0.015  L1/zero=1544989.37  cos=nan  k=nan
[034/100] 04_to_04  L1=0.015  L1/zero=1544989.37  cos=nan  k=nan
[035/100] 04_to_05  L1=0.264  L1/zero=0.76  cos=0.74  k=0.46
[035/100] 04_to_05  L1=0.264  L1/zero=0.76  cos=0.74  k=0.46
[036/100] 04_to_06  L1=0.500  L1/zero=0.80  cos=0.64  k=0.44
[036/100] 04_to_06  L1=0.500  L1/zero=0.80  cos=0.64  k=0.44
[037/100] 04_to_07  L1=0.581  L1/zero=1.00  cos=0.26  k=0.52
[037/100] 04_to_07  L1=0.581  L1/zero=1.00  cos=0.26  k=0.52
[038/100] 04_to_08  L1=0.680  L1/zero=1.24  cos=0.22  k=1.05
[038/100] 04_to_08  L1=0.680  L1/zero=1.24  cos=0.22  k=1.05
[039/100] 04_to_09  L1=0.772  L1/zero=1.52  cos=0.27  k=1.56
[039/100] 04_to_09  L1=0.772  L1/zero=1.52  cos=0.27  k=1.56
[040/100] 04_to_10  L1=0.757  L1/zero=1.28  cos=0.53  k=1.56
[040/100] 04_to_10  L1=0.757  L1/zero=1.28  cos=0.53  k=1.56
[041/100] 05_to_01  L1=0.764  L1/zero=0.71  cos=0.78  k=0.94
[041/100] 05_to_01  L1=0.764  L1/zero=0.71  cos=0.78  k=0.94
[042/100] 05_to_02  L1=0.631  L1/zero=0.71  cos=0.76  k=0.89
[042/100] 05_to_02  L1=0.631  L1/zero=0.71  cos=0.76  k=0.89
[043/100] 05_to_03  L1=0.447  L1/zero=0.75  cos=0.72  k=0.74
[043/100] 05_to_03  L1=0.447  L1/zero=0.75  cos=0.72  k=0.74
[044/100] 05_to_04  L1=0.254  L1/zero=0.75  cos=0.73  k=0.56
[044/100] 05_to_04  L1=0.254  L1/zero=0.75  cos=0.73  k=0.56
[045/100] 05_to_05  L1=0.017  L1/zero=1717550.31  cos=nan  k=nan
[045/100] 05_to_05  L1=0.017  L1/zero=1717550.31  cos=nan  k=nan
[046/100] 05_to_06  L1=0.223  L1/zero=0.85  cos=0.55  k=0.36
[046/100] 05_to_06  L1=0.223  L1/zero=0.85  cos=0.55  k=0.36
[047/100] 05_to_07  L1=0.393  L1/zero=0.98  cos=0.41  k=0.77
[047/100] 05_to_07  L1=0.393  L1/zero=0.98  cos=0.41  k=0.77
[048/100] 05_to_08  L1=0.572  L1/zero=0.99  cos=0.57  k=1.10
[048/100] 05_to_08  L1=0.572  L1/zero=0.99  cos=0.57  k=1.10
[049/100] 05_to_09  L1=0.713  L1/zero=1.03  cos=0.61  k=1.28
[049/100] 05_to_09  L1=0.713  L1/zero=1.03  cos=0.61  k=1.28
[050/100] 05_to_10  L1=0.833  L1/zero=0.94  cos=0.65  k=1.17
[050/100] 05_to_10  L1=0.833  L1/zero=0.94  cos=0.65  k=1.17
[051/100] 06_to_01  L1=0.834  L1/zero=0.64  cos=0.84  k=0.69
[051/100] 06_to_01  L1=0.834  L1/zero=0.64  cos=0.84  k=0.69
[052/100] 06_to_02  L1=0.776  L1/zero=0.73  cos=0.72  k=0.74
[052/100] 06_to_02  L1=0.776  L1/zero=0.73  cos=0.72  k=0.74
[053/100] 06_to_03  L1=0.619  L1/zero=0.76  cos=0.67  k=0.60
[053/100] 06_to_03  L1=0.619  L1/zero=0.76  cos=0.67  k=0.60
[054/100] 06_to_04  L1=0.487  L1/zero=0.80  cos=0.64  k=0.45
[054/100] 06_to_04  L1=0.487  L1/zero=0.80  cos=0.64  k=0.45
[055/100] 06_to_05  L1=0.212  L1/zero=0.80  cos=0.62  k=0.43
[055/100] 06_to_05  L1=0.212  L1/zero=0.80  cos=0.62  k=0.43
[056/100] 06_to_06  L1=0.022  L1/zero=2191141.62  cos=nan  k=nan
[056/100] 06_to_06  L1=0.022  L1/zero=2191141.62  cos=nan  k=nan
[057/100] 06_to_07  L1=0.279  L1/zero=0.83  cos=0.63  k=0.47
[057/100] 06_to_07  L1=0.279  L1/zero=0.83  cos=0.63  k=0.47
[058/100] 06_to_08  L1=0.431  L1/zero=0.73  cos=0.72  k=0.72
[058/100] 06_to_08  L1=0.431  L1/zero=0.73  cos=0.72  k=0.72
[059/100] 06_to_09  L1=0.582  L1/zero=0.79  cos=0.69  k=0.95
[059/100] 06_to_09  L1=0.582  L1/zero=0.79  cos=0.69  k=0.95
[060/100] 06_to_10  L1=0.752  L1/zero=0.79  cos=0.69  k=0.90[060/100] 06_to_10  L1=0.752  L1/zero=0.79  cos=0.69  k=0.90

[061/100] 07_to_01  L1=0.862  L1/zero=0.84  cos=0.63  k=0.84
[061/100] 07_to_01  L1=0.862  L1/zero=0.84  cos=0.63  k=0.84
[062/100] 07_to_02  L1=0.792  L1/zero=0.87  cos=0.53  k=0.62
[062/100] 07_to_02  L1=0.792  L1/zero=0.87  cos=0.53  k=0.62
[063/100] 07_to_03  L1=0.645  L1/zero=0.90  cos=0.43  k=0.47
[063/100] 07_to_03  L1=0.645  L1/zero=0.90  cos=0.43  k=0.47
[064/100] 07_to_04  L1=0.554  L1/zero=0.98  cos=0.22  k=0.46
[064/100] 07_to_04  L1=0.554  L1/zero=0.98  cos=0.22  k=0.46
[065/100] 07_to_05  L1=0.402  L1/zero=0.97  cos=0.34  k=0.62
[065/100] 07_to_05  L1=0.402  L1/zero=0.97  cos=0.34  k=0.62
[066/100] 07_to_06  L1=0.308  L1/zero=0.87  cos=0.55  k=0.60
[066/100] 07_to_06  L1=0.308  L1/zero=0.87  cos=0.55  k=0.60
[067/100] 07_to_07  L1=0.018  L1/zero=1842822.51  cos=nan  k=nan
[067/100] 07_to_07  L1=0.018  L1/zero=1842822.51  cos=nan  k=nan
[068/100] 07_to_08  L1=0.284  L1/zero=0.88  cos=0.63  k=0.97
[068/100] 07_to_08  L1=0.284  L1/zero=0.88  cos=0.63  k=0.97
[069/100] 07_to_09  L1=0.480  L1/zero=1.06  cos=0.66  k=1.41
[069/100] 07_to_09  L1=0.480  L1/zero=1.06  cos=0.66  k=1.41
[070/100] 07_to_10  L1=0.629  L1/zero=0.95  cos=0.67  k=1.20
[070/100] 07_to_10  L1=0.629  L1/zero=0.95  cos=0.67  k=1.20
[071/100] 08_to_01  L1=0.736  L1/zero=0.92  cos=0.47  k=0.27
[071/100] 08_to_01  L1=0.736  L1/zero=0.92  cos=0.47  k=0.27
[072/100] 08_to_02  L1=0.670  L1/zero=0.99  cos=0.16  k=0.19
[072/100] 08_to_02  L1=0.670  L1/zero=0.99  cos=0.16  k=0.19
[073/100] 08_to_03  L1=0.578  L1/zero=1.02  cos=-0.08  k=0.27
[073/100] 08_to_03  L1=0.578  L1/zero=1.02  cos=-0.08  k=0.27
[074/100] 08_to_04  L1=0.610  L1/zero=1.11  cos=-0.03  k=0.46
[074/100] 08_to_04  L1=0.610  L1/zero=1.11  cos=-0.03  k=0.46
[075/100] 08_to_05  L1=0.605  L1/zero=0.97  cos=0.35  k=0.57
[075/100] 08_to_05  L1=0.605  L1/zero=0.97  cos=0.35  k=0.57
[076/100] 08_to_06  L1=0.564  L1/zero=0.90  cos=0.51  k=0.56
[076/100] 08_to_06  L1=0.564  L1/zero=0.90  cos=0.51  k=0.56
[077/100] 08_to_07  L1=0.326  L1/zero=0.91  cos=0.50  k=0.34
[077/100] 08_to_07  L1=0.326  L1/zero=0.91  cos=0.50  k=0.34
[078/100] 08_to_08  L1=0.011  L1/zero=1149111.33  cos=nan  k=nan
[078/100] 08_to_08  L1=0.011  L1/zero=1149111.33  cos=nan  k=nan
[079/100] 08_to_09  L1=0.275  L1/zero=0.89  cos=0.47  k=0.44
[079/100] 08_to_09  L1=0.275  L1/zero=0.89  cos=0.47  k=0.44
[080/100] 08_to_10  L1=0.428  L1/zero=0.89  cos=0.53  k=0.47
[080/100] 08_to_10  L1=0.428  L1/zero=0.89  cos=0.53  k=0.47
[081/100] 09_to_01  L1=0.490  L1/zero=0.84  cos=0.65  k=0.46
[081/100] 09_to_01  L1=0.490  L1/zero=0.84  cos=0.65  k=0.46
[082/100] 09_to_02  L1=0.611  L1/zero=1.08  cos=-0.03  k=0.46
[082/100] 09_to_02  L1=0.611  L1/zero=1.08  cos=-0.03  k=0.46
[083/100] 09_to_03  L1=0.668  L1/zero=1.30  cos=0.02  k=1.08
[083/100] 09_to_03  L1=0.668  L1/zero=1.30  cos=0.02  k=1.08
[084/100] 09_to_04  L1=0.813  L1/zero=1.61  cos=0.17  k=1.54
[084/100] 09_to_04  L1=0.813  L1/zero=1.61  cos=0.17  k=1.54
[085/100] 09_to_05  L1=0.823  L1/zero=1.15  cos=0.52  k=1.33
[085/100] 09_to_05  L1=0.823  L1/zero=1.15  cos=0.52  k=1.33
[086/100] 09_to_06  L1=0.808  L1/zero=1.06  cos=0.63  k=1.31
[086/100] 09_to_06  L1=0.808  L1/zero=1.06  cos=0.63  k=1.31
[087/100] 09_to_07  L1=0.479  L1/zero=1.06  cos=0.65  k=1.35
[087/100] 09_to_07  L1=0.479  L1/zero=1.06  cos=0.65  k=1.35
[088/100] 09_to_08  L1=0.234  L1/zero=0.90  cos=0.58  k=0.95
[088/100] 09_to_08  L1=0.234  L1/zero=0.90  cos=0.58  k=0.95
[089/100] 09_to_09  L1=0.011  L1/zero=1096990.89  cos=nan  k=nan
[089/100] 09_to_09  L1=0.011  L1/zero=1096990.89  cos=nan  k=nan
[090/100] 09_to_10  L1=0.225  L1/zero=0.80  cos=0.68  k=0.64
[090/100] 09_to_10  L1=0.225  L1/zero=0.80  cos=0.68  k=0.64
[091/100] 10_to_01  L1=0.357  L1/zero=0.97  cos=0.30  k=0.12
[091/100] 10_to_01  L1=0.357  L1/zero=0.97  cos=0.30  k=0.12
[092/100] 10_to_02  L1=0.475  L1/zero=1.16  cos=-0.32  k=0.55
[092/100] 10_to_02  L1=0.475  L1/zero=1.16  cos=-0.32  k=0.55
[093/100] 10_to_03  L1=0.599  L1/zero=1.17  cos=0.20  k=0.97
[093/100] 10_to_03  L1=0.599  L1/zero=1.17  cos=0.20  k=0.97
[094/100] 10_to_04  L1=0.730  L1/zero=1.23  cos=0.39  k=1.26
[094/100] 10_to_04  L1=0.730  L1/zero=1.23  cos=0.39  k=1.26
[095/100] 10_to_05  L1=0.958  L1/zero=1.03  cos=0.51  k=0.99
[095/100] 10_to_05  L1=0.958  L1/zero=1.03  cos=0.51  k=0.99
[096/100] 10_to_06  L1=0.977  L1/zero=0.95  cos=0.60  k=0.97
[096/100] 10_to_06  L1=0.977  L1/zero=0.95  cos=0.60  k=0.97
[097/100] 10_to_07  L1=0.602  L1/zero=0.88  cos=0.62  k=0.86
[097/100] 10_to_07  L1=0.602  L1/zero=0.88  cos=0.62  k=0.86
[098/100] 10_to_08  L1=0.414  L1/zero=0.85  cos=0.60  k=0.66
[098/100] 10_to_08  L1=0.414  L1/zero=0.85  cos=0.60  k=0.66
[099/100] 10_to_09  L1=0.266  L1/zero=0.88  cos=0.55  k=0.39
[099/100] 10_to_09  L1=0.266  L1/zero=0.88  cos=0.55  k=0.39
[100/100] 10_to_10  L1=0.008  L1/zero=832306.31  cos=nan  k=nan
[100/100] 10_to_10  L1=0.008  L1/zero=832306.31  cos=nan  k=nan

[decoder] Directed mean: L1=0.571  L1/zero=0.93  cos=0.51  k=0.77  beat_zero=73%

[decoder] Directed mean: L1=0.571  L1/zero=0.93  cos=0.51  k=0.77  beat_zero=73%
wrote /home/abhishek/Voxel_GAN/PopulationStudy/ClinicalExperiments/Experiment1/DecoderCRB/plots/qc_varian/P3/CV_P3_V_01 (100 pngs)
wrote /home/abhishek/Voxel_GAN/PopulationStudy/ClinicalExperiments/Experiment1/DecoderCRB/plots/qc_varian/P3/CV_P3_V_01 (100 pngs)
=== PREP CV_P4_V_01 (have 0 pairs) Tue Aug 25 10:16:09 AM AEST 2026 ===
=== PREP CV_P4_V_01 (have 0 pairs) Tue Aug 25 10:16:09 AM AEST 2026 ===
=== Elastix CV_P4_V_01 ===
=== Elastix CV_P4_V_01 ===
Clinical DVF scans=['CV_P4_V_01']  param=/home/abhishek/Voxel_GAN/My v1.0/configs/elastix_bspline_masked.txt
Output: /home/abhishek/Voxel_GAN/PopulationStudy/ClinicalExperiments/Experiment1/data
Clinical DVF scans=['CV_P4_V_01']  param=/home/abhishek/Voxel_GAN/My v1.0/configs/elastix_bspline_masked.txt
Output: /home/abhishek/Voxel_GAN/PopulationStudy/ClinicalExperiments/Experiment1/data
[CV_P4_V_01] mask pad=+8  voxels=7364940
[CV_P4_V_01] mask pad=+8  voxels=7364940
[CV_P4_V_01] lung bbox (zyx): [121:339, 0:220, 75:397]
[CV_P4_V_01] lung bbox (zyx): [121:339, 0:220, 75:397]
[CV_P4_V_01]   CT_01: (450, 220, 450) → (218, 220, 322) → (128, 128, 128)
[CV_P4_V_01]   CT_01: (450, 220, 450) → (218, 220, 322) → (128, 128, 128)
[CV_P4_V_01]   CT_02: (450, 220, 450) → (218, 220, 322) → (128, 128, 128)
[CV_P4_V_01]   CT_02: (450, 220, 450) → (218, 220, 322) → (128, 128, 128)
[CV_P4_V_01]   CT_03: (450, 220, 450) → (218, 220, 322) → (128, 128, 128)
[CV_P4_V_01]   CT_03: (450, 220, 450) → (218, 220, 322) → (128, 128, 128)
[CV_P4_V_01]   CT_04: (450, 220, 450) → (218, 220, 322) → (128, 128, 128)
[CV_P4_V_01]   CT_04: (450, 220, 450) → (218, 220, 322) → (128, 128, 128)
[CV_P4_V_01]   CT_05: (450, 220, 450) → (218, 220, 322) → (128, 128, 128)
[CV_P4_V_01]   CT_05: (450, 220, 450) → (218, 220, 322) → (128, 128, 128)
[CV_P4_V_01]   CT_06: (450, 220, 450) → (218, 220, 322) → (128, 128, 128)
[CV_P4_V_01]   CT_06: (450, 220, 450) → (218, 220, 322) → (128, 128, 128)
[CV_P4_V_01]   CT_07: (450, 220, 450) → (218, 220, 322) → (128, 128, 128)
[CV_P4_V_01]   CT_07: (450, 220, 450) → (218, 220, 322) → (128, 128, 128)
[CV_P4_V_01]   CT_08: (450, 220, 450) → (218, 220, 322) → (128, 128, 128)
[CV_P4_V_01]   CT_08: (450, 220, 450) → (218, 220, 322) → (128, 128, 128)
[CV_P4_V_01]   CT_09: (450, 220, 450) → (218, 220, 322) → (128, 128, 128)
[CV_P4_V_01]   CT_09: (450, 220, 450) → (218, 220, 322) → (128, 128, 128)
[CV_P4_V_01]   CT_10: (450, 220, 450) → (218, 220, 322) → (128, 128, 128)
[CV_P4_V_01]   CT_10: (450, 220, 450) → (218, 220, 322) → (128, 128, 128)
[CV_P4_V_01]   Mask_Lung → (128, 128, 128), voxels=1000624
[CV_P4_V_01]   Mask_Lung → (128, 128, 128), voxels=1000624
[CV_P4_V_01] [1/100] identity 01_to_01_pair.npy
[CV_P4_V_01] [1/100] identity 01_to_01_pair.npy
[CV_P4_V_01] [2/100] Elastix 01_to_02_pair.npy …
[CV_P4_V_01] [2/100] Elastix 01_to_02_pair.npy …
[CV_P4_V_01]     7.8s  DVF mm-ish range x[-0.69,1.08] y[-1.64,2.48] z[-0.92,1.48]
[CV_P4_V_01]     7.8s  DVF mm-ish range x[-0.69,1.08] y[-1.64,2.48] z[-0.92,1.48]
[CV_P4_V_01] [3/100] Elastix 01_to_03_pair.npy …
[CV_P4_V_01] [3/100] Elastix 01_to_03_pair.npy …
[CV_P4_V_01]     7.7s  DVF mm-ish range x[-1.74,2.86] y[-3.46,7.69] z[-2.52,4.96]
[CV_P4_V_01]     7.7s  DVF mm-ish range x[-1.74,2.86] y[-3.46,7.69] z[-2.52,4.96]
[CV_P4_V_01] [4/100] Elastix 01_to_04_pair.npy …
[CV_P4_V_01] [4/100] Elastix 01_to_04_pair.npy …
[CV_P4_V_01]     8.2s  DVF mm-ish range x[-4.19,4.13] y[-4.99,9.04] z[-3.74,8.24]
[CV_P4_V_01]     8.2s  DVF mm-ish range x[-4.19,4.13] y[-4.99,9.04] z[-3.74,8.24]
[CV_P4_V_01] [5/100] Elastix 01_to_05_pair.npy …
[CV_P4_V_01] [5/100] Elastix 01_to_05_pair.npy …
[CV_P4_V_01]     8.1s  DVF mm-ish range x[-5.03,5.25] y[-5.46,10.78] z[-4.30,9.35]
[CV_P4_V_01]     8.1s  DVF mm-ish range x[-5.03,5.25] y[-5.46,10.78] z[-4.30,9.35]
[CV_P4_V_01] [6/100] Elastix 01_to_06_pair.npy …
[CV_P4_V_01] [6/100] Elastix 01_to_06_pair.npy …
[CV_P4_V_01]     7.9s  DVF mm-ish range x[-5.01,4.63] y[-4.49,11.63] z[-2.84,8.98]
[CV_P4_V_01]     7.9s  DVF mm-ish range x[-5.01,4.63] y[-4.49,11.63] z[-2.84,8.98]
[CV_P4_V_01] [7/100] Elastix 01_to_07_pair.npy …
[CV_P4_V_01] [7/100] Elastix 01_to_07_pair.npy …
[CV_P4_V_01]     7.9s  DVF mm-ish range x[-4.66,4.24] y[-4.30,9.60] z[-2.69,8.71]
[CV_P4_V_01]     7.9s  DVF mm-ish range x[-4.66,4.24] y[-4.30,9.60] z[-2.69,8.71]
[CV_P4_V_01] [8/100] Elastix 01_to_08_pair.npy …
[CV_P4_V_01] [8/100] Elastix 01_to_08_pair.npy …
[CV_P4_V_01]     8.0s  DVF mm-ish range x[-4.80,4.36] y[-3.13,7.00] z[-2.21,8.08]
[CV_P4_V_01]     8.0s  DVF mm-ish range x[-4.80,4.36] y[-3.13,7.00] z[-2.21,8.08]
[CV_P4_V_01] [9/100] Elastix 01_to_09_pair.npy …
[CV_P4_V_01] [9/100] Elastix 01_to_09_pair.npy …
[CV_P4_V_01]     7.7s  DVF mm-ish range x[-2.91,2.79] y[-2.62,4.82] z[-1.55,5.11]
[CV_P4_V_01]     7.7s  DVF mm-ish range x[-2.91,2.79] y[-2.62,4.82] z[-1.55,5.11]
[CV_P4_V_01] [10/100] Elastix 01_to_10_pair.npy …
[CV_P4_V_01] [10/100] Elastix 01_to_10_pair.npy …
[CV_P4_V_01]     7.7s  DVF mm-ish range x[-1.19,1.36] y[-1.45,2.16] z[-1.01,2.66]
[CV_P4_V_01]     7.7s  DVF mm-ish range x[-1.19,1.36] y[-1.45,2.16] z[-1.01,2.66]
[CV_P4_V_01] [11/100] Elastix 02_to_01_pair.npy …
[CV_P4_V_01] [11/100] Elastix 02_to_01_pair.npy …
[CV_P4_V_01]     8.1s  DVF mm-ish range x[-0.88,0.79] y[-2.30,1.95] z[-1.16,1.04]
[CV_P4_V_01]     8.1s  DVF mm-ish range x[-0.88,0.79] y[-2.30,1.95] z[-1.16,1.04]
[CV_P4_V_01] [12/100] identity 02_to_02_pair.npy
[CV_P4_V_01] [12/100] identity 02_to_02_pair.npy
[CV_P4_V_01] [13/100] Elastix 02_to_03_pair.npy …
[CV_P4_V_01] [13/100] Elastix 02_to_03_pair.npy …
[CV_P4_V_01]     7.9s  DVF mm-ish range x[-1.23,1.64] y[-2.81,4.93] z[-0.94,2.81]
[CV_P4_V_01]     7.9s  DVF mm-ish range x[-1.23,1.64] y[-2.81,4.93] z[-0.94,2.81]
[CV_P4_V_01] [14/100] Elastix 02_to_04_pair.npy …
[CV_P4_V_01] [14/100] Elastix 02_to_04_pair.npy …
[CV_P4_V_01]     8.1s  DVF mm-ish range x[-3.31,3.80] y[-4.04,8.46] z[-2.17,7.07]
[CV_P4_V_01]     8.1s  DVF mm-ish range x[-3.31,3.80] y[-4.04,8.46] z[-2.17,7.07]
[CV_P4_V_01] [15/100] Elastix 02_to_05_pair.npy …
[CV_P4_V_01] [15/100] Elastix 02_to_05_pair.npy …
[CV_P4_V_01]     7.8s  DVF mm-ish range x[-5.00,4.07] y[-4.91,8.66] z[-3.71,8.68]
[CV_P4_V_01]     7.8s  DVF mm-ish range x[-5.00,4.07] y[-4.91,8.66] z[-3.71,8.68]
[CV_P4_V_01] [16/100] Elastix 02_to_06_pair.npy …
[CV_P4_V_01] [16/100] Elastix 02_to_06_pair.npy …
[CV_P4_V_01]     7.7s  DVF mm-ish range x[-5.27,4.04] y[-4.34,9.37] z[-3.40,8.84]
[CV_P4_V_01]     7.7s  DVF mm-ish range x[-5.27,4.04] y[-4.34,9.37] z[-3.40,8.84]
[CV_P4_V_01] [17/100] Elastix 02_to_07_pair.npy …
[CV_P4_V_01] [17/100] Elastix 02_to_07_pair.npy …
[CV_P4_V_01]     7.6s  DVF mm-ish range x[-5.04,3.48] y[-3.78,7.15] z[-2.82,7.94]
[CV_P4_V_01]     7.6s  DVF mm-ish range x[-5.04,3.48] y[-3.78,7.15] z[-2.82,7.94]
[CV_P4_V_01] [18/100] Elastix 02_to_08_pair.npy …
[CV_P4_V_01] [18/100] Elastix 02_to_08_pair.npy …
[CV_P4_V_01]     7.8s  DVF mm-ish range x[-4.45,3.69] y[-2.47,4.95] z[-2.24,7.07]
[CV_P4_V_01]     7.8s  DVF mm-ish range x[-4.45,3.69] y[-2.47,4.95] z[-2.24,7.07]
[CV_P4_V_01] [19/100] Elastix 02_to_09_pair.npy …
[CV_P4_V_01] [19/100] Elastix 02_to_09_pair.npy …
[CV_P4_V_01]     8.1s  DVF mm-ish range x[-2.88,2.18] y[-1.35,2.94] z[-1.81,4.26]
[CV_P4_V_01]     8.1s  DVF mm-ish range x[-2.88,2.18] y[-1.35,2.94] z[-1.81,4.26]
[CV_P4_V_01] [20/100] Elastix 02_to_10_pair.npy …
[CV_P4_V_01] [20/100] Elastix 02_to_10_pair.npy …
[CV_P4_V_01]     7.7s  DVF mm-ish range x[-1.07,1.31] y[-1.47,1.10] z[-1.38,2.02]
[CV_P4_V_01]     7.7s  DVF mm-ish range x[-1.07,1.31] y[-1.47,1.10] z[-1.38,2.02]
[CV_P4_V_01] [21/100] Elastix 03_to_01_pair.npy …
[CV_P4_V_01] [21/100] Elastix 03_to_01_pair.npy …
[CV_P4_V_01]     8.1s  DVF mm-ish range x[-2.63,1.43] y[-7.51,3.46] z[-4.20,2.16]
[CV_P4_V_01]     8.1s  DVF mm-ish range x[-2.63,1.43] y[-7.51,3.46] z[-4.20,2.16]
[CV_P4_V_01] [22/100] Elastix 03_to_02_pair.npy …
[CV_P4_V_01] [22/100] Elastix 03_to_02_pair.npy …
[CV_P4_V_01]     7.9s  DVF mm-ish range x[-1.14,0.91] y[-4.81,2.87] z[-2.29,0.88]
[CV_P4_V_01]     7.9s  DVF mm-ish range x[-1.14,0.91] y[-4.81,2.87] z[-2.29,0.88]
[CV_P4_V_01] [23/100] identity 03_to_03_pair.npy
[CV_P4_V_01] [23/100] identity 03_to_03_pair.npy
[CV_P4_V_01] [24/100] Elastix 03_to_04_pair.npy …
[CV_P4_V_01] [24/100] Elastix 03_to_04_pair.npy …
[CV_P4_V_01]     8.3s  DVF mm-ish range x[-1.89,2.32] y[-2.37,3.73] z[-0.87,2.62]
[CV_P4_V_01]     8.3s  DVF mm-ish range x[-1.89,2.32] y[-2.37,3.73] z[-0.87,2.62]
[CV_P4_V_01] [25/100] Elastix 03_to_05_pair.npy …
[CV_P4_V_01] [25/100] Elastix 03_to_05_pair.npy …
[CV_P4_V_01]     8.0s  DVF mm-ish range x[-4.20,3.61] y[-3.47,6.31] z[-2.40,7.06]
[CV_P4_V_01]     8.0s  DVF mm-ish range x[-4.20,3.61] y[-3.47,6.31] z[-2.40,7.06]
[CV_P4_V_01] [26/100] Elastix 03_to_06_pair.npy …
[CV_P4_V_01] [26/100] Elastix 03_to_06_pair.npy …
[CV_P4_V_01]     8.0s  DVF mm-ish range x[-4.71,3.63] y[-3.46,6.03] z[-2.80,7.83]
[CV_P4_V_01]     8.0s  DVF mm-ish range x[-4.71,3.63] y[-3.46,6.03] z[-2.80,7.83]
[CV_P4_V_01] [27/100] Elastix 03_to_07_pair.npy …
[CV_P4_V_01] [27/100] Elastix 03_to_07_pair.npy …
[CV_P4_V_01]     8.0s  DVF mm-ish range x[-4.30,2.96] y[-1.86,4.37] z[-2.55,6.38]
[CV_P4_V_01]     8.0s  DVF mm-ish range x[-4.30,2.96] y[-1.86,4.37] z[-2.55,6.38]
[CV_P4_V_01] [28/100] Elastix 03_to_08_pair.npy …
[CV_P4_V_01] [28/100] Elastix 03_to_08_pair.npy …
[CV_P4_V_01]     8.0s  DVF mm-ish range x[-2.74,1.97] y[-1.63,2.78] z[-2.03,4.55]
[CV_P4_V_01]     8.0s  DVF mm-ish range x[-2.74,1.97] y[-1.63,2.78] z[-2.03,4.55]
[CV_P4_V_01] [29/100] Elastix 03_to_09_pair.npy …
[CV_P4_V_01] [29/100] Elastix 03_to_09_pair.npy …
[CV_P4_V_01]     8.1s  DVF mm-ish range x[-1.46,1.58] y[-2.99,2.79] z[-1.38,3.87]
[CV_P4_V_01]     8.1s  DVF mm-ish range x[-1.46,1.58] y[-2.99,2.79] z[-1.38,3.87]
[CV_P4_V_01] [30/100] Elastix 03_to_10_pair.npy …
[CV_P4_V_01] [30/100] Elastix 03_to_10_pair.npy …
[CV_P4_V_01]     8.0s  DVF mm-ish range x[-1.45,1.26] y[-4.52,3.06] z[-4.98,3.69]
[CV_P4_V_01]     8.0s  DVF mm-ish range x[-1.45,1.26] y[-4.52,3.06] z[-4.98,3.69]
[CV_P4_V_01] [31/100] Elastix 04_to_01_pair.npy …
[CV_P4_V_01] [31/100] Elastix 04_to_01_pair.npy …
[CV_P4_V_01]     8.3s  DVF mm-ish range x[-2.76,2.20] y[-11.49,5.10] z[-5.12,3.85]
[CV_P4_V_01]     8.3s  DVF mm-ish range x[-2.76,2.20] y[-11.49,5.10] z[-5.12,3.85]
[CV_P4_V_01] [32/100] Elastix 04_to_02_pair.npy …
[CV_P4_V_01] [32/100] Elastix 04_to_02_pair.npy …
[CV_P4_V_01]     8.1s  DVF mm-ish range x[-2.26,2.75] y[-8.16,4.01] z[-5.80,2.19]
[CV_P4_V_01]     8.1s  DVF mm-ish range x[-2.26,2.75] y[-8.16,4.01] z[-5.80,2.19]
[CV_P4_V_01] [33/100] Elastix 04_to_03_pair.npy …
[CV_P4_V_01] [33/100] Elastix 04_to_03_pair.npy …
[CV_P4_V_01]     8.1s  DVF mm-ish range x[-2.13,1.33] y[-3.63,2.61] z[-2.25,0.92]
[CV_P4_V_01]     8.1s  DVF mm-ish range x[-2.13,1.33] y[-3.63,2.61] z[-2.25,0.92]
[CV_P4_V_01] [34/100] identity 04_to_04_pair.npy
[CV_P4_V_01] [34/100] identity 04_to_04_pair.npy
[CV_P4_V_01] [35/100] Elastix 04_to_05_pair.npy …
[CV_P4_V_01] [35/100] Elastix 04_to_05_pair.npy …
[CV_P4_V_01]     8.1s  DVF mm-ish range x[-1.54,1.56] y[-1.75,2.65] z[-0.88,2.32]
[CV_P4_V_01]     8.1s  DVF mm-ish range x[-1.54,1.56] y[-1.75,2.65] z[-0.88,2.32]
[CV_P4_V_01] [36/100] Elastix 04_to_06_pair.npy …
[CV_P4_V_01] [36/100] Elastix 04_to_06_pair.npy …
[CV_P4_V_01]     8.1s  DVF mm-ish range x[-2.60,2.40] y[-2.32,3.77] z[-1.91,3.92]
[CV_P4_V_01]     8.1s  DVF mm-ish range x[-2.60,2.40] y[-2.32,3.77] z[-1.91,3.92]
[CV_P4_V_01] [37/100] Elastix 04_to_07_pair.npy …
[CV_P4_V_01] [37/100] Elastix 04_to_07_pair.npy …
[CV_P4_V_01]     7.7s  DVF mm-ish range x[-1.58,1.35] y[-1.20,2.48] z[-2.55,2.13]
[CV_P4_V_01]     7.7s  DVF mm-ish range x[-1.58,1.35] y[-1.20,2.48] z[-2.55,2.13]
[CV_P4_V_01] [38/100] Elastix 04_to_08_pair.npy …
[CV_P4_V_01] [38/100] Elastix 04_to_08_pair.npy …
[CV_P4_V_01]     7.7s  DVF mm-ish range x[-1.95,1.98] y[-2.86,2.13] z[-3.62,3.99]
[CV_P4_V_01]     7.7s  DVF mm-ish range x[-1.95,1.98] y[-2.86,2.13] z[-3.62,3.99]
[CV_P4_V_01] [39/100] Elastix 04_to_09_pair.npy …
[CV_P4_V_01] [39/100] Elastix 04_to_09_pair.npy …
[CV_P4_V_01]     7.9s  DVF mm-ish range x[-2.54,1.62] y[-5.08,2.50] z[-4.43,3.32]
[CV_P4_V_01]     7.9s  DVF mm-ish range x[-2.54,1.62] y[-5.08,2.50] z[-4.43,3.32]
[CV_P4_V_01] [40/100] Elastix 04_to_10_pair.npy …
[CV_P4_V_01] [40/100] Elastix 04_to_10_pair.npy …
[CV_P4_V_01]     7.8s  DVF mm-ish range x[-2.84,2.73] y[-7.83,3.60] z[-5.79,4.02]
[CV_P4_V_01]     7.8s  DVF mm-ish range x[-2.84,2.73] y[-7.83,3.60] z[-5.79,4.02]
[CV_P4_V_01] [41/100] Elastix 05_to_01_pair.npy …
[CV_P4_V_01] [41/100] Elastix 05_to_01_pair.npy …
[CV_P4_V_01]     8.1s  DVF mm-ish range x[-3.53,3.38] y[-10.96,4.86] z[-6.09,4.20]
[CV_P4_V_01]     8.1s  DVF mm-ish range x[-3.53,3.38] y[-10.96,4.86] z[-6.09,4.20]
[CV_P4_V_01] [42/100] Elastix 05_to_02_pair.npy …
[CV_P4_V_01] [42/100] Elastix 05_to_02_pair.npy …
[CV_P4_V_01]     8.3s  DVF mm-ish range x[-3.09,3.74] y[-8.71,4.56] z[-6.06,3.28]
[CV_P4_V_01]     8.3s  DVF mm-ish range x[-3.09,3.74] y[-8.71,4.56] z[-6.06,3.28]
[CV_P4_V_01] [43/100] Elastix 05_to_03_pair.npy …
[CV_P4_V_01] [43/100] Elastix 05_to_03_pair.npy …
[CV_P4_V_01]     8.1s  DVF mm-ish range x[-2.23,3.48] y[-5.98,3.43] z[-6.74,2.55]
[CV_P4_V_01]     8.1s  DVF mm-ish range x[-2.23,3.48] y[-5.98,3.43] z[-6.74,2.55]
[CV_P4_V_01] [44/100] Elastix 05_to_04_pair.npy …
[CV_P4_V_01] [44/100] Elastix 05_to_04_pair.npy …
[CV_P4_V_01]     8.1s  DVF mm-ish range x[-1.09,1.09] y[-2.61,1.82] z[-1.75,0.89]
[CV_P4_V_01]     8.1s  DVF mm-ish range x[-1.09,1.09] y[-2.61,1.82] z[-1.75,0.89]
[CV_P4_V_01] [45/100] identity 05_to_05_pair.npy
[CV_P4_V_01] [45/100] identity 05_to_05_pair.npy
[CV_P4_V_01] [46/100] Elastix 05_to_06_pair.npy …
[CV_P4_V_01] [46/100] Elastix 05_to_06_pair.npy …
[CV_P4_V_01]     7.9s  DVF mm-ish range x[-0.63,0.63] y[-1.17,1.01] z[-0.76,0.68]
[CV_P4_V_01]     7.9s  DVF mm-ish range x[-0.63,0.63] y[-1.17,1.01] z[-0.76,0.68]
[CV_P4_V_01] [47/100] Elastix 05_to_07_pair.npy …
[CV_P4_V_01] [47/100] Elastix 05_to_07_pair.npy …
[CV_P4_V_01]     8.0s  DVF mm-ish range x[-1.35,0.99] y[-2.34,1.29] z[-1.92,2.53]
[CV_P4_V_01]     8.0s  DVF mm-ish range x[-1.35,0.99] y[-2.34,1.29] z[-1.92,2.53]
[CV_P4_V_01] [48/100] Elastix 05_to_08_pair.npy …
[CV_P4_V_01] [48/100] Elastix 05_to_08_pair.npy …
[CV_P4_V_01]     8.0s  DVF mm-ish range x[-1.80,2.33] y[-4.31,2.56] z[-3.67,2.05]
[CV_P4_V_01]     8.0s  DVF mm-ish range x[-1.80,2.33] y[-4.31,2.56] z[-3.67,2.05]
[CV_P4_V_01] [49/100] Elastix 05_to_09_pair.npy …
[CV_P4_V_01] [49/100] Elastix 05_to_09_pair.npy …
[CV_P4_V_01]     8.0s  DVF mm-ish range x[-2.97,2.61] y[-6.85,3.69] z[-5.12,2.86]
[CV_P4_V_01]     8.0s  DVF mm-ish range x[-2.97,2.61] y[-6.85,3.69] z[-5.12,2.86]
[CV_P4_V_01] [50/100] Elastix 05_to_10_pair.npy …
[CV_P4_V_01] [50/100] Elastix 05_to_10_pair.npy …
[CV_P4_V_01]     8.0s  DVF mm-ish range x[-3.09,2.65] y[-9.20,4.06] z[-5.15,2.50]
[CV_P4_V_01]     8.0s  DVF mm-ish range x[-3.09,2.65] y[-9.20,4.06] z[-5.15,2.50]
[CV_P4_V_01] [51/100] Elastix 06_to_01_pair.npy …
[CV_P4_V_01] [51/100] Elastix 06_to_01_pair.npy …
[CV_P4_V_01]     8.4s  DVF mm-ish range x[-3.38,3.34] y[-11.86,4.46] z[-5.26,1.84]
[CV_P4_V_01]     8.4s  DVF mm-ish range x[-3.38,3.34] y[-11.86,4.46] z[-5.26,1.84]
[CV_P4_V_01] [52/100] Elastix 06_to_02_pair.npy …
[CV_P4_V_01] [52/100] Elastix 06_to_02_pair.npy …
[CV_P4_V_01]     8.3s  DVF mm-ish range x[-3.45,3.91] y[-9.20,3.86] z[-6.56,2.35]
[CV_P4_V_01]     8.3s  DVF mm-ish range x[-3.45,3.91] y[-9.20,3.86] z[-6.56,2.35]
[CV_P4_V_01] [53/100] Elastix 06_to_03_pair.npy …
[CV_P4_V_01] [53/100] Elastix 06_to_03_pair.npy …
[CV_P4_V_01]     8.4s  DVF mm-ish range x[-2.66,4.00] y[-6.16,2.95] z[-7.22,2.77]
[CV_P4_V_01]     8.4s  DVF mm-ish range x[-2.66,4.00] y[-6.16,2.95] z[-7.22,2.77]
[CV_P4_V_01] [54/100] Elastix 06_to_04_pair.npy …
[CV_P4_V_01] [54/100] Elastix 06_to_04_pair.npy …
[CV_P4_V_01]     8.0s  DVF mm-ish range x[-1.46,2.30] y[-3.71,2.14] z[-4.32,1.90]
[CV_P4_V_01]     8.0s  DVF mm-ish range x[-1.46,2.30] y[-3.71,2.14] z[-4.32,1.90]
[CV_P4_V_01] [55/100] Elastix 06_to_05_pair.npy …
[CV_P4_V_01] [55/100] Elastix 06_to_05_pair.npy …
[CV_P4_V_01]     8.2s  DVF mm-ish range x[-0.66,0.53] y[-0.91,0.98] z[-0.60,0.68]
[CV_P4_V_01]     8.2s  DVF mm-ish range x[-0.66,0.53] y[-0.91,0.98] z[-0.60,0.68]
[CV_P4_V_01] [56/100] identity 06_to_06_pair.npy
[CV_P4_V_01] [56/100] identity 06_to_06_pair.npy
[CV_P4_V_01] [57/100] Elastix 06_to_07_pair.npy …
[CV_P4_V_01] [57/100] Elastix 06_to_07_pair.npy …
[CV_P4_V_01]     8.3s  DVF mm-ish range x[-0.81,0.93] y[-2.61,1.85] z[-0.98,0.70]
[CV_P4_V_01]     8.3s  DVF mm-ish range x[-0.81,0.93] y[-2.61,1.85] z[-0.98,0.70]
[CV_P4_V_01] [58/100] Elastix 06_to_08_pair.npy …
[CV_P4_V_01] [58/100] Elastix 06_to_08_pair.npy …
[CV_P4_V_01]     8.2s  DVF mm-ish range x[-2.59,2.24] y[-5.44,3.02] z[-3.93,1.54]
[CV_P4_V_01]     8.2s  DVF mm-ish range x[-2.59,2.24] y[-5.44,3.02] z[-3.93,1.54]
[CV_P4_V_01] [59/100] Elastix 06_to_09_pair.npy …
[CV_P4_V_01] [59/100] Elastix 06_to_09_pair.npy …
[CV_P4_V_01]     8.6s  DVF mm-ish range x[-2.76,2.33] y[-7.84,3.70] z[-3.95,2.21]
[CV_P4_V_01]     8.6s  DVF mm-ish range x[-2.76,2.33] y[-7.84,3.70] z[-3.95,2.21]
[CV_P4_V_01] [60/100] Elastix 06_to_10_pair.npy …
[CV_P4_V_01] [60/100] Elastix 06_to_10_pair.npy …
[CV_P4_V_01]     8.5s  DVF mm-ish range x[-2.95,2.97] y[-9.90,4.21] z[-4.58,2.01]
[CV_P4_V_01]     8.5s  DVF mm-ish range x[-2.95,2.97] y[-9.90,4.21] z[-4.58,2.01]
[CV_P4_V_01] [61/100] Elastix 07_to_01_pair.npy …
[CV_P4_V_01] [61/100] Elastix 07_to_01_pair.npy …
[CV_P4_V_01]     7.9s  DVF mm-ish range x[-2.83,2.80] y[-10.27,3.75] z[-3.81,1.63]
[CV_P4_V_01]     7.9s  DVF mm-ish range x[-2.83,2.80] y[-10.27,3.75] z[-3.81,1.63]
[CV_P4_V_01] [62/100] Elastix 07_to_02_pair.npy …
[CV_P4_V_01] [62/100] Elastix 07_to_02_pair.npy …
[CV_P4_V_01]     8.0s  DVF mm-ish range x[-3.10,4.02] y[-8.16,3.54] z[-5.30,2.21]
[CV_P4_V_01]     8.0s  DVF mm-ish range x[-3.10,4.02] y[-8.16,3.54] z[-5.30,2.21]
[CV_P4_V_01] [63/100] Elastix 07_to_03_pair.npy …
[CV_P4_V_01] [63/100] Elastix 07_to_03_pair.npy …
[CV_P4_V_01]     8.1s  DVF mm-ish range x[-1.84,3.86] y[-5.55,1.73] z[-6.03,2.13]
[CV_P4_V_01]     8.1s  DVF mm-ish range x[-1.84,3.86] y[-5.55,1.73] z[-6.03,2.13]
[CV_P4_V_01] [64/100] Elastix 07_to_04_pair.npy …
[CV_P4_V_01] [64/100] Elastix 07_to_04_pair.npy …
[CV_P4_V_01]     8.4s  DVF mm-ish range x[-1.17,1.30] y[-2.07,1.12] z[-1.96,2.63]
[CV_P4_V_01]     8.4s  DVF mm-ish range x[-1.17,1.30] y[-2.07,1.12] z[-1.96,2.63]
[CV_P4_V_01] [65/100] Elastix 07_to_05_pair.npy …
[CV_P4_V_01] [65/100] Elastix 07_to_05_pair.npy …
[CV_P4_V_01]     8.4s  DVF mm-ish range x[-0.99,1.52] y[-1.16,2.68] z[-2.07,2.06]
[CV_P4_V_01]     8.4s  DVF mm-ish range x[-0.99,1.52] y[-1.16,2.68] z[-2.07,2.06]
[CV_P4_V_01] [66/100] Elastix 07_to_06_pair.npy …
[CV_P4_V_01] [66/100] Elastix 07_to_06_pair.npy …
[CV_P4_V_01]     8.3s  DVF mm-ish range x[-1.08,1.38] y[-1.71,2.63] z[-0.80,1.68]
[CV_P4_V_01]     8.3s  DVF mm-ish range x[-1.08,1.38] y[-1.71,2.63] z[-0.80,1.68]
[CV_P4_V_01] [67/100] identity 07_to_07_pair.npy
[CV_P4_V_01] [67/100] identity 07_to_07_pair.npy
[CV_P4_V_01] [68/100] Elastix 07_to_08_pair.npy …
[CV_P4_V_01] [68/100] Elastix 07_to_08_pair.npy …
[CV_P4_V_01]     8.0s  DVF mm-ish range x[-0.90,1.67] y[-3.21,1.89] z[-1.32,0.91]
[CV_P4_V_01]     8.0s  DVF mm-ish range x[-0.90,1.67] y[-3.21,1.89] z[-1.32,0.91]
[CV_P4_V_01] [69/100] Elastix 07_to_09_pair.npy …
[CV_P4_V_01] [69/100] Elastix 07_to_09_pair.npy …
[CV_P4_V_01]     8.3s  DVF mm-ish range x[-1.76,1.87] y[-5.22,3.13] z[-3.27,1.06]
[CV_P4_V_01]     8.3s  DVF mm-ish range x[-1.76,1.87] y[-5.22,3.13] z[-3.27,1.06]
[CV_P4_V_01] [70/100] Elastix 07_to_10_pair.npy …
[CV_P4_V_01] [70/100] Elastix 07_to_10_pair.npy …
[CV_P4_V_01]     8.2s  DVF mm-ish range x[-2.67,2.13] y[-8.92,2.67] z[-3.05,1.11]
[CV_P4_V_01]     8.2s  DVF mm-ish range x[-2.67,2.13] y[-8.92,2.67] z[-3.05,1.11]
[CV_P4_V_01] [71/100] Elastix 08_to_01_pair.npy …
[CV_P4_V_01] [71/100] Elastix 08_to_01_pair.npy …
[CV_P4_V_01]     8.2s  DVF mm-ish range x[-2.79,3.20] y[-8.19,2.54] z[-4.91,1.49]
[CV_P4_V_01]     8.2s  DVF mm-ish range x[-2.79,3.20] y[-8.19,2.54] z[-4.91,1.49]
[CV_P4_V_01] [72/100] Elastix 08_to_02_pair.npy …
[CV_P4_V_01] [72/100] Elastix 08_to_02_pair.npy …
[CV_P4_V_01]     7.9s  DVF mm-ish range x[-2.70,3.55] y[-6.56,1.80] z[-5.42,2.20]
[CV_P4_V_01]     7.9s  DVF mm-ish range x[-2.70,3.55] y[-6.56,1.80] z[-5.42,2.20]
[CV_P4_V_01] [73/100] Elastix 08_to_03_pair.npy …
[CV_P4_V_01] [73/100] Elastix 08_to_03_pair.npy …
[CV_P4_V_01]     7.9s  DVF mm-ish range x[-2.03,2.31] y[-3.07,1.23] z[-4.70,1.81]
[CV_P4_V_01]     7.9s  DVF mm-ish range x[-2.03,2.31] y[-3.07,1.23] z[-4.70,1.81]
[CV_P4_V_01] [74/100] Elastix 08_to_04_pair.npy …
[CV_P4_V_01] [74/100] Elastix 08_to_04_pair.npy …
[CV_P4_V_01]     8.4s  DVF mm-ish range x[-2.37,1.94] y[-2.29,2.84] z[-4.73,3.58]
[CV_P4_V_01]     8.4s  DVF mm-ish range x[-2.37,1.94] y[-2.29,2.84] z[-4.73,3.58]
[CV_P4_V_01] [75/100] Elastix 08_to_05_pair.npy …
[CV_P4_V_01] [75/100] Elastix 08_to_05_pair.npy …
[CV_P4_V_01]     8.2s  DVF mm-ish range x[-3.74,2.76] y[-2.63,4.34] z[-2.94,4.22]
[CV_P4_V_01]     8.2s  DVF mm-ish range x[-3.74,2.76] y[-2.63,4.34] z[-2.94,4.22]
[CV_P4_V_01] [76/100] Elastix 08_to_06_pair.npy …
[CV_P4_V_01] [76/100] Elastix 08_to_06_pair.npy …
[CV_P4_V_01]     7.9s  DVF mm-ish range x[-3.55,2.71] y[-3.00,5.19] z[-2.03,4.49]
[CV_P4_V_01]     7.9s  DVF mm-ish range x[-3.55,2.71] y[-3.00,5.19] z[-2.03,4.49]
[CV_P4_V_01] [77/100] Elastix 08_to_07_pair.npy …
[CV_P4_V_01] [77/100] Elastix 08_to_07_pair.npy …
[CV_P4_V_01]     8.2s  DVF mm-ish range x[-2.66,1.45] y[-1.78,3.04] z[-1.36,2.26]
[CV_P4_V_01]     8.2s  DVF mm-ish range x[-2.66,1.45] y[-1.78,3.04] z[-1.36,2.26]
[CV_P4_V_01] [78/100] identity 08_to_08_pair.npy
[CV_P4_V_01] [78/100] identity 08_to_08_pair.npy
[CV_P4_V_01] [79/100] Elastix 08_to_09_pair.npy …
[CV_P4_V_01] [79/100] Elastix 08_to_09_pair.npy …
[CV_P4_V_01]     8.3s  DVF mm-ish range x[-1.58,1.25] y[-2.75,1.51] z[-1.82,1.39]
[CV_P4_V_01]     8.3s  DVF mm-ish range x[-1.58,1.25] y[-2.75,1.51] z[-1.82,1.39]
[CV_P4_V_01] [80/100] Elastix 08_to_10_pair.npy …
[CV_P4_V_01] [80/100] Elastix 08_to_10_pair.npy …
[CV_P4_V_01]     7.7s  DVF mm-ish range x[-2.52,2.62] y[-4.93,2.24] z[-4.25,1.74]
[CV_P4_V_01]     7.7s  DVF mm-ish range x[-2.52,2.62] y[-4.93,2.24] z[-4.25,1.74]
[CV_P4_V_01] [81/100] Elastix 09_to_01_pair.npy …
[CV_P4_V_01] [81/100] Elastix 09_to_01_pair.npy …
[CV_P4_V_01]     8.0s  DVF mm-ish range x[-2.37,2.09] y[-4.89,2.45] z[-3.85,1.31]
[CV_P4_V_01]     8.0s  DVF mm-ish range x[-2.37,2.09] y[-4.89,2.45] z[-3.85,1.31]
[CV_P4_V_01] [82/100] Elastix 09_to_02_pair.npy …
[CV_P4_V_01] [82/100] Elastix 09_to_02_pair.npy …
[CV_P4_V_01]     8.3s  DVF mm-ish range x[-1.99,2.13] y[-4.28,1.20] z[-3.03,1.45]
[CV_P4_V_01]     8.3s  DVF mm-ish range x[-1.99,2.13] y[-4.28,1.20] z[-3.03,1.45]
[CV_P4_V_01] [83/100] Elastix 09_to_03_pair.npy …
[CV_P4_V_01] [83/100] Elastix 09_to_03_pair.npy …
[CV_P4_V_01]     8.4s  DVF mm-ish range x[-1.66,1.42] y[-2.68,3.09] z[-3.89,1.72]
[CV_P4_V_01]     8.4s  DVF mm-ish range x[-1.66,1.42] y[-2.68,3.09] z[-3.89,1.72]
[CV_P4_V_01] [84/100] Elastix 09_to_04_pair.npy …
[CV_P4_V_01] [84/100] Elastix 09_to_04_pair.npy …
[CV_P4_V_01]     8.2s  DVF mm-ish range x[-2.26,2.77] y[-2.58,4.78] z[-2.81,4.41]
[CV_P4_V_01]     8.2s  DVF mm-ish range x[-2.26,2.77] y[-2.58,4.78] z[-2.81,4.41]
[CV_P4_V_01] [85/100] Elastix 09_to_05_pair.npy …
[CV_P4_V_01] [85/100] Elastix 09_to_05_pair.npy …
[CV_P4_V_01]     8.2s  DVF mm-ish range x[-3.66,3.20] y[-3.81,6.60] z[-2.71,6.27]
[CV_P4_V_01]     8.2s  DVF mm-ish range x[-3.66,3.20] y[-3.81,6.60] z[-2.71,6.27]
[CV_P4_V_01] [86/100] Elastix 09_to_06_pair.npy …
[CV_P4_V_01] [86/100] Elastix 09_to_06_pair.npy …
[CV_P4_V_01]     8.0s  DVF mm-ish range x[-3.50,2.98] y[-4.01,7.34] z[-2.16,5.88]
[CV_P4_V_01]     8.0s  DVF mm-ish range x[-3.50,2.98] y[-4.01,7.34] z[-2.16,5.88]
[CV_P4_V_01] [87/100] Elastix 09_to_07_pair.npy …
[CV_P4_V_01] [87/100] Elastix 09_to_07_pair.npy …
[CV_P4_V_01]     8.3s  DVF mm-ish range x[-3.01,2.27] y[-3.14,5.24] z[-1.36,4.48]
[CV_P4_V_01]     8.3s  DVF mm-ish range x[-3.01,2.27] y[-3.14,5.24] z[-1.36,4.48]
[CV_P4_V_01] [88/100] Elastix 09_to_08_pair.npy …
[CV_P4_V_01] [88/100] Elastix 09_to_08_pair.npy …
[CV_P4_V_01]     8.3s  DVF mm-ish range x[-1.30,1.25] y[-1.56,2.63] z[-0.78,2.24]
[CV_P4_V_01]     8.3s  DVF mm-ish range x[-1.30,1.25] y[-1.56,2.63] z[-0.78,2.24]
[CV_P4_V_01] [89/100] identity 09_to_09_pair.npy
[CV_P4_V_01] [89/100] identity 09_to_09_pair.npy
[CV_P4_V_01] [90/100] Elastix 09_to_10_pair.npy …
[CV_P4_V_01] [90/100] Elastix 09_to_10_pair.npy …
[CV_P4_V_01]     8.3s  DVF mm-ish range x[-0.91,0.97] y[-2.57,1.85] z[-2.20,0.56]
[CV_P4_V_01]     8.3s  DVF mm-ish range x[-0.91,0.97] y[-2.57,1.85] z[-2.20,0.56]
[CV_P4_V_01] [91/100] Elastix 10_to_01_pair.npy …
[CV_P4_V_01] [91/100] Elastix 10_to_01_pair.npy …
[CV_P4_V_01]     8.4s  DVF mm-ish range x[-0.90,0.90] y[-2.20,1.45] z[-2.21,0.78]
[CV_P4_V_01]     8.4s  DVF mm-ish range x[-0.90,0.90] y[-2.20,1.45] z[-2.21,0.78]
[CV_P4_V_01] [92/100] Elastix 10_to_02_pair.npy …
[CV_P4_V_01] [92/100] Elastix 10_to_02_pair.npy …
[CV_P4_V_01]     7.9s  DVF mm-ish range x[-0.83,1.24] y[-1.07,1.30] z[-1.87,1.23]
[CV_P4_V_01]     7.9s  DVF mm-ish range x[-0.83,1.24] y[-1.07,1.30] z[-1.87,1.23]
[CV_P4_V_01] [93/100] Elastix 10_to_03_pair.npy …
[CV_P4_V_01] [93/100] Elastix 10_to_03_pair.npy …
[CV_P4_V_01]     7.9s  DVF mm-ish range x[-1.47,1.45] y[-3.09,4.37] z[-3.55,3.43]
[CV_P4_V_01]     7.9s  DVF mm-ish range x[-1.47,1.45] y[-3.09,4.37] z[-3.55,3.43]
[CV_P4_V_01] [94/100] Elastix 10_to_04_pair.npy …
[CV_P4_V_01] [94/100] Elastix 10_to_04_pair.npy …
[CV_P4_V_01]     8.3s  DVF mm-ish range x[-3.46,3.03] y[-3.60,7.26] z[-3.87,6.81]
[CV_P4_V_01]     8.3s  DVF mm-ish range x[-3.46,3.03] y[-3.60,7.26] z[-3.87,6.81]
[CV_P4_V_01] [95/100] Elastix 10_to_05_pair.npy …
[CV_P4_V_01] [95/100] Elastix 10_to_05_pair.npy …
[CV_P4_V_01]     8.2s  DVF mm-ish range x[-4.16,3.67] y[-4.40,8.80] z[-3.06,7.47]
[CV_P4_V_01]     8.2s  DVF mm-ish range x[-4.16,3.67] y[-4.40,8.80] z[-3.06,7.47]
[CV_P4_V_01] [96/100] Elastix 10_to_06_pair.npy …
[CV_P4_V_01] [96/100] Elastix 10_to_06_pair.npy …
[CV_P4_V_01]     7.8s  DVF mm-ish range x[-3.96,3.93] y[-4.37,9.51] z[-2.34,7.20]
[CV_P4_V_01]     7.8s  DVF mm-ish range x[-3.96,3.93] y[-4.37,9.51] z[-2.34,7.20]
[CV_P4_V_01] [97/100] Elastix 10_to_07_pair.npy …
[CV_P4_V_01] [97/100] Elastix 10_to_07_pair.npy …
[CV_P4_V_01]     8.2s  DVF mm-ish range x[-3.82,3.22] y[-3.72,7.40] z[-1.95,6.10]
[CV_P4_V_01]     8.2s  DVF mm-ish range x[-3.82,3.22] y[-3.72,7.40] z[-1.95,6.10]
[CV_P4_V_01] [98/100] Elastix 10_to_08_pair.npy …
[CV_P4_V_01] [98/100] Elastix 10_to_08_pair.npy …
[CV_P4_V_01]     8.3s  DVF mm-ish range x[-3.32,3.38] y[-2.52,4.91] z[-1.33,5.64]
[CV_P4_V_01]     8.3s  DVF mm-ish range x[-3.32,3.38] y[-2.52,4.91] z[-1.33,5.64]
[CV_P4_V_01] [99/100] Elastix 10_to_09_pair.npy …
[CV_P4_V_01] [99/100] Elastix 10_to_09_pair.npy …
[CV_P4_V_01]     8.3s  DVF mm-ish range x[-1.45,1.58] y[-1.70,2.50] z[-0.73,2.88]
[CV_P4_V_01]     8.3s  DVF mm-ish range x[-1.45,1.58] y[-1.70,2.50] z[-0.73,2.88]
[CV_P4_V_01] [100/100] identity 10_to_10_pair.npy
[CV_P4_V_01] [100/100] identity 10_to_10_pair.npy
[CV_P4_V_01] DONE in 12.3 min  registered=90 identity=10 skipped=0  → /home/abhishek/Voxel_GAN/PopulationStudy/ClinicalExperiments/Experiment1/data/CV_P4_V_01/all
[CV_P4_V_01] DONE in 12.3 min  registered=90 identity=10 skipped=0  → /home/abhishek/Voxel_GAN/PopulationStudy/ClinicalExperiments/Experiment1/data/CV_P4_V_01/all
All requested scans finished.
All requested scans finished.
=== QC encoder CV_P4_V_01 Tue Aug 25 10:28:30 AM AEST 2026 ===
=== QC encoder CV_P4_V_01 Tue Aug 25 10:28:30 AM AEST 2026 ===
[encoder] scan=CV_P4_V_01 pairs=100 panels=100 ckpt=crb_enc_mse_full_spare_generator.pth out=/home/abhishek/Voxel_GAN/PopulationStudy/ClinicalExperiments/Experiment1/EncoderCRB/plots/qc_varian/P4/CV_P4_V_01
[encoder] scan=CV_P4_V_01 pairs=100 panels=100 ckpt=crb_enc_mse_full_spare_generator.pth out=/home/abhishek/Voxel_GAN/PopulationStudy/ClinicalExperiments/Experiment1/EncoderCRB/plots/qc_varian/P4/CV_P4_V_01
[001/100] 01_to_01  L1=0.007  L1/zero=699399.18  cos=nan  k=nan
[001/100] 01_to_01  L1=0.007  L1/zero=699399.18  cos=nan  k=nan
[002/100] 01_to_02  L1=0.293  L1/zero=0.85  cos=0.59  k=0.42
[002/100] 01_to_02  L1=0.293  L1/zero=0.85  cos=0.59  k=0.42
[003/100] 01_to_03  L1=0.690  L1/zero=0.79  cos=0.69  k=0.54
[003/100] 01_to_03  L1=0.690  L1/zero=0.79  cos=0.69  k=0.54
[004/100] 01_to_04  L1=1.135  L1/zero=0.76  cos=0.69  k=0.49
[004/100] 01_to_04  L1=1.135  L1/zero=0.76  cos=0.69  k=0.49
[005/100] 01_to_05  L1=1.265  L1/zero=0.72  cos=0.75  k=0.54
[005/100] 01_to_05  L1=1.265  L1/zero=0.72  cos=0.75  k=0.54
[006/100] 01_to_06  L1=1.258  L1/zero=0.70  cos=0.77  k=0.55
[006/100] 01_to_06  L1=1.258  L1/zero=0.70  cos=0.77  k=0.55
[007/100] 01_to_07  L1=1.106  L1/zero=0.70  cos=0.76  k=0.48
[007/100] 01_to_07  L1=1.106  L1/zero=0.70  cos=0.76  k=0.48
[008/100] 01_to_08  L1=0.928  L1/zero=0.72  cos=0.73  k=0.40
[008/100] 01_to_08  L1=0.928  L1/zero=0.72  cos=0.73  k=0.40
[009/100] 01_to_09  L1=0.612  L1/zero=0.74  cos=0.68  k=0.35
[009/100] 01_to_09  L1=0.612  L1/zero=0.74  cos=0.68  k=0.35
[010/100] 01_to_10  L1=0.327  L1/zero=0.91  cos=0.27  k=0.25
[010/100] 01_to_10  L1=0.327  L1/zero=0.91  cos=0.27  k=0.25
[011/100] 02_to_01  L1=0.296  L1/zero=0.88  cos=0.58  k=0.38
[011/100] 02_to_01  L1=0.296  L1/zero=0.88  cos=0.58  k=0.38
[012/100] 02_to_02  L1=0.018  L1/zero=1840827.61  cos=nan  k=nan
[012/100] 02_to_02  L1=0.018  L1/zero=1840827.61  cos=nan  k=nan
[013/100] 02_to_03  L1=0.345  L1/zero=0.76  cos=0.76  k=0.58
[013/100] 02_to_03  L1=0.345  L1/zero=0.76  cos=0.76  k=0.58
[014/100] 02_to_04  L1=0.747  L1/zero=0.77  cos=0.70  k=0.54
[014/100] 02_to_04  L1=0.747  L1/zero=0.77  cos=0.70  k=0.54
[015/100] 02_to_05  L1=1.123  L1/zero=0.72  cos=0.72  k=0.50
[015/100] 02_to_05  L1=1.123  L1/zero=0.72  cos=0.72  k=0.50
[016/100] 02_to_06  L1=1.122  L1/zero=0.70  cos=0.75  k=0.53
[016/100] 02_to_06  L1=1.122  L1/zero=0.70  cos=0.75  k=0.53
[017/100] 02_to_07  L1=1.124  L1/zero=0.74  cos=0.71  k=0.42
[017/100] 02_to_07  L1=1.124  L1/zero=0.74  cos=0.71  k=0.42
[018/100] 02_to_08  L1=0.928  L1/zero=0.74  cos=0.69  k=0.39
[018/100] 02_to_08  L1=0.928  L1/zero=0.74  cos=0.69  k=0.39
[019/100] 02_to_09  L1=0.702  L1/zero=0.81  cos=0.51  k=0.39
[019/100] 02_to_09  L1=0.702  L1/zero=0.81  cos=0.51  k=0.39
[020/100] 02_to_10  L1=0.436  L1/zero=0.93  cos=0.34  k=0.56
[020/100] 02_to_10  L1=0.436  L1/zero=0.93  cos=0.34  k=0.56
[021/100] 03_to_01  L1=0.658  L1/zero=0.78  cos=0.71  k=0.59
[021/100] 03_to_01  L1=0.658  L1/zero=0.78  cos=0.71  k=0.59
[022/100] 03_to_02  L1=0.349  L1/zero=0.77  cos=0.75  k=0.57
[022/100] 03_to_02  L1=0.349  L1/zero=0.77  cos=0.75  k=0.57
[023/100] 03_to_03  L1=0.009  L1/zero=881165.08  cos=nan  k=nan
[023/100] 03_to_03  L1=0.009  L1/zero=881165.08  cos=nan  k=nan
[024/100] 03_to_04  L1=0.323  L1/zero=0.75  cos=0.75  k=0.61
[024/100] 03_to_04  L1=0.323  L1/zero=0.75  cos=0.75  k=0.61
[025/100] 03_to_05  L1=0.705  L1/zero=0.77  cos=0.69  k=0.49
[025/100] 03_to_05  L1=0.705  L1/zero=0.77  cos=0.69  k=0.49
[026/100] 03_to_06  L1=0.804  L1/zero=0.70  cos=0.72  k=0.51
[026/100] 03_to_06  L1=0.804  L1/zero=0.70  cos=0.72  k=0.51
[027/100] 03_to_07  L1=0.843  L1/zero=0.75  cos=0.65  k=0.39
[027/100] 03_to_07  L1=0.843  L1/zero=0.75  cos=0.65  k=0.39
[028/100] 03_to_08  L1=0.801  L1/zero=0.85  cos=0.48  k=0.42
[028/100] 03_to_08  L1=0.801  L1/zero=0.85  cos=0.48  k=0.42
[029/100] 03_to_09  L1=0.744  L1/zero=0.91  cos=0.44  k=0.59
[029/100] 03_to_09  L1=0.744  L1/zero=0.91  cos=0.44  k=0.59
[030/100] 03_to_10  L1=0.733  L1/zero=0.85  cos=0.54  k=0.73
[030/100] 03_to_10  L1=0.733  L1/zero=0.85  cos=0.54  k=0.73
[031/100] 04_to_01  L1=0.998  L1/zero=0.71  cos=0.79  k=0.55
[031/100] 04_to_01  L1=0.998  L1/zero=0.71  cos=0.79  k=0.55
[032/100] 04_to_02  L1=0.689  L1/zero=0.74  cos=0.74  k=0.64
[032/100] 04_to_02  L1=0.689  L1/zero=0.74  cos=0.74  k=0.64
[033/100] 04_to_03  L1=0.311  L1/zero=0.75  cos=0.73  k=0.68
[033/100] 04_to_03  L1=0.311  L1/zero=0.75  cos=0.73  k=0.68
[034/100] 04_to_04  L1=0.006  L1/zero=619986.42  cos=nan  k=nan
[034/100] 04_to_04  L1=0.006  L1/zero=619986.42  cos=nan  k=nan
[035/100] 04_to_05  L1=0.287  L1/zero=0.80  cos=0.67  k=0.54
[035/100] 04_to_05  L1=0.287  L1/zero=0.80  cos=0.67  k=0.54
[036/100] 04_to_06  L1=0.509  L1/zero=0.86  cos=0.54  k=0.57
[036/100] 04_to_06  L1=0.509  L1/zero=0.86  cos=0.54  k=0.57
[037/100] 04_to_07  L1=0.516  L1/zero=0.98  cos=0.29  k=0.59
[037/100] 04_to_07  L1=0.516  L1/zero=0.98  cos=0.29  k=0.59
[038/100] 04_to_08  L1=0.553  L1/zero=0.90  cos=0.48  k=0.76
[038/100] 04_to_08  L1=0.553  L1/zero=0.90  cos=0.48  k=0.76
[039/100] 04_to_09  L1=0.643  L1/zero=0.76  cos=0.64  k=0.83
[039/100] 04_to_09  L1=0.643  L1/zero=0.76  cos=0.64  k=0.83
[040/100] 04_to_10  L1=0.862  L1/zero=0.71  cos=0.73  k=0.72
[040/100] 04_to_10  L1=0.862  L1/zero=0.71  cos=0.73  k=0.72
[041/100] 05_to_01  L1=1.104  L1/zero=0.66  cos=0.83  k=0.59
[041/100] 05_to_01  L1=1.104  L1/zero=0.66  cos=0.83  k=0.59
[042/100] 05_to_02  L1=0.998  L1/zero=0.67  cos=0.79  k=0.57
[042/100] 05_to_02  L1=0.998  L1/zero=0.67  cos=0.79  k=0.57
[043/100] 05_to_03  L1=0.680  L1/zero=0.76  cos=0.69  k=0.59
[043/100] 05_to_03  L1=0.680  L1/zero=0.76  cos=0.69  k=0.59
[044/100] 05_to_04  L1=0.286  L1/zero=0.79  cos=0.66  k=0.67
[044/100] 05_to_04  L1=0.286  L1/zero=0.79  cos=0.66  k=0.67
[045/100] 05_to_05  L1=0.003  L1/zero=302838.12  cos=nan  k=nan
[045/100] 05_to_05  L1=0.003  L1/zero=302838.12  cos=nan  k=nan
[046/100] 05_to_06  L1=0.195  L1/zero=0.97  cos=0.31  k=0.60
[046/100] 05_to_06  L1=0.195  L1/zero=0.97  cos=0.31  k=0.60
[047/100] 05_to_07  L1=0.412  L1/zero=1.05  cos=0.33  k=0.77
[047/100] 05_to_07  L1=0.412  L1/zero=1.05  cos=0.33  k=0.77
[048/100] 05_to_08  L1=0.568  L1/zero=0.81  cos=0.66  k=0.91
[048/100] 05_to_08  L1=0.568  L1/zero=0.81  cos=0.66  k=0.91
[049/100] 05_to_09  L1=0.675  L1/zero=0.65  cos=0.79  k=0.86
[049/100] 05_to_09  L1=0.675  L1/zero=0.65  cos=0.79  k=0.86
[050/100] 05_to_10  L1=0.853  L1/zero=0.62  cos=0.83  k=0.76
[050/100] 05_to_10  L1=0.853  L1/zero=0.62  cos=0.83  k=0.76
[051/100] 06_to_01  L1=1.058  L1/zero=0.62  cos=0.84  k=0.64
[051/100] 06_to_01  L1=1.058  L1/zero=0.62  cos=0.84  k=0.64
[052/100] 06_to_02  L1=1.013  L1/zero=0.63  cos=0.81  k=0.60
[052/100] 06_to_02  L1=1.013  L1/zero=0.63  cos=0.81  k=0.60
[053/100] 06_to_03  L1=0.742  L1/zero=0.68  cos=0.74  k=0.60
[053/100] 06_to_03  L1=0.742  L1/zero=0.68  cos=0.74  k=0.60
[054/100] 06_to_04  L1=0.492  L1/zero=0.85  cos=0.56  k=0.66
[054/100] 06_to_04  L1=0.492  L1/zero=0.85  cos=0.56  k=0.66
[055/100] 06_to_05  L1=0.183  L1/zero=0.90  cos=0.40  k=0.63
[055/100] 06_to_05  L1=0.183  L1/zero=0.90  cos=0.40  k=0.63
[056/100] 06_to_06  L1=0.003  L1/zero=342087.75  cos=nan  k=nan
[056/100] 06_to_06  L1=0.003  L1/zero=342087.75  cos=nan  k=nan
[057/100] 06_to_07  L1=0.252  L1/zero=0.86  cos=0.63  k=0.77
[057/100] 06_to_07  L1=0.252  L1/zero=0.86  cos=0.63  k=0.77
[058/100] 06_to_08  L1=0.485  L1/zero=0.76  cos=0.76  k=0.91
[058/100] 06_to_08  L1=0.485  L1/zero=0.76  cos=0.76  k=0.91
[059/100] 06_to_09  L1=0.664  L1/zero=0.66  cos=0.80  k=0.88
[059/100] 06_to_09  L1=0.664  L1/zero=0.66  cos=0.80  k=0.88
[060/100] 06_to_10  L1=0.832  L1/zero=0.60  cos=0.85  k=0.77
[060/100] 06_to_10  L1=0.832  L1/zero=0.60  cos=0.85  k=0.77
[061/100] 07_to_01  L1=0.973  L1/zero=0.62  cos=0.84  k=0.55
[061/100] 07_to_01  L1=0.973  L1/zero=0.62  cos=0.84  k=0.55
[062/100] 07_to_02  L1=1.069  L1/zero=0.70  cos=0.74  k=0.48
[062/100] 07_to_02  L1=1.069  L1/zero=0.70  cos=0.74  k=0.48
[063/100] 07_to_03  L1=0.757  L1/zero=0.73  cos=0.68  k=0.46
[063/100] 07_to_03  L1=0.757  L1/zero=0.73  cos=0.68  k=0.46
[064/100] 07_to_04  L1=0.466  L1/zero=0.92  cos=0.37  k=0.60
[064/100] 07_to_04  L1=0.466  L1/zero=0.92  cos=0.37  k=0.60
[065/100] 07_to_05  L1=0.399  L1/zero=0.99  cos=0.33  k=0.55
[065/100] 07_to_05  L1=0.399  L1/zero=0.99  cos=0.33  k=0.55
[066/100] 07_to_06  L1=0.265  L1/zero=0.84  cos=0.63  k=0.54
[066/100] 07_to_06  L1=0.265  L1/zero=0.84  cos=0.63  k=0.54
[067/100] 07_to_07  L1=0.004  L1/zero=353142.20  cos=nan  k=nan
[067/100] 07_to_07  L1=0.004  L1/zero=353142.20  cos=nan  k=nan
[068/100] 07_to_08  L1=0.286  L1/zero=0.77  cos=0.69  k=0.79
[068/100] 07_to_08  L1=0.286  L1/zero=0.77  cos=0.69  k=0.79
[069/100] 07_to_09  L1=0.462  L1/zero=0.66  cos=0.76  k=0.79
[069/100] 07_to_09  L1=0.462  L1/zero=0.66  cos=0.76  k=0.79
[070/100] 07_to_10  L1=0.693  L1/zero=0.60  cos=0.85  k=0.67
[070/100] 07_to_10  L1=0.693  L1/zero=0.60  cos=0.85  k=0.67
[071/100] 08_to_01  L1=0.789  L1/zero=0.63  cos=0.81  k=0.50
[071/100] 08_to_01  L1=0.789  L1/zero=0.63  cos=0.81  k=0.50
[072/100] 08_to_02  L1=0.891  L1/zero=0.72  cos=0.70  k=0.42
[072/100] 08_to_02  L1=0.891  L1/zero=0.72  cos=0.70  k=0.42
[073/100] 08_to_03  L1=0.736  L1/zero=0.84  cos=0.47  k=0.48
[073/100] 08_to_03  L1=0.736  L1/zero=0.84  cos=0.47  k=0.48
[074/100] 08_to_04  L1=0.576  L1/zero=0.86  cos=0.48  k=0.65
[074/100] 08_to_04  L1=0.576  L1/zero=0.86  cos=0.48  k=0.65
[075/100] 08_to_05  L1=0.570  L1/zero=0.74  cos=0.71  k=0.72
[075/100] 08_to_05  L1=0.570  L1/zero=0.74  cos=0.71  k=0.72
[076/100] 08_to_06  L1=0.519  L1/zero=0.74  cos=0.74  k=0.75
[076/100] 08_to_06  L1=0.519  L1/zero=0.74  cos=0.74  k=0.75
[077/100] 08_to_07  L1=0.327  L1/zero=0.77  cos=0.71  k=0.59
[077/100] 08_to_07  L1=0.327  L1/zero=0.77  cos=0.71  k=0.59
[078/100] 08_to_08  L1=0.004  L1/zero=383413.02  cos=nan  k=nan
[078/100] 08_to_08  L1=0.004  L1/zero=383413.02  cos=nan  k=nan
[079/100] 08_to_09  L1=0.282  L1/zero=0.66  cos=0.80  k=0.64
[079/100] 08_to_09  L1=0.282  L1/zero=0.66  cos=0.80  k=0.64
[080/100] 08_to_10  L1=0.484  L1/zero=0.58  cos=0.85  k=0.65
[080/100] 08_to_10  L1=0.484  L1/zero=0.58  cos=0.85  k=0.65
[081/100] 09_to_01  L1=0.532  L1/zero=0.67  cos=0.75  k=0.46
[081/100] 09_to_01  L1=0.532  L1/zero=0.67  cos=0.75  k=0.46
[082/100] 09_to_02  L1=0.706  L1/zero=0.81  cos=0.53  k=0.41
[082/100] 09_to_02  L1=0.706  L1/zero=0.81  cos=0.53  k=0.41
[083/100] 09_to_03  L1=0.753  L1/zero=0.90  cos=0.43  k=0.54
[083/100] 09_to_03  L1=0.753  L1/zero=0.90  cos=0.43  k=0.54
[084/100] 09_to_04  L1=0.648  L1/zero=0.75  cos=0.65  k=0.74
[084/100] 09_to_04  L1=0.648  L1/zero=0.75  cos=0.65  k=0.74
[085/100] 09_to_05  L1=0.736  L1/zero=0.67  cos=0.77  k=0.75
[085/100] 09_to_05  L1=0.736  L1/zero=0.67  cos=0.77  k=0.75
[086/100] 09_to_06  L1=0.707  L1/zero=0.67  cos=0.79  k=0.79
[086/100] 09_to_06  L1=0.707  L1/zero=0.67  cos=0.79  k=0.79
[087/100] 09_to_07  L1=0.487  L1/zero=0.69  cos=0.77  k=0.73
[087/100] 09_to_07  L1=0.487  L1/zero=0.69  cos=0.77  k=0.73
[088/100] 09_to_08  L1=0.305  L1/zero=0.76  cos=0.76  k=0.43
[088/100] 09_to_08  L1=0.305  L1/zero=0.76  cos=0.76  k=0.43
[089/100] 09_to_09  L1=0.005  L1/zero=455411.80  cos=nan  k=nan
[089/100] 09_to_09  L1=0.005  L1/zero=455411.80  cos=nan  k=nan
[090/100] 09_to_10  L1=0.282  L1/zero=0.71  cos=0.77  k=0.41
[090/100] 09_to_10  L1=0.282  L1/zero=0.71  cos=0.77  k=0.41
[091/100] 10_to_01  L1=0.297  L1/zero=0.80  cos=0.53  k=0.34
[091/100] 10_to_01  L1=0.297  L1/zero=0.80  cos=0.53  k=0.34
[092/100] 10_to_02  L1=0.447  L1/zero=0.92  cos=0.34  k=0.48
[092/100] 10_to_02  L1=0.447  L1/zero=0.92  cos=0.34  k=0.48
[093/100] 10_to_03  L1=0.702  L1/zero=0.82  cos=0.55  k=0.64
[093/100] 10_to_03  L1=0.702  L1/zero=0.82  cos=0.55  k=0.64
[094/100] 10_to_04  L1=0.934  L1/zero=0.74  cos=0.70  k=0.62
[094/100] 10_to_04  L1=0.934  L1/zero=0.74  cos=0.70  k=0.62
[095/100] 10_to_05  L1=0.949  L1/zero=0.66  cos=0.79  k=0.67
[095/100] 10_to_05  L1=0.949  L1/zero=0.66  cos=0.79  k=0.67
[096/100] 10_to_06  L1=0.989  L1/zero=0.68  cos=0.78  k=0.66
[096/100] 10_to_06  L1=0.989  L1/zero=0.68  cos=0.78  k=0.66
[097/100] 10_to_07  L1=0.762  L1/zero=0.67  cos=0.77  k=0.59
[097/100] 10_to_07  L1=0.762  L1/zero=0.67  cos=0.77  k=0.59
[098/100] 10_to_08  L1=0.582  L1/zero=0.68  cos=0.79  k=0.48
[098/100] 10_to_08  L1=0.582  L1/zero=0.68  cos=0.79  k=0.48
[099/100] 10_to_09  L1=0.310  L1/zero=0.73  cos=0.76  k=0.37
[099/100] 10_to_09  L1=0.310  L1/zero=0.73  cos=0.76  k=0.37
[100/100] 10_to_10  L1=0.002  L1/zero=188691.24  cos=nan  k=nan
[100/100] 10_to_10  L1=0.002  L1/zero=188691.24  cos=nan  k=nan

[encoder] Directed mean: L1=0.655  L1/zero=0.76  cos=0.66  k=0.59  beat_zero=99%

[encoder] Directed mean: L1=0.655  L1/zero=0.76  cos=0.66  k=0.59  beat_zero=99%
wrote /home/abhishek/Voxel_GAN/PopulationStudy/ClinicalExperiments/Experiment1/EncoderCRB/plots/qc_varian/P4/CV_P4_V_01 (100 pngs)
wrote /home/abhishek/Voxel_GAN/PopulationStudy/ClinicalExperiments/Experiment1/EncoderCRB/plots/qc_varian/P4/CV_P4_V_01 (100 pngs)
=== QC decoder CV_P4_V_01 Tue Aug 25 10:29:21 AM AEST 2026 ===
=== QC decoder CV_P4_V_01 Tue Aug 25 10:29:21 AM AEST 2026 ===
[decoder] scan=CV_P4_V_01 pairs=100 panels=100 ckpt=crb_dec_mse_full_spare_generator.pth out=/home/abhishek/Voxel_GAN/PopulationStudy/ClinicalExperiments/Experiment1/DecoderCRB/plots/qc_varian/P4/CV_P4_V_01
[decoder] scan=CV_P4_V_01 pairs=100 panels=100 ckpt=crb_dec_mse_full_spare_generator.pth out=/home/abhishek/Voxel_GAN/PopulationStudy/ClinicalExperiments/Experiment1/DecoderCRB/plots/qc_varian/P4/CV_P4_V_01
[001/100] 01_to_01  L1=0.014  L1/zero=1351466.31  cos=nan  k=nan
[001/100] 01_to_01  L1=0.014  L1/zero=1351466.31  cos=nan  k=nan
[002/100] 01_to_02  L1=0.256  L1/zero=0.75  cos=0.70  k=0.81
[002/100] 01_to_02  L1=0.256  L1/zero=0.75  cos=0.70  k=0.81
[003/100] 01_to_03  L1=0.647  L1/zero=0.74  cos=0.72  k=0.72
[003/100] 01_to_03  L1=0.647  L1/zero=0.74  cos=0.72  k=0.72
[004/100] 01_to_04  L1=1.123  L1/zero=0.75  cos=0.68  k=0.58
[004/100] 01_to_04  L1=1.123  L1/zero=0.75  cos=0.68  k=0.58
[005/100] 01_to_05  L1=1.299  L1/zero=0.74  cos=0.73  k=0.60
[005/100] 01_to_05  L1=1.299  L1/zero=0.74  cos=0.73  k=0.60
[006/100] 01_to_06  L1=1.322  L1/zero=0.74  cos=0.73  k=0.65
[006/100] 01_to_06  L1=1.322  L1/zero=0.74  cos=0.73  k=0.65
[007/100] 01_to_07  L1=1.167  L1/zero=0.74  cos=0.70  k=0.60
[007/100] 01_to_07  L1=1.167  L1/zero=0.74  cos=0.70  k=0.60
[008/100] 01_to_08  L1=0.955  L1/zero=0.74  cos=0.68  k=0.45
[008/100] 01_to_08  L1=0.955  L1/zero=0.74  cos=0.68  k=0.45
[009/100] 01_to_09  L1=0.627  L1/zero=0.76  cos=0.67  k=0.36
[009/100] 01_to_09  L1=0.627  L1/zero=0.76  cos=0.67  k=0.36
[010/100] 01_to_10  L1=0.319  L1/zero=0.88  cos=0.35  k=0.26
[010/100] 01_to_10  L1=0.319  L1/zero=0.88  cos=0.35  k=0.26
[011/100] 02_to_01  L1=0.255  L1/zero=0.76  cos=0.70  k=0.82
[011/100] 02_to_01  L1=0.255  L1/zero=0.76  cos=0.70  k=0.82
[012/100] 02_to_02  L1=0.014  L1/zero=1434170.08  cos=nan  k=nan
[012/100] 02_to_02  L1=0.014  L1/zero=1434170.08  cos=nan  k=nan
[013/100] 02_to_03  L1=0.357  L1/zero=0.78  cos=0.73  k=0.82
[013/100] 02_to_03  L1=0.357  L1/zero=0.78  cos=0.73  k=0.82
[014/100] 02_to_04  L1=0.744  L1/zero=0.77  cos=0.68  k=0.66
[014/100] 02_to_04  L1=0.744  L1/zero=0.77  cos=0.68  k=0.66
[015/100] 02_to_05  L1=1.143  L1/zero=0.73  cos=0.70  k=0.57
[015/100] 02_to_05  L1=1.143  L1/zero=0.73  cos=0.70  k=0.57
[016/100] 02_to_06  L1=1.166  L1/zero=0.72  cos=0.72  k=0.61
[016/100] 02_to_06  L1=1.166  L1/zero=0.72  cos=0.72  k=0.61
[017/100] 02_to_07  L1=1.179  L1/zero=0.77  cos=0.62  k=0.49
[017/100] 02_to_07  L1=1.179  L1/zero=0.77  cos=0.62  k=0.49
[018/100] 02_to_08  L1=0.995  L1/zero=0.79  cos=0.56  k=0.38
[018/100] 02_to_08  L1=0.995  L1/zero=0.79  cos=0.56  k=0.38
[019/100] 02_to_09  L1=0.785  L1/zero=0.90  cos=0.28  k=0.41
[019/100] 02_to_09  L1=0.785  L1/zero=0.90  cos=0.28  k=0.41
[020/100] 02_to_10  L1=0.519  L1/zero=1.11  cos=0.23  k=0.88
[020/100] 02_to_10  L1=0.519  L1/zero=1.11  cos=0.23  k=0.88
[021/100] 03_to_01  L1=0.625  L1/zero=0.74  cos=0.74  k=0.80
[021/100] 03_to_01  L1=0.625  L1/zero=0.74  cos=0.74  k=0.80
[022/100] 03_to_02  L1=0.336  L1/zero=0.74  cos=0.76  k=0.83
[022/100] 03_to_02  L1=0.336  L1/zero=0.74  cos=0.76  k=0.83
[023/100] 03_to_03  L1=0.019  L1/zero=1883705.89  cos=nan  k=nan
[023/100] 03_to_03  L1=0.019  L1/zero=1883705.89  cos=nan  k=nan
[024/100] 03_to_04  L1=0.332  L1/zero=0.77  cos=0.71  k=0.61
[024/100] 03_to_04  L1=0.332  L1/zero=0.77  cos=0.71  k=0.61
[025/100] 03_to_05  L1=0.705  L1/zero=0.77  cos=0.66  k=0.54
[025/100] 03_to_05  L1=0.705  L1/zero=0.77  cos=0.66  k=0.54
[026/100] 03_to_06  L1=0.821  L1/zero=0.72  cos=0.68  k=0.54
[026/100] 03_to_06  L1=0.821  L1/zero=0.72  cos=0.68  k=0.54
[027/100] 03_to_07  L1=0.887  L1/zero=0.79  cos=0.55  k=0.40
[027/100] 03_to_07  L1=0.887  L1/zero=0.79  cos=0.55  k=0.40
[028/100] 03_to_08  L1=0.901  L1/zero=0.96  cos=0.29  k=0.47
[028/100] 03_to_08  L1=0.901  L1/zero=0.96  cos=0.29  k=0.47
[029/100] 03_to_09  L1=0.880  L1/zero=1.07  cos=0.33  k=0.77
[029/100] 03_to_09  L1=0.880  L1/zero=1.07  cos=0.33  k=0.77
[030/100] 03_to_10  L1=0.800  L1/zero=0.93  cos=0.54  k=0.92
[030/100] 03_to_10  L1=0.800  L1/zero=0.93  cos=0.54  k=0.92
[031/100] 04_to_01  L1=1.019  L1/zero=0.72  cos=0.77  k=0.66
[031/100] 04_to_01  L1=1.019  L1/zero=0.72  cos=0.77  k=0.66
[032/100] 04_to_02  L1=0.698  L1/zero=0.75  cos=0.73  k=0.71
[032/100] 04_to_02  L1=0.698  L1/zero=0.75  cos=0.73  k=0.71
[033/100] 04_to_03  L1=0.313  L1/zero=0.76  cos=0.72  k=0.73
[033/100] 04_to_03  L1=0.313  L1/zero=0.76  cos=0.72  k=0.73
[034/100] 04_to_04  L1=0.019  L1/zero=1938860.86  cos=nan  k=nan
[034/100] 04_to_04  L1=0.019  L1/zero=1938860.86  cos=nan  k=nan
[035/100] 04_to_05  L1=0.295  L1/zero=0.83  cos=0.63  k=0.51
[035/100] 04_to_05  L1=0.295  L1/zero=0.83  cos=0.63  k=0.51
[036/100] 04_to_06  L1=0.509  L1/zero=0.86  cos=0.51  k=0.54
[036/100] 04_to_06  L1=0.509  L1/zero=0.86  cos=0.51  k=0.54
[037/100] 04_to_07  L1=0.516  L1/zero=0.98  cos=0.29  k=0.63
[037/100] 04_to_07  L1=0.516  L1/zero=0.98  cos=0.29  k=0.63
[038/100] 04_to_08  L1=0.639  L1/zero=1.04  cos=0.41  k=0.95
[038/100] 04_to_08  L1=0.639  L1/zero=1.04  cos=0.41  k=0.95
[039/100] 04_to_09  L1=0.747  L1/zero=0.88  cos=0.59  k=0.97
[039/100] 04_to_09  L1=0.747  L1/zero=0.88  cos=0.59  k=0.97
[040/100] 04_to_10  L1=0.951  L1/zero=0.79  cos=0.67  k=0.79
[040/100] 04_to_10  L1=0.951  L1/zero=0.79  cos=0.67  k=0.79
[041/100] 05_to_01  L1=1.223  L1/zero=0.73  cos=0.77  k=0.66
[041/100] 05_to_01  L1=1.223  L1/zero=0.73  cos=0.77  k=0.66
[042/100] 05_to_02  L1=1.074  L1/zero=0.72  cos=0.74  k=0.59
[042/100] 05_to_02  L1=1.074  L1/zero=0.72  cos=0.74  k=0.59
[043/100] 05_to_03  L1=0.708  L1/zero=0.79  cos=0.64  k=0.56
[043/100] 05_to_03  L1=0.708  L1/zero=0.79  cos=0.64  k=0.56
[044/100] 05_to_04  L1=0.292  L1/zero=0.81  cos=0.66  k=0.61
[044/100] 05_to_04  L1=0.292  L1/zero=0.81  cos=0.66  k=0.61
[045/100] 05_to_05  L1=0.020  L1/zero=1964597.22  cos=nan  k=nan
[045/100] 05_to_05  L1=0.020  L1/zero=1964597.22  cos=nan  k=nan
[046/100] 05_to_06  L1=0.191  L1/zero=0.95  cos=0.28  k=0.49
[046/100] 05_to_06  L1=0.191  L1/zero=0.95  cos=0.28  k=0.49
[047/100] 05_to_07  L1=0.414  L1/zero=1.06  cos=0.38  k=0.92
[047/100] 05_to_07  L1=0.414  L1/zero=1.06  cos=0.38  k=0.92
[048/100] 05_to_08  L1=0.612  L1/zero=0.87  cos=0.63  k=1.01
[048/100] 05_to_08  L1=0.612  L1/zero=0.87  cos=0.63  k=1.01
[049/100] 05_to_09  L1=0.781  L1/zero=0.76  cos=0.73  k=0.91
[049/100] 05_to_09  L1=0.781  L1/zero=0.76  cos=0.73  k=0.91
[050/100] 05_to_10  L1=1.015  L1/zero=0.74  cos=0.76  k=0.78
[050/100] 05_to_10  L1=1.015  L1/zero=0.74  cos=0.76  k=0.78
[051/100] 06_to_01  L1=1.253  L1/zero=0.73  cos=0.78  k=0.66
[051/100] 06_to_01  L1=1.253  L1/zero=0.73  cos=0.78  k=0.66
[052/100] 06_to_02  L1=1.153  L1/zero=0.72  cos=0.76  k=0.58
[052/100] 06_to_02  L1=1.153  L1/zero=0.72  cos=0.76  k=0.58
[053/100] 06_to_03  L1=0.787  L1/zero=0.72  cos=0.69  k=0.56
[053/100] 06_to_03  L1=0.787  L1/zero=0.72  cos=0.69  k=0.56
[054/100] 06_to_04  L1=0.492  L1/zero=0.85  cos=0.55  k=0.62
[054/100] 06_to_04  L1=0.492  L1/zero=0.85  cos=0.55  k=0.62
[055/100] 06_to_05  L1=0.196  L1/zero=0.96  cos=0.33  k=0.70
[055/100] 06_to_05  L1=0.196  L1/zero=0.96  cos=0.33  k=0.70
[056/100] 06_to_06  L1=0.028  L1/zero=2794515.53  cos=nan  k=nan
[056/100] 06_to_06  L1=0.028  L1/zero=2794515.53  cos=nan  k=nan
[057/100] 06_to_07  L1=0.242  L1/zero=0.83  cos=0.69  k=0.96
[057/100] 06_to_07  L1=0.242  L1/zero=0.83  cos=0.69  k=0.96
[058/100] 06_to_08  L1=0.543  L1/zero=0.85  cos=0.71  k=1.03
[058/100] 06_to_08  L1=0.543  L1/zero=0.85  cos=0.71  k=1.03
[059/100] 06_to_09  L1=0.790  L1/zero=0.79  cos=0.74  k=0.93
[059/100] 06_to_09  L1=0.790  L1/zero=0.79  cos=0.74  k=0.93
[060/100] 06_to_10  L1=1.040  L1/zero=0.75  cos=0.77  k=0.77
[060/100] 06_to_10  L1=1.040  L1/zero=0.75  cos=0.77  k=0.77
[061/100] 07_to_01  L1=1.113  L1/zero=0.70  cos=0.80  k=0.57
[061/100] 07_to_01  L1=1.113  L1/zero=0.70  cos=0.80  k=0.57
[062/100] 07_to_02  L1=1.178  L1/zero=0.77  cos=0.66  k=0.44
[062/100] 07_to_02  L1=1.178  L1/zero=0.77  cos=0.66  k=0.44
[063/100] 07_to_03  L1=0.819  L1/zero=0.79  cos=0.57  k=0.39
[063/100] 07_to_03  L1=0.819  L1/zero=0.79  cos=0.57  k=0.39
[064/100] 07_to_04  L1=0.464  L1/zero=0.92  cos=0.35  k=0.59
[064/100] 07_to_04  L1=0.464  L1/zero=0.92  cos=0.35  k=0.59
[065/100] 07_to_05  L1=0.364  L1/zero=0.90  cos=0.47  k=0.74
[065/100] 07_to_05  L1=0.364  L1/zero=0.90  cos=0.47  k=0.74
[066/100] 07_to_06  L1=0.247  L1/zero=0.78  cos=0.67  k=0.73
[066/100] 07_to_06  L1=0.247  L1/zero=0.78  cos=0.67  k=0.73
[067/100] 07_to_07  L1=0.021  L1/zero=2114824.95  cos=nan  k=nan
[067/100] 07_to_07  L1=0.021  L1/zero=2114824.95  cos=nan  k=nan
[068/100] 07_to_08  L1=0.290  L1/zero=0.78  cos=0.70  k=0.82
[068/100] 07_to_08  L1=0.290  L1/zero=0.78  cos=0.70  k=0.82
[069/100] 07_to_09  L1=0.513  L1/zero=0.74  cos=0.75  k=0.87
[069/100] 07_to_09  L1=0.513  L1/zero=0.74  cos=0.75  k=0.87
[070/100] 07_to_10  L1=0.785  L1/zero=0.68  cos=0.83  k=0.66
[070/100] 07_to_10  L1=0.785  L1/zero=0.68  cos=0.83  k=0.66
[071/100] 08_to_01  L1=0.900  L1/zero=0.72  cos=0.76  k=0.48
[071/100] 08_to_01  L1=0.900  L1/zero=0.72  cos=0.76  k=0.48
[072/100] 08_to_02  L1=1.004  L1/zero=0.81  cos=0.55  k=0.35
[072/100] 08_to_02  L1=1.004  L1/zero=0.81  cos=0.55  k=0.35
[073/100] 08_to_03  L1=0.837  L1/zero=0.96  cos=0.24  k=0.44
[073/100] 08_to_03  L1=0.837  L1/zero=0.96  cos=0.24  k=0.44
[074/100] 08_to_04  L1=0.685  L1/zero=1.03  cos=0.36  k=0.90
[074/100] 08_to_04  L1=0.685  L1/zero=1.03  cos=0.36  k=0.90
[075/100] 08_to_05  L1=0.611  L1/zero=0.79  cos=0.68  k=1.01
[075/100] 08_to_05  L1=0.611  L1/zero=0.79  cos=0.68  k=1.01
[076/100] 08_to_06  L1=0.559  L1/zero=0.80  cos=0.72  k=1.07
[076/100] 08_to_06  L1=0.559  L1/zero=0.80  cos=0.72  k=1.07
[077/100] 08_to_07  L1=0.336  L1/zero=0.79  cos=0.68  k=0.78
[077/100] 08_to_07  L1=0.336  L1/zero=0.79  cos=0.68  k=0.78
[078/100] 08_to_08  L1=0.017  L1/zero=1678220.93  cos=nan  k=nan
[078/100] 08_to_08  L1=0.017  L1/zero=1678220.93  cos=nan  k=nan
[079/100] 08_to_09  L1=0.295  L1/zero=0.69  cos=0.77  k=0.70
[079/100] 08_to_09  L1=0.295  L1/zero=0.69  cos=0.77  k=0.70
[080/100] 08_to_10  L1=0.567  L1/zero=0.68  cos=0.79  k=0.61
[080/100] 08_to_10  L1=0.567  L1/zero=0.68  cos=0.79  k=0.61
[081/100] 09_to_01  L1=0.566  L1/zero=0.71  cos=0.73  k=0.43
[081/100] 09_to_01  L1=0.566  L1/zero=0.71  cos=0.73  k=0.43
[082/100] 09_to_02  L1=0.799  L1/zero=0.91  cos=0.27  k=0.40
[082/100] 09_to_02  L1=0.799  L1/zero=0.91  cos=0.27  k=0.40
[083/100] 09_to_03  L1=0.865  L1/zero=1.04  cos=0.33  k=0.71
[083/100] 09_to_03  L1=0.865  L1/zero=1.04  cos=0.33  k=0.71
[084/100] 09_to_04  L1=0.738  L1/zero=0.85  cos=0.63  k=1.00
[084/100] 09_to_04  L1=0.738  L1/zero=0.85  cos=0.63  k=1.00
[085/100] 09_to_05  L1=0.775  L1/zero=0.71  cos=0.75  k=0.95
[085/100] 09_to_05  L1=0.775  L1/zero=0.71  cos=0.75  k=0.95
[086/100] 09_to_06  L1=0.783  L1/zero=0.74  cos=0.75  k=1.00
[086/100] 09_to_06  L1=0.783  L1/zero=0.74  cos=0.75  k=1.00
[087/100] 09_to_07  L1=0.506  L1/zero=0.71  cos=0.76  k=0.91
[087/100] 09_to_07  L1=0.506  L1/zero=0.71  cos=0.76  k=0.91
[088/100] 09_to_08  L1=0.278  L1/zero=0.69  cos=0.77  k=0.65
[088/100] 09_to_08  L1=0.278  L1/zero=0.69  cos=0.77  k=0.65
[089/100] 09_to_09  L1=0.011  L1/zero=1134160.91  cos=nan  k=nan
[089/100] 09_to_09  L1=0.011  L1/zero=1134160.91  cos=nan  k=nan
[090/100] 09_to_10  L1=0.264  L1/zero=0.66  cos=0.82  k=0.53
[090/100] 09_to_10  L1=0.264  L1/zero=0.66  cos=0.82  k=0.53
[091/100] 10_to_01  L1=0.323  L1/zero=0.87  cos=0.42  k=0.27
[091/100] 10_to_01  L1=0.323  L1/zero=0.87  cos=0.42  k=0.27
[092/100] 10_to_02  L1=0.531  L1/zero=1.10  cos=0.17  k=0.77
[092/100] 10_to_02  L1=0.531  L1/zero=1.10  cos=0.17  k=0.77
[093/100] 10_to_03  L1=0.734  L1/zero=0.86  cos=0.57  k=0.85
[093/100] 10_to_03  L1=0.734  L1/zero=0.86  cos=0.57  k=0.85
[094/100] 10_to_04  L1=0.955  L1/zero=0.75  cos=0.68  k=0.78
[094/100] 10_to_04  L1=0.955  L1/zero=0.75  cos=0.68  k=0.78
[095/100] 10_to_05  L1=0.964  L1/zero=0.67  cos=0.76  k=0.81
[095/100] 10_to_05  L1=0.964  L1/zero=0.67  cos=0.76  k=0.81
[096/100] 10_to_06  L1=0.997  L1/zero=0.68  cos=0.77  k=0.85
[096/100] 10_to_06  L1=0.997  L1/zero=0.68  cos=0.77  k=0.85
[097/100] 10_to_07  L1=0.795  L1/zero=0.70  cos=0.75  k=0.74
[097/100] 10_to_07  L1=0.795  L1/zero=0.70  cos=0.75  k=0.74
[098/100] 10_to_08  L1=0.600  L1/zero=0.70  cos=0.75  k=0.57
[098/100] 10_to_08  L1=0.600  L1/zero=0.70  cos=0.75  k=0.57
[099/100] 10_to_09  L1=0.300  L1/zero=0.71  cos=0.79  k=0.49
[099/100] 10_to_09  L1=0.300  L1/zero=0.71  cos=0.79  k=0.49
[100/100] 10_to_10  L1=0.011  L1/zero=1126375.70  cos=nan  k=nan
[100/100] 10_to_10  L1=0.011  L1/zero=1126375.70  cos=nan  k=nan

[decoder] Directed mean: L1=0.700  L1/zero=0.80  cos=0.62  k=0.68  beat_zero=92%

[decoder] Directed mean: L1=0.700  L1/zero=0.80  cos=0.62  k=0.68  beat_zero=92%
wrote /home/abhishek/Voxel_GAN/PopulationStudy/ClinicalExperiments/Experiment1/DecoderCRB/plots/qc_varian/P4/CV_P4_V_01 (100 pngs)
wrote /home/abhishek/Voxel_GAN/PopulationStudy/ClinicalExperiments/Experiment1/DecoderCRB/plots/qc_varian/P4/CV_P4_V_01 (100 pngs)
=== PREP CV_P5_V_01 (have 0 pairs) Tue Aug 25 10:30:12 AM AEST 2026 ===
=== PREP CV_P5_V_01 (have 0 pairs) Tue Aug 25 10:30:12 AM AEST 2026 ===
=== Elastix CV_P5_V_01 ===
=== Elastix CV_P5_V_01 ===
Clinical DVF scans=['CV_P5_V_01']  param=/home/abhishek/Voxel_GAN/My v1.0/configs/elastix_bspline_masked.txt
Clinical DVF scans=['CV_P5_V_01']  param=/home/abhishek/Voxel_GAN/My v1.0/configs/elastix_bspline_masked.txt
Output: /home/abhishek/Voxel_GAN/PopulationStudy/ClinicalExperiments/Experiment1/data
Output: /home/abhishek/Voxel_GAN/PopulationStudy/ClinicalExperiments/Experiment1/data
[CV_P5_V_01] mask pad=+8  voxels=3048930
[CV_P5_V_01] mask pad=+8  voxels=3048930
[CV_P5_V_01] lung bbox (zyx): [173:385, 0:220, 88:356]
[CV_P5_V_01] lung bbox (zyx): [173:385, 0:220, 88:356]
[CV_P5_V_01]   CT_01: (450, 220, 450) → (212, 220, 268) → (128, 128, 128)
[CV_P5_V_01]   CT_01: (450, 220, 450) → (212, 220, 268) → (128, 128, 128)
[CV_P5_V_01]   CT_02: (450, 220, 450) → (212, 220, 268) → (128, 128, 128)
[CV_P5_V_01]   CT_02: (450, 220, 450) → (212, 220, 268) → (128, 128, 128)
[CV_P5_V_01]   CT_03: (450, 220, 450) → (212, 220, 268) → (128, 128, 128)
[CV_P5_V_01]   CT_03: (450, 220, 450) → (212, 220, 268) → (128, 128, 128)
[CV_P5_V_01]   CT_04: (450, 220, 450) → (212, 220, 268) → (128, 128, 128)
[CV_P5_V_01]   CT_04: (450, 220, 450) → (212, 220, 268) → (128, 128, 128)
[CV_P5_V_01]   CT_05: (450, 220, 450) → (212, 220, 268) → (128, 128, 128)
[CV_P5_V_01]   CT_05: (450, 220, 450) → (212, 220, 268) → (128, 128, 128)
[CV_P5_V_01]   CT_06: (450, 220, 450) → (212, 220, 268) → (128, 128, 128)
[CV_P5_V_01]   CT_06: (450, 220, 450) → (212, 220, 268) → (128, 128, 128)
[CV_P5_V_01]   CT_07: (450, 220, 450) → (212, 220, 268) → (128, 128, 128)
[CV_P5_V_01]   CT_07: (450, 220, 450) → (212, 220, 268) → (128, 128, 128)
[CV_P5_V_01]   CT_08: (450, 220, 450) → (212, 220, 268) → (128, 128, 128)
[CV_P5_V_01]   CT_08: (450, 220, 450) → (212, 220, 268) → (128, 128, 128)
[CV_P5_V_01]   CT_09: (450, 220, 450) → (212, 220, 268) → (128, 128, 128)
[CV_P5_V_01]   CT_09: (450, 220, 450) → (212, 220, 268) → (128, 128, 128)
[CV_P5_V_01]   CT_10: (450, 220, 450) → (212, 220, 268) → (128, 128, 128)
[CV_P5_V_01]   CT_10: (450, 220, 450) → (212, 220, 268) → (128, 128, 128)
[CV_P5_V_01]   Mask_Lung → (128, 128, 128), voxels=511765
[CV_P5_V_01]   Mask_Lung → (128, 128, 128), voxels=511765
[CV_P5_V_01] [1/100] identity 01_to_01_pair.npy
[CV_P5_V_01] [1/100] identity 01_to_01_pair.npy
[CV_P5_V_01] [2/100] Elastix 01_to_02_pair.npy …
[CV_P5_V_01] [2/100] Elastix 01_to_02_pair.npy …
[CV_P5_V_01]     7.9s  DVF mm-ish range x[-0.56,0.69] y[-1.10,1.75] z[-0.64,0.69]
[CV_P5_V_01]     7.9s  DVF mm-ish range x[-0.56,0.69] y[-1.10,1.75] z[-0.64,0.69]
[CV_P5_V_01] [3/100] Elastix 01_to_03_pair.npy …
[CV_P5_V_01] [3/100] Elastix 01_to_03_pair.npy …
[CV_P5_V_01]     7.8s  DVF mm-ish range x[-2.80,1.36] y[-2.79,4.86] z[-2.91,1.59]
[CV_P5_V_01]     7.8s  DVF mm-ish range x[-2.80,1.36] y[-2.79,4.86] z[-2.91,1.59]
[CV_P5_V_01] [4/100] Elastix 01_to_04_pair.npy …
[CV_P5_V_01] [4/100] Elastix 01_to_04_pair.npy …
[CV_P5_V_01]     8.0s  DVF mm-ish range x[-4.73,2.29] y[-3.84,7.67] z[-1.78,3.73]
[CV_P5_V_01]     8.0s  DVF mm-ish range x[-4.73,2.29] y[-3.84,7.67] z[-1.78,3.73]
[CV_P5_V_01] [5/100] Elastix 01_to_05_pair.npy …
[CV_P5_V_01] [5/100] Elastix 01_to_05_pair.npy …
[CV_P5_V_01]     7.8s  DVF mm-ish range x[-6.16,3.04] y[-4.83,10.01] z[-2.38,5.97]
[CV_P5_V_01]     7.8s  DVF mm-ish range x[-6.16,3.04] y[-4.83,10.01] z[-2.38,5.97]
[CV_P5_V_01] [6/100] Elastix 01_to_06_pair.npy …
[CV_P5_V_01] [6/100] Elastix 01_to_06_pair.npy …
[CV_P5_V_01]     7.9s  DVF mm-ish range x[-7.26,3.31] y[-5.24,9.91] z[-3.90,7.12]
[CV_P5_V_01]     7.9s  DVF mm-ish range x[-7.26,3.31] y[-5.24,9.91] z[-3.90,7.12]
[CV_P5_V_01] [7/100] Elastix 01_to_07_pair.npy …
[CV_P5_V_01] [7/100] Elastix 01_to_07_pair.npy …
[CV_P5_V_01]     8.3s  DVF mm-ish range x[-6.90,2.73] y[-5.22,7.69] z[-2.01,5.83]
[CV_P5_V_01]     8.3s  DVF mm-ish range x[-6.90,2.73] y[-5.22,7.69] z[-2.01,5.83]
[CV_P5_V_01] [8/100] Elastix 01_to_08_pair.npy …
[CV_P5_V_01] [8/100] Elastix 01_to_08_pair.npy …
[CV_P5_V_01]     8.2s  DVF mm-ish range x[-4.48,2.63] y[-4.30,4.99] z[-1.85,4.86]
[CV_P5_V_01]     8.2s  DVF mm-ish range x[-4.48,2.63] y[-4.30,4.99] z[-1.85,4.86]
[CV_P5_V_01] [9/100] Elastix 01_to_09_pair.npy …
[CV_P5_V_01] [9/100] Elastix 01_to_09_pair.npy …
[CV_P5_V_01]     8.0s  DVF mm-ish range x[-3.49,1.54] y[-2.56,2.55] z[-0.78,2.66]
[CV_P5_V_01]     8.0s  DVF mm-ish range x[-3.49,1.54] y[-2.56,2.55] z[-0.78,2.66]
[CV_P5_V_01] [10/100] Elastix 01_to_10_pair.npy …
[CV_P5_V_01] [10/100] Elastix 01_to_10_pair.npy …
[CV_P5_V_01]     8.0s  DVF mm-ish range x[-1.14,0.88] y[-1.11,1.11] z[-0.51,1.50]
[CV_P5_V_01]     8.0s  DVF mm-ish range x[-1.14,0.88] y[-1.11,1.11] z[-0.51,1.50]
[CV_P5_V_01] [11/100] Elastix 02_to_01_pair.npy …
[CV_P5_V_01] [11/100] Elastix 02_to_01_pair.npy …
[CV_P5_V_01]     8.2s  DVF mm-ish range x[-0.76,1.15] y[-1.75,1.17] z[-1.04,0.78]
[CV_P5_V_01]     8.2s  DVF mm-ish range x[-0.76,1.15] y[-1.75,1.17] z[-1.04,0.78]
[CV_P5_V_01] [12/100] identity 02_to_02_pair.npy
[CV_P5_V_01] [12/100] identity 02_to_02_pair.npy
[CV_P5_V_01] [13/100] Elastix 02_to_03_pair.npy …
[CV_P5_V_01] [13/100] Elastix 02_to_03_pair.npy …
[CV_P5_V_01]     8.3s  DVF mm-ish range x[-1.51,1.20] y[-1.82,3.23] z[-0.71,2.02]
[CV_P5_V_01]     8.3s  DVF mm-ish range x[-1.51,1.20] y[-1.82,3.23] z[-0.71,2.02]
[CV_P5_V_01] [14/100] Elastix 02_to_04_pair.npy …
[CV_P5_V_01] [14/100] Elastix 02_to_04_pair.npy …
[CV_P5_V_01]     8.4s  DVF mm-ish range x[-4.20,1.92] y[-3.36,6.11] z[-2.29,4.02]
[CV_P5_V_01]     8.4s  DVF mm-ish range x[-4.20,1.92] y[-3.36,6.11] z[-2.29,4.02]
[CV_P5_V_01] [15/100] Elastix 02_to_05_pair.npy …
[CV_P5_V_01] [15/100] Elastix 02_to_05_pair.npy …
[CV_P5_V_01]     7.7s  DVF mm-ish range x[-6.13,2.60] y[-4.64,8.45] z[-2.55,5.76]
[CV_P5_V_01]     7.7s  DVF mm-ish range x[-6.13,2.60] y[-4.64,8.45] z[-2.55,5.76]
[CV_P5_V_01] [16/100] Elastix 02_to_06_pair.npy …
[CV_P5_V_01] [16/100] Elastix 02_to_06_pair.npy …
[CV_P5_V_01]     8.0s  DVF mm-ish range x[-7.03,2.95] y[-4.97,8.61] z[-3.17,7.42]
[CV_P5_V_01]     8.0s  DVF mm-ish range x[-7.03,2.95] y[-4.97,8.61] z[-3.17,7.42]
[CV_P5_V_01] [17/100] Elastix 02_to_07_pair.npy …
[CV_P5_V_01] [17/100] Elastix 02_to_07_pair.npy …
[CV_P5_V_01]     8.2s  DVF mm-ish range x[-6.75,2.59] y[-4.85,6.25] z[-2.44,6.94]
[CV_P5_V_01]     8.2s  DVF mm-ish range x[-6.75,2.59] y[-4.85,6.25] z[-2.44,6.94]
[CV_P5_V_01] [18/100] Elastix 02_to_08_pair.npy …
[CV_P5_V_01] [18/100] Elastix 02_to_08_pair.npy …
[CV_P5_V_01]     7.9s  DVF mm-ish range x[-4.91,2.38] y[-3.67,3.60] z[-1.84,5.51]
[CV_P5_V_01]     7.9s  DVF mm-ish range x[-4.91,2.38] y[-3.67,3.60] z[-1.84,5.51]
[CV_P5_V_01] [19/100] Elastix 02_to_09_pair.npy …
[CV_P5_V_01] [19/100] Elastix 02_to_09_pair.npy …
[CV_P5_V_01]     8.3s  DVF mm-ish range x[-3.56,1.90] y[-2.24,1.98] z[-1.31,3.45]
[CV_P5_V_01]     8.3s  DVF mm-ish range x[-3.56,1.90] y[-2.24,1.98] z[-1.31,3.45]
[CV_P5_V_01] [20/100] Elastix 02_to_10_pair.npy …
[CV_P5_V_01] [20/100] Elastix 02_to_10_pair.npy …
[CV_P5_V_01]     7.9s  DVF mm-ish range x[-1.22,1.12] y[-1.66,1.31] z[-1.14,1.95]
[CV_P5_V_01]     7.9s  DVF mm-ish range x[-1.22,1.12] y[-1.66,1.31] z[-1.14,1.95]
[CV_P5_V_01] [21/100] Elastix 03_to_01_pair.npy …
[CV_P5_V_01] [21/100] Elastix 03_to_01_pair.npy …
[CV_P5_V_01]     8.2s  DVF mm-ish range x[-1.75,3.39] y[-5.52,2.54] z[-1.63,1.99]
[CV_P5_V_01]     8.2s  DVF mm-ish range x[-1.75,3.39] y[-5.52,2.54] z[-1.63,1.99]
[CV_P5_V_01] [22/100] Elastix 03_to_02_pair.npy …
[CV_P5_V_01] [22/100] Elastix 03_to_02_pair.npy …
[CV_P5_V_01]     8.2s  DVF mm-ish range x[-0.91,2.96] y[-3.49,1.52] z[-1.48,0.92]
[CV_P5_V_01]     8.2s  DVF mm-ish range x[-0.91,2.96] y[-3.49,1.52] z[-1.48,0.92]
[CV_P5_V_01] [23/100] identity 03_to_03_pair.npy
[CV_P5_V_01] [23/100] identity 03_to_03_pair.npy
[CV_P5_V_01] [24/100] Elastix 03_to_04_pair.npy …
[CV_P5_V_01] [24/100] Elastix 03_to_04_pair.npy …
[CV_P5_V_01]     8.3s  DVF mm-ish range x[-3.47,2.72] y[-2.20,3.43] z[-1.88,2.99]
[CV_P5_V_01]     8.3s  DVF mm-ish range x[-3.47,2.72] y[-2.20,3.43] z[-1.88,2.99]
[CV_P5_V_01] [25/100] Elastix 03_to_05_pair.npy …
[CV_P5_V_01] [25/100] Elastix 03_to_05_pair.npy …
[CV_P5_V_01]     8.4s  DVF mm-ish range x[-5.60,3.84] y[-4.80,6.20] z[-4.59,5.56]
[CV_P5_V_01]     8.4s  DVF mm-ish range x[-5.60,3.84] y[-4.80,6.20] z[-4.59,5.56]
[CV_P5_V_01] [26/100] Elastix 03_to_06_pair.npy …
[CV_P5_V_01] [26/100] Elastix 03_to_06_pair.npy …
[CV_P5_V_01]     7.9s  DVF mm-ish range x[-6.57,5.66] y[-5.03,7.35] z[-5.15,6.81]
[CV_P5_V_01]     7.9s  DVF mm-ish range x[-6.57,5.66] y[-5.03,7.35] z[-5.15,6.81]
[CV_P5_V_01] [27/100] Elastix 03_to_07_pair.npy …
[CV_P5_V_01] [27/100] Elastix 03_to_07_pair.npy …
[CV_P5_V_01]     8.0s  DVF mm-ish range x[-5.50,5.27] y[-3.98,5.94] z[-4.50,6.06]
[CV_P5_V_01]     8.0s  DVF mm-ish range x[-5.50,5.27] y[-3.98,5.94] z[-4.50,6.06]
[CV_P5_V_01] [28/100] Elastix 03_to_08_pair.npy …
[CV_P5_V_01] [28/100] Elastix 03_to_08_pair.npy …
[CV_P5_V_01]     8.2s  DVF mm-ish range x[-3.63,2.35] y[-2.30,2.14] z[-2.73,4.02]
[CV_P5_V_01]     8.2s  DVF mm-ish range x[-3.63,2.35] y[-2.30,2.14] z[-2.73,4.02]
[CV_P5_V_01] [29/100] Elastix 03_to_09_pair.npy …
[CV_P5_V_01] [29/100] Elastix 03_to_09_pair.npy …
[CV_P5_V_01]     7.7s  DVF mm-ish range x[-1.98,1.58] y[-3.03,2.21] z[-2.72,3.08]
[CV_P5_V_01]     7.7s  DVF mm-ish range x[-1.98,1.58] y[-3.03,2.21] z[-2.72,3.08]
[CV_P5_V_01] [30/100] Elastix 03_to_10_pair.npy …
[CV_P5_V_01] [30/100] Elastix 03_to_10_pair.npy …
[CV_P5_V_01]     8.1s  DVF mm-ish range x[-2.55,2.23] y[-4.77,2.43] z[-1.46,1.98]
[CV_P5_V_01]     8.1s  DVF mm-ish range x[-2.55,2.23] y[-4.77,2.43] z[-1.46,1.98]
[CV_P5_V_01] [31/100] Elastix 04_to_01_pair.npy …
[CV_P5_V_01] [31/100] Elastix 04_to_01_pair.npy …
[CV_P5_V_01]     8.0s  DVF mm-ish range x[-2.00,3.94] y[-12.78,3.98] z[-3.82,2.25]
[CV_P5_V_01]     8.0s  DVF mm-ish range x[-2.00,3.94] y[-12.78,3.98] z[-3.82,2.25]
[CV_P5_V_01] [32/100] Elastix 04_to_02_pair.npy …
[CV_P5_V_01] [32/100] Elastix 04_to_02_pair.npy …
[CV_P5_V_01]     8.1s  DVF mm-ish range x[-1.50,3.85] y[-11.84,3.09] z[-4.07,4.21]
[CV_P5_V_01]     8.1s  DVF mm-ish range x[-1.50,3.85] y[-11.84,3.09] z[-4.07,4.21]
[CV_P5_V_01] [33/100] Elastix 04_to_03_pair.npy …
[CV_P5_V_01] [33/100] Elastix 04_to_03_pair.npy …
[CV_P5_V_01]     8.2s  DVF mm-ish range x[-2.52,4.60] y[-4.19,1.94] z[-2.76,2.34]
[CV_P5_V_01]     8.2s  DVF mm-ish range x[-2.52,4.60] y[-4.19,1.94] z[-2.76,2.34]
[CV_P5_V_01] [34/100] identity 04_to_04_pair.npy
[CV_P5_V_01] [34/100] identity 04_to_04_pair.npy
[CV_P5_V_01] [35/100] Elastix 04_to_05_pair.npy …
[CV_P5_V_01] [35/100] Elastix 04_to_05_pair.npy …
[CV_P5_V_01]     8.2s  DVF mm-ish range x[-3.10,2.62] y[-2.96,2.71] z[-2.51,1.82]
[CV_P5_V_01]     8.2s  DVF mm-ish range x[-3.10,2.62] y[-2.96,2.71] z[-2.51,1.82]
[CV_P5_V_01] [36/100] Elastix 04_to_06_pair.npy …
[CV_P5_V_01] [36/100] Elastix 04_to_06_pair.npy …
[CV_P5_V_01]     8.4s  DVF mm-ish range x[-3.85,2.81] y[-2.91,3.77] z[-3.51,3.51]
[CV_P5_V_01]     8.4s  DVF mm-ish range x[-3.85,2.81] y[-2.91,3.77] z[-3.51,3.51]
[CV_P5_V_01] [37/100] Elastix 04_to_07_pair.npy …
[CV_P5_V_01] [37/100] Elastix 04_to_07_pair.npy …
[CV_P5_V_01]     7.9s  DVF mm-ish range x[-3.07,1.66] y[-2.32,2.64] z[-3.23,3.05]
[CV_P5_V_01]     7.9s  DVF mm-ish range x[-3.07,1.66] y[-2.32,2.64] z[-3.23,3.05]
[CV_P5_V_01] [38/100] Elastix 04_to_08_pair.npy …
[CV_P5_V_01] [38/100] Elastix 04_to_08_pair.npy …
[CV_P5_V_01]     7.9s  DVF mm-ish range x[-1.42,1.59] y[-3.43,1.82] z[-3.37,2.79]
[CV_P5_V_01]     7.9s  DVF mm-ish range x[-1.42,1.59] y[-3.43,1.82] z[-3.37,2.79]
[CV_P5_V_01] [39/100] Elastix 04_to_09_pair.npy …
[CV_P5_V_01] [39/100] Elastix 04_to_09_pair.npy …
[CV_P5_V_01]     8.6s  DVF mm-ish range x[-2.54,3.77] y[-6.10,3.16] z[-4.58,1.98]
[CV_P5_V_01]     8.6s  DVF mm-ish range x[-2.54,3.77] y[-6.10,3.16] z[-4.58,1.98]
[CV_P5_V_01] [40/100] Elastix 04_to_10_pair.npy …
[CV_P5_V_01] [40/100] Elastix 04_to_10_pair.npy …
[CV_P5_V_01]     8.5s  DVF mm-ish range x[-1.69,4.09] y[-11.88,2.88] z[-2.67,3.68]
[CV_P5_V_01]     8.5s  DVF mm-ish range x[-1.69,4.09] y[-11.88,2.88] z[-2.67,3.68]
[CV_P5_V_01] [41/100] Elastix 05_to_01_pair.npy …
[CV_P5_V_01] [41/100] Elastix 05_to_01_pair.npy …
[CV_P5_V_01]     8.2s  DVF mm-ish range x[-2.23,5.61] y[-15.43,4.69] z[-5.88,1.89]
[CV_P5_V_01]     8.2s  DVF mm-ish range x[-2.23,5.61] y[-15.43,4.69] z[-5.88,1.89]
[CV_P5_V_01] [42/100] Elastix 05_to_02_pair.npy …
[CV_P5_V_01] [42/100] Elastix 05_to_02_pair.npy …
[CV_P5_V_01]     8.3s  DVF mm-ish range x[-1.91,5.17] y[-15.15,3.99] z[-5.76,2.63]
[CV_P5_V_01]     8.3s  DVF mm-ish range x[-1.91,5.17] y[-15.15,3.99] z[-5.76,2.63]
[CV_P5_V_01] [43/100] Elastix 05_to_03_pair.npy …
[CV_P5_V_01] [43/100] Elastix 05_to_03_pair.npy …
[CV_P5_V_01]     8.0s  DVF mm-ish range x[-4.47,6.43] y[-7.22,3.86] z[-4.91,5.39]
[CV_P5_V_01]     8.0s  DVF mm-ish range x[-4.47,6.43] y[-7.22,3.86] z[-4.91,5.39]
[CV_P5_V_01] [44/100] Elastix 05_to_04_pair.npy …
[CV_P5_V_01] [44/100] Elastix 05_to_04_pair.npy …
[CV_P5_V_01]     8.1s  DVF mm-ish range x[-1.94,3.92] y[-2.88,2.34] z[-1.65,1.81]
[CV_P5_V_01]     8.1s  DVF mm-ish range x[-1.94,3.92] y[-2.88,2.34] z[-1.65,1.81]
[CV_P5_V_01] [45/100] identity 05_to_05_pair.npy
[CV_P5_V_01] [45/100] identity 05_to_05_pair.npy
[CV_P5_V_01] [46/100] Elastix 05_to_06_pair.npy …
[CV_P5_V_01] [46/100] Elastix 05_to_06_pair.npy …
[CV_P5_V_01]     8.3s  DVF mm-ish range x[-0.85,0.87] y[-0.85,0.87] z[-1.34,1.02]
[CV_P5_V_01]     8.3s  DVF mm-ish range x[-0.85,0.87] y[-0.85,0.87] z[-1.34,1.02]
[CV_P5_V_01] [47/100] Elastix 05_to_07_pair.npy …
[CV_P5_V_01] [47/100] Elastix 05_to_07_pair.npy …
[CV_P5_V_01]     8.5s  DVF mm-ish range x[-1.48,1.04] y[-2.99,1.38] z[-3.20,1.59]
[CV_P5_V_01]     8.5s  DVF mm-ish range x[-1.48,1.04] y[-2.99,1.38] z[-3.20,1.59]
[CV_P5_V_01] [48/100] Elastix 05_to_08_pair.npy …
[CV_P5_V_01] [48/100] Elastix 05_to_08_pair.npy …
[CV_P5_V_01]     9.0s  DVF mm-ish range x[-2.91,2.90] y[-5.00,3.54] z[-5.19,1.82]
[CV_P5_V_01]     9.0s  DVF mm-ish range x[-2.91,2.90] y[-5.00,3.54] z[-5.19,1.82]
[CV_P5_V_01] [49/100] Elastix 05_to_09_pair.npy …
[CV_P5_V_01] [49/100] Elastix 05_to_09_pair.npy …
[CV_P5_V_01]     8.1s  DVF mm-ish range x[-1.88,6.13] y[-8.66,2.98] z[-3.22,3.19]
[CV_P5_V_01]     8.1s  DVF mm-ish range x[-1.88,6.13] y[-8.66,2.98] z[-3.22,3.19]
[CV_P5_V_01] [50/100] Elastix 05_to_10_pair.npy …
[CV_P5_V_01] [50/100] Elastix 05_to_10_pair.npy …
[CV_P5_V_01]     8.2s  DVF mm-ish range x[-1.77,3.78] y[-14.93,3.81] z[-4.93,3.85]
[CV_P5_V_01]     8.2s  DVF mm-ish range x[-1.77,3.78] y[-14.93,3.81] z[-4.93,3.85]
[CV_P5_V_01] [51/100] Elastix 06_to_01_pair.npy …
[CV_P5_V_01] [51/100] Elastix 06_to_01_pair.npy …
[CV_P5_V_01]     7.9s  DVF mm-ish range x[-2.36,5.80] y[-16.65,5.00] z[-6.51,1.88]
[CV_P5_V_01]     7.9s  DVF mm-ish range x[-2.36,5.80] y[-16.65,5.00] z[-6.51,1.88]
[CV_P5_V_01] [52/100] Elastix 06_to_02_pair.npy …
[CV_P5_V_01] [52/100] Elastix 06_to_02_pair.npy …
[CV_P5_V_01]     7.8s  DVF mm-ish range x[-2.13,5.87] y[-15.35,4.07] z[-7.21,1.54]
[CV_P5_V_01]     7.8s  DVF mm-ish range x[-2.13,5.87] y[-15.35,4.07] z[-7.21,1.54]
[CV_P5_V_01] [53/100] Elastix 06_to_03_pair.npy …
[CV_P5_V_01] [53/100] Elastix 06_to_03_pair.npy …
[CV_P5_V_01]     8.0s  DVF mm-ish range x[-4.72,5.57] y[-6.62,4.14] z[-6.88,4.40]
[CV_P5_V_01]     8.0s  DVF mm-ish range x[-4.72,5.57] y[-6.62,4.14] z[-6.88,4.40]
[CV_P5_V_01] [54/100] Elastix 06_to_04_pair.npy …
[CV_P5_V_01] [54/100] Elastix 06_to_04_pair.npy …
[CV_P5_V_01]     8.4s  DVF mm-ish range x[-2.08,4.17] y[-2.94,2.58] z[-3.01,3.42]
[CV_P5_V_01]     8.4s  DVF mm-ish range x[-2.08,4.17] y[-2.94,2.58] z[-3.01,3.42]
[CV_P5_V_01] [55/100] Elastix 06_to_05_pair.npy …
[CV_P5_V_01] [55/100] Elastix 06_to_05_pair.npy …
[CV_P5_V_01]     8.5s  DVF mm-ish range x[-0.75,0.97] y[-0.80,0.66] z[-1.13,0.71]
[CV_P5_V_01]     8.5s  DVF mm-ish range x[-0.75,0.97] y[-0.80,0.66] z[-1.13,0.71]
[CV_P5_V_01] [56/100] identity 06_to_06_pair.npy
[CV_P5_V_01] [56/100] identity 06_to_06_pair.npy
[CV_P5_V_01] [57/100] Elastix 06_to_07_pair.npy …
[CV_P5_V_01] [57/100] Elastix 06_to_07_pair.npy …
[CV_P5_V_01]     8.0s  DVF mm-ish range x[-1.21,1.12] y[-1.93,1.30] z[-1.68,0.64]
[CV_P5_V_01]     8.0s  DVF mm-ish range x[-1.21,1.12] y[-1.93,1.30] z[-1.68,0.64]
[CV_P5_V_01] [58/100] Elastix 06_to_08_pair.npy …
[CV_P5_V_01] [58/100] Elastix 06_to_08_pair.npy …
[CV_P5_V_01]     7.9s  DVF mm-ish range x[-2.92,3.25] y[-4.94,3.54] z[-4.66,1.10]
[CV_P5_V_01]     7.9s  DVF mm-ish range x[-2.92,3.25] y[-4.94,3.54] z[-4.66,1.10]
[CV_P5_V_01] [59/100] Elastix 06_to_09_pair.npy …
[CV_P5_V_01] [59/100] Elastix 06_to_09_pair.npy …
[CV_P5_V_01]     8.4s  DVF mm-ish range x[-1.42,5.28] y[-10.63,2.86] z[-3.93,2.94]
[CV_P5_V_01]     8.4s  DVF mm-ish range x[-1.42,5.28] y[-10.63,2.86] z[-3.93,2.94]
[CV_P5_V_01] [60/100] Elastix 06_to_10_pair.npy …
[CV_P5_V_01] [60/100] Elastix 06_to_10_pair.npy …
[CV_P5_V_01]     8.4s  DVF mm-ish range x[-2.42,4.63] y[-15.69,4.06] z[-5.74,2.00]
[CV_P5_V_01]     8.4s  DVF mm-ish range x[-2.42,4.63] y[-15.69,4.06] z[-5.74,2.00]
[CV_P5_V_01] [61/100] Elastix 07_to_01_pair.npy …
[CV_P5_V_01] [61/100] Elastix 07_to_01_pair.npy …
[CV_P5_V_01]     8.0s  DVF mm-ish range x[-2.30,5.70] y[-14.66,4.28] z[-5.69,2.22]
[CV_P5_V_01]     8.0s  DVF mm-ish range x[-2.30,5.70] y[-14.66,4.28] z[-5.69,2.22]
[CV_P5_V_01] [62/100] Elastix 07_to_02_pair.npy …
[CV_P5_V_01] [62/100] Elastix 07_to_02_pair.npy …
[CV_P5_V_01]     7.9s  DVF mm-ish range x[-1.97,5.65] y[-13.45,4.08] z[-6.41,1.51]
[CV_P5_V_01]     7.9s  DVF mm-ish range x[-1.97,5.65] y[-13.45,4.08] z[-6.41,1.51]
[CV_P5_V_01] [63/100] Elastix 07_to_03_pair.npy …
[CV_P5_V_01] [63/100] Elastix 07_to_03_pair.npy …
[CV_P5_V_01]     8.1s  DVF mm-ish range x[-3.68,6.05] y[-4.94,3.68] z[-6.87,3.13]
[CV_P5_V_01]     8.1s  DVF mm-ish range x[-3.68,6.05] y[-4.94,3.68] z[-6.87,3.13]
[CV_P5_V_01] [64/100] Elastix 07_to_04_pair.npy …
[CV_P5_V_01] [64/100] Elastix 07_to_04_pair.npy …
[CV_P5_V_01]     8.1s  DVF mm-ish range x[-1.45,3.51] y[-1.97,1.73] z[-2.81,3.06]
[CV_P5_V_01]     8.1s  DVF mm-ish range x[-1.45,3.51] y[-1.97,1.73] z[-2.81,3.06]
[CV_P5_V_01] [65/100] Elastix 07_to_05_pair.npy …
[CV_P5_V_01] [65/100] Elastix 07_to_05_pair.npy …
[CV_P5_V_01]     8.4s  DVF mm-ish range x[-0.98,1.36] y[-1.27,2.93] z[-1.14,3.50]
[CV_P5_V_01]     8.4s  DVF mm-ish range x[-0.98,1.36] y[-1.27,2.93] z[-1.14,3.50]
[CV_P5_V_01] [66/100] Elastix 07_to_06_pair.npy …
[CV_P5_V_01] [66/100] Elastix 07_to_06_pair.npy …
[CV_P5_V_01]     8.2s  DVF mm-ish range x[-1.10,1.37] y[-1.22,1.89] z[-0.61,2.08]
[CV_P5_V_01]     8.2s  DVF mm-ish range x[-1.10,1.37] y[-1.22,1.89] z[-0.61,2.08]
[CV_P5_V_01] [67/100] identity 07_to_07_pair.npy
[CV_P5_V_01] [67/100] identity 07_to_07_pair.npy
[CV_P5_V_01] [68/100] Elastix 07_to_08_pair.npy …
[CV_P5_V_01] [68/100] Elastix 07_to_08_pair.npy …
[CV_P5_V_01]     8.4s  DVF mm-ish range x[-1.96,2.36] y[-3.04,2.47] z[-2.54,0.82]
[CV_P5_V_01]     8.4s  DVF mm-ish range x[-1.96,2.36] y[-3.04,2.47] z[-2.54,0.82]
[CV_P5_V_01] [69/100] Elastix 07_to_09_pair.npy …
[CV_P5_V_01] [69/100] Elastix 07_to_09_pair.npy …
[CV_P5_V_01]     8.3s  DVF mm-ish range x[-3.47,4.90] y[-5.56,3.91] z[-4.12,2.82]
[CV_P5_V_01]     8.3s  DVF mm-ish range x[-3.47,4.90] y[-5.56,3.91] z[-4.12,2.82]
[CV_P5_V_01] [70/100] Elastix 07_to_10_pair.npy …
[CV_P5_V_01] [70/100] Elastix 07_to_10_pair.npy …
[CV_P5_V_01]     8.2s  DVF mm-ish range x[-1.76,4.06] y[-14.26,3.41] z[-5.21,2.95]
[CV_P5_V_01]     8.2s  DVF mm-ish range x[-1.76,4.06] y[-14.26,3.41] z[-5.21,2.95]
[CV_P5_V_01] [71/100] Elastix 08_to_01_pair.npy …
[CV_P5_V_01] [71/100] Elastix 08_to_01_pair.npy …
[CV_P5_V_01]     8.5s  DVF mm-ish range x[-2.17,4.01] y[-11.39,3.57] z[-5.11,1.45]
[CV_P5_V_01]     8.5s  DVF mm-ish range x[-2.17,4.01] y[-11.39,3.57] z[-5.11,1.45]
[CV_P5_V_01] [72/100] Elastix 08_to_02_pair.npy …
[CV_P5_V_01] [72/100] Elastix 08_to_02_pair.npy …
[CV_P5_V_01]     8.1s  DVF mm-ish range x[-1.80,4.71] y[-3.93,3.24] z[-5.84,2.10]
[CV_P5_V_01]     8.1s  DVF mm-ish range x[-1.80,4.71] y[-3.93,3.24] z[-5.84,2.10]
[CV_P5_V_01] [73/100] Elastix 08_to_03_pair.npy …
[CV_P5_V_01] [73/100] Elastix 08_to_03_pair.npy …
[CV_P5_V_01]     8.0s  DVF mm-ish range x[-1.90,4.44] y[-2.87,1.81] z[-4.05,2.57]
[CV_P5_V_01]     8.0s  DVF mm-ish range x[-1.90,4.44] y[-2.87,1.81] z[-4.05,2.57]
[CV_P5_V_01] [74/100] Elastix 08_to_04_pair.npy …
[CV_P5_V_01] [74/100] Elastix 08_to_04_pair.npy …
[CV_P5_V_01]     8.5s  DVF mm-ish range x[-1.58,1.57] y[-1.80,3.43] z[-2.94,4.20]
[CV_P5_V_01]     8.5s  DVF mm-ish range x[-1.58,1.57] y[-1.80,3.43] z[-2.94,4.20]
[CV_P5_V_01] [75/100] Elastix 08_to_05_pair.npy …
[CV_P5_V_01] [75/100] Elastix 08_to_05_pair.npy …
[CV_P5_V_01]     8.1s  DVF mm-ish range x[-2.70,3.69] y[-3.29,5.09] z[-1.87,5.94]
[CV_P5_V_01]     8.1s  DVF mm-ish range x[-2.70,3.69] y[-3.29,5.09] z[-1.87,5.94]
[CV_P5_V_01] [76/100] Elastix 08_to_06_pair.npy …
[CV_P5_V_01] [76/100] Elastix 08_to_06_pair.npy …
[CV_P5_V_01]     8.0s  DVF mm-ish range x[-3.26,3.93] y[-3.57,4.10] z[-1.89,5.23]
[CV_P5_V_01]     8.0s  DVF mm-ish range x[-3.26,3.93] y[-3.57,4.10] z[-1.89,5.23]
[CV_P5_V_01] [77/100] Elastix 08_to_07_pair.npy …
[CV_P5_V_01] [77/100] Elastix 08_to_07_pair.npy …
[CV_P5_V_01]     8.1s  DVF mm-ish range x[-2.19,2.47] y[-2.39,2.80] z[-0.84,2.76]
[CV_P5_V_01]     8.1s  DVF mm-ish range x[-2.19,2.47] y[-2.39,2.80] z[-0.84,2.76]
[CV_P5_V_01] [78/100] identity 08_to_08_pair.npy
[CV_P5_V_01] [78/100] identity 08_to_08_pair.npy
[CV_P5_V_01] [79/100] Elastix 08_to_09_pair.npy …
[CV_P5_V_01] [79/100] Elastix 08_to_09_pair.npy …
[CV_P5_V_01]     8.2s  DVF mm-ish range x[-1.90,3.55] y[-2.75,1.88] z[-1.94,1.23]
[CV_P5_V_01]     8.2s  DVF mm-ish range x[-1.90,3.55] y[-2.75,1.88] z[-1.94,1.23]
[CV_P5_V_01] [80/100] Elastix 08_to_10_pair.npy …
[CV_P5_V_01] [80/100] Elastix 08_to_10_pair.npy …
[CV_P5_V_01]     8.6s  DVF mm-ish range x[-1.47,4.56] y[-5.13,2.85] z[-3.58,2.98]
[CV_P5_V_01]     8.6s  DVF mm-ish range x[-1.47,4.56] y[-5.13,2.85] z[-3.58,2.98]
[CV_P5_V_01] [81/100] Elastix 09_to_01_pair.npy …
[CV_P5_V_01] [81/100] Elastix 09_to_01_pair.npy …
[CV_P5_V_01]     8.2s  DVF mm-ish range x[-1.43,3.76] y[-2.61,2.30] z[-3.12,1.51]
[CV_P5_V_01]     8.2s  DVF mm-ish range x[-1.43,3.76] y[-2.61,2.30] z[-3.12,1.51]
[CV_P5_V_01] [82/100] Elastix 09_to_02_pair.npy …
[CV_P5_V_01] [82/100] Elastix 09_to_02_pair.npy …
[CV_P5_V_01]     8.4s  DVF mm-ish range x[-1.54,3.31] y[-1.46,1.91] z[-3.71,1.16]
[CV_P5_V_01]     8.4s  DVF mm-ish range x[-1.54,3.31] y[-1.46,1.91] z[-3.71,1.16]
[CV_P5_V_01] [83/100] Elastix 09_to_03_pair.npy …
[CV_P5_V_01] [83/100] Elastix 09_to_03_pair.npy …
[CV_P5_V_01]     8.2s  DVF mm-ish range x[-1.25,1.76] y[-2.21,2.96] z[-3.79,2.49]
[CV_P5_V_01]     8.2s  DVF mm-ish range x[-1.25,1.76] y[-2.21,2.96] z[-3.79,2.49]
[CV_P5_V_01] [84/100] Elastix 09_to_04_pair.npy …
[CV_P5_V_01] [84/100] Elastix 09_to_04_pair.npy …
[CV_P5_V_01]     8.0s  DVF mm-ish range x[-2.91,4.03] y[-3.24,5.51] z[-2.86,5.93]
[CV_P5_V_01]     8.0s  DVF mm-ish range x[-2.91,4.03] y[-3.24,5.51] z[-2.86,5.93]
[CV_P5_V_01] [85/100] Elastix 09_to_05_pair.npy …
[CV_P5_V_01] [85/100] Elastix 09_to_05_pair.npy …
[CV_P5_V_01]     8.1s  DVF mm-ish range x[-4.58,5.31] y[-5.08,7.16] z[-2.39,7.31]
[CV_P5_V_01]     8.1s  DVF mm-ish range x[-4.58,5.31] y[-5.08,7.16] z[-2.39,7.31]
[CV_P5_V_01] [86/100] Elastix 09_to_06_pair.npy …
[CV_P5_V_01] [86/100] Elastix 09_to_06_pair.npy …
[CV_P5_V_01]     8.3s  DVF mm-ish range x[-4.65,3.82] y[-5.37,6.49] z[-3.31,6.80]
[CV_P5_V_01]     8.3s  DVF mm-ish range x[-4.65,3.82] y[-5.37,6.49] z[-3.31,6.80]
[CV_P5_V_01] [87/100] Elastix 09_to_07_pair.npy …
[CV_P5_V_01] [87/100] Elastix 09_to_07_pair.npy …
[CV_P5_V_01]     8.3s  DVF mm-ish range x[-4.25,4.03] y[-4.35,5.04] z[-3.15,5.38]
[CV_P5_V_01]     8.3s  DVF mm-ish range x[-4.25,4.03] y[-4.35,5.04] z[-3.15,5.38]
[CV_P5_V_01] [88/100] Elastix 09_to_08_pair.npy …
[CV_P5_V_01] [88/100] Elastix 09_to_08_pair.npy …
[CV_P5_V_01]     8.2s  DVF mm-ish range x[-2.61,2.34] y[-1.81,2.48] z[-1.70,1.64]
[CV_P5_V_01]     8.2s  DVF mm-ish range x[-2.61,2.34] y[-1.81,2.48] z[-1.70,1.64]
[CV_P5_V_01] [89/100] identity 09_to_09_pair.npy
[CV_P5_V_01] [89/100] identity 09_to_09_pair.npy
[CV_P5_V_01] [90/100] Elastix 09_to_10_pair.npy …
[CV_P5_V_01] [90/100] Elastix 09_to_10_pair.npy …
[CV_P5_V_01]     8.1s  DVF mm-ish range x[-0.86,2.27] y[-1.83,1.37] z[-1.79,1.24]
[CV_P5_V_01]     8.1s  DVF mm-ish range x[-0.86,2.27] y[-1.83,1.37] z[-1.79,1.24]
[CV_P5_V_01] [91/100] Elastix 10_to_01_pair.npy …
[CV_P5_V_01] [91/100] Elastix 10_to_01_pair.npy …
[CV_P5_V_01]     8.0s  DVF mm-ish range x[-0.87,1.42] y[-1.07,1.01] z[-1.71,0.63]
[CV_P5_V_01]     8.0s  DVF mm-ish range x[-0.87,1.42] y[-1.07,1.01] z[-1.71,0.63]
[CV_P5_V_01] [92/100] Elastix 10_to_02_pair.npy …
[CV_P5_V_01] [92/100] Elastix 10_to_02_pair.npy …
[CV_P5_V_01]     8.3s  DVF mm-ish range x[-0.99,1.60] y[-1.09,1.61] z[-2.30,0.88]
[CV_P5_V_01]     8.3s  DVF mm-ish range x[-0.99,1.60] y[-1.09,1.61] z[-2.30,0.88]
[CV_P5_V_01] [93/100] Elastix 10_to_03_pair.npy …
[CV_P5_V_01] [93/100] Elastix 10_to_03_pair.npy …
[CV_P5_V_01]     8.4s  DVF mm-ish range x[-1.53,1.92] y[-2.19,4.33] z[-1.97,1.57]
[CV_P5_V_01]     8.4s  DVF mm-ish range x[-1.53,1.92] y[-2.19,4.33] z[-1.97,1.57]
[CV_P5_V_01] [94/100] Elastix 10_to_04_pair.npy …
[CV_P5_V_01] [94/100] Elastix 10_to_04_pair.npy …
[CV_P5_V_01]     8.2s  DVF mm-ish range x[-3.92,1.86] y[-3.27,7.00] z[-2.38,2.41]
[CV_P5_V_01]     8.2s  DVF mm-ish range x[-3.92,1.86] y[-3.27,7.00] z[-2.38,2.41]
[CV_P5_V_01] [95/100] Elastix 10_to_05_pair.npy …
[CV_P5_V_01] [95/100] Elastix 10_to_05_pair.npy …
[CV_P5_V_01]     8.2s  DVF mm-ish range x[-5.51,2.59] y[-5.05,8.83] z[-3.70,4.82]
[CV_P5_V_01]     8.2s  DVF mm-ish range x[-5.51,2.59] y[-5.05,8.83] z[-3.70,4.82]
[CV_P5_V_01] [96/100] Elastix 10_to_06_pair.npy …
[CV_P5_V_01] [96/100] Elastix 10_to_06_pair.npy …
[CV_P5_V_01]     8.3s  DVF mm-ish range x[-5.49,3.06] y[-5.37,8.89] z[-4.38,5.40]
[CV_P5_V_01]     8.3s  DVF mm-ish range x[-5.49,3.06] y[-5.37,8.89] z[-4.38,5.40]
[CV_P5_V_01] [97/100] Elastix 10_to_07_pair.npy …
[CV_P5_V_01] [97/100] Elastix 10_to_07_pair.npy …
[CV_P5_V_01]     8.3s  DVF mm-ish range x[-4.80,2.25] y[-4.25,6.52] z[-3.20,4.75]
[CV_P5_V_01]     8.3s  DVF mm-ish range x[-4.80,2.25] y[-4.25,6.52] z[-3.20,4.75]
[CV_P5_V_01] [98/100] Elastix 10_to_08_pair.npy …
[CV_P5_V_01] [98/100] Elastix 10_to_08_pair.npy …
[CV_P5_V_01]     8.1s  DVF mm-ish range x[-3.57,1.78] y[-3.19,4.74] z[-1.85,3.58]
[CV_P5_V_01]     8.1s  DVF mm-ish range x[-3.57,1.78] y[-3.19,4.74] z[-1.85,3.58]
[CV_P5_V_01] [99/100] Elastix 10_to_09_pair.npy …
[CV_P5_V_01] [99/100] Elastix 10_to_09_pair.npy …
[CV_P5_V_01]     8.3s  DVF mm-ish range x[-1.34,1.02] y[-1.46,1.92] z[-0.91,1.53]
[CV_P5_V_01]     8.3s  DVF mm-ish range x[-1.34,1.02] y[-1.46,1.92] z[-0.91,1.53]
[CV_P5_V_01] [100/100] identity 10_to_10_pair.npy
[CV_P5_V_01] [100/100] identity 10_to_10_pair.npy
[CV_P5_V_01] DONE in 12.5 min  registered=90 identity=10 skipped=0  → /home/abhishek/Voxel_GAN/PopulationStudy/ClinicalExperiments/Experiment1/data/CV_P5_V_01/all
[CV_P5_V_01] DONE in 12.5 min  registered=90 identity=10 skipped=0  → /home/abhishek/Voxel_GAN/PopulationStudy/ClinicalExperiments/Experiment1/data/CV_P5_V_01/all
All requested scans finished.
All requested scans finished.
=== QC encoder CV_P5_V_01 Tue Aug 25 10:42:41 AM AEST 2026 ===
=== QC encoder CV_P5_V_01 Tue Aug 25 10:42:41 AM AEST 2026 ===
[encoder] scan=CV_P5_V_01 pairs=100 panels=100 ckpt=crb_enc_mse_full_spare_generator.pth out=/home/abhishek/Voxel_GAN/PopulationStudy/ClinicalExperiments/Experiment1/EncoderCRB/plots/qc_varian/P5/CV_P5_V_01
[encoder] scan=CV_P5_V_01 pairs=100 panels=100 ckpt=crb_enc_mse_full_spare_generator.pth out=/home/abhishek/Voxel_GAN/PopulationStudy/ClinicalExperiments/Experiment1/EncoderCRB/plots/qc_varian/P5/CV_P5_V_01
[001/100] 01_to_01  L1=0.005  L1/zero=475864.30  cos=nan  k=nan
[001/100] 01_to_01  L1=0.005  L1/zero=475864.30  cos=nan  k=nan
[002/100] 01_to_02  L1=0.283  L1/zero=1.00  cos=0.23  k=0.28
[002/100] 01_to_02  L1=0.283  L1/zero=1.00  cos=0.23  k=0.28
[003/100] 01_to_03  L1=0.614  L1/zero=0.93  cos=0.49  k=0.26
[003/100] 01_to_03  L1=0.614  L1/zero=0.93  cos=0.49  k=0.26
[004/100] 01_to_04  L1=0.919  L1/zero=0.85  cos=0.70  k=0.35
[004/100] 01_to_04  L1=0.919  L1/zero=0.85  cos=0.70  k=0.35
[005/100] 01_to_05  L1=1.308  L1/zero=0.83  cos=0.64  k=0.38
[005/100] 01_to_05  L1=1.308  L1/zero=0.83  cos=0.64  k=0.38
[006/100] 01_to_06  L1=1.525  L1/zero=0.88  cos=0.51  k=0.30
[006/100] 01_to_06  L1=1.525  L1/zero=0.88  cos=0.51  k=0.30
[007/100] 01_to_07  L1=1.414  L1/zero=0.94  cos=0.31  k=0.19
[007/100] 01_to_07  L1=1.414  L1/zero=0.94  cos=0.31  k=0.19
[008/100] 01_to_08  L1=1.189  L1/zero=1.00  cos=-0.01  k=0.13
[008/100] 01_to_08  L1=1.189  L1/zero=1.00  cos=-0.01  k=0.13
[009/100] 01_to_09  L1=0.715  L1/zero=1.00  cos=0.01  k=0.12
[009/100] 01_to_09  L1=0.715  L1/zero=1.00  cos=0.01  k=0.12
[010/100] 01_to_10  L1=0.291  L1/zero=1.01  cos=-0.09  k=0.10
[010/100] 01_to_10  L1=0.291  L1/zero=1.01  cos=-0.09  k=0.10
[011/100] 02_to_01  L1=0.283  L1/zero=0.99  cos=0.16  k=0.16
[011/100] 02_to_01  L1=0.283  L1/zero=0.99  cos=0.16  k=0.16
[012/100] 02_to_02  L1=0.009  L1/zero=915429.65  cos=nan  k=nan
[012/100] 02_to_02  L1=0.009  L1/zero=915429.65  cos=nan  k=nan
[013/100] 02_to_03  L1=0.407  L1/zero=0.98  cos=0.21  k=0.15
[013/100] 02_to_03  L1=0.407  L1/zero=0.98  cos=0.21  k=0.15
[014/100] 02_to_04  L1=0.882  L1/zero=0.94  cos=0.51  k=0.17
[014/100] 02_to_04  L1=0.882  L1/zero=0.94  cos=0.51  k=0.17
[015/100] 02_to_05  L1=1.304  L1/zero=0.91  cos=0.53  k=0.23
[015/100] 02_to_05  L1=1.304  L1/zero=0.91  cos=0.53  k=0.23
[016/100] 02_to_06  L1=1.521  L1/zero=0.92  cos=0.45  k=0.21
[016/100] 02_to_06  L1=1.521  L1/zero=0.92  cos=0.45  k=0.21
[017/100] 02_to_07  L1=1.531  L1/zero=1.03  cos=-0.19  k=0.11
[017/100] 02_to_07  L1=1.531  L1/zero=1.03  cos=-0.19  k=0.11
[018/100] 02_to_08  L1=1.227  L1/zero=1.04  cos=-0.21  k=0.12
[018/100] 02_to_08  L1=1.227  L1/zero=1.04  cos=-0.21  k=0.12
[019/100] 02_to_09  L1=0.822  L1/zero=1.03  cos=-0.07  k=0.13
[019/100] 02_to_09  L1=0.822  L1/zero=1.03  cos=-0.07  k=0.13
[020/100] 02_to_10  L1=0.491  L1/zero=1.02  cos=0.03  k=0.30
[020/100] 02_to_10  L1=0.491  L1/zero=1.02  cos=0.03  k=0.30
[021/100] 03_to_01  L1=0.622  L1/zero=0.93  cos=0.46  k=0.33
[021/100] 03_to_01  L1=0.622  L1/zero=0.93  cos=0.46  k=0.33
[022/100] 03_to_02  L1=0.419  L1/zero=1.02  cos=-0.04  k=0.16
[022/100] 03_to_02  L1=0.419  L1/zero=1.02  cos=-0.04  k=0.16
[023/100] 03_to_03  L1=0.003  L1/zero=257637.54  cos=nan  k=nan
[023/100] 03_to_03  L1=0.003  L1/zero=257637.54  cos=nan  k=nan
[024/100] 03_to_04  L1=0.470  L1/zero=0.98  cos=0.22  k=0.14
[024/100] 03_to_04  L1=0.470  L1/zero=0.98  cos=0.22  k=0.14
[025/100] 03_to_05  L1=0.964  L1/zero=0.93  cos=0.46  k=0.20
[025/100] 03_to_05  L1=0.964  L1/zero=0.93  cos=0.46  k=0.20
[026/100] 03_to_06  L1=1.166  L1/zero=0.92  cos=0.44  k=0.23
[026/100] 03_to_06  L1=1.166  L1/zero=0.92  cos=0.44  k=0.23
[027/100] 03_to_07  L1=1.211  L1/zero=1.05  cos=-0.13  k=0.15
[027/100] 03_to_07  L1=1.211  L1/zero=1.05  cos=-0.13  k=0.15
[028/100] 03_to_08  L1=0.809  L1/zero=0.97  cos=0.29  k=0.18
[028/100] 03_to_08  L1=0.809  L1/zero=0.97  cos=0.29  k=0.18
[029/100] 03_to_09  L1=0.674  L1/zero=0.92  cos=0.35  k=0.27
[029/100] 03_to_09  L1=0.674  L1/zero=0.92  cos=0.35  k=0.27
[030/100] 03_to_10  L1=0.658  L1/zero=0.94  cos=0.34  k=0.48
[030/100] 03_to_10  L1=0.658  L1/zero=0.94  cos=0.34  k=0.48
[031/100] 04_to_01  L1=1.033  L1/zero=0.91  cos=0.54  k=0.23
[031/100] 04_to_01  L1=1.033  L1/zero=0.91  cos=0.54  k=0.23
[032/100] 04_to_02  L1=0.899  L1/zero=0.96  cos=0.35  k=0.13
[032/100] 04_to_02  L1=0.899  L1/zero=0.96  cos=0.35  k=0.13
[033/100] 04_to_03  L1=0.432  L1/zero=0.94  cos=0.46  k=0.19
[033/100] 04_to_03  L1=0.432  L1/zero=0.94  cos=0.46  k=0.19
[034/100] 04_to_04  L1=0.003  L1/zero=253633.34  cos=nan  k=nan
[034/100] 04_to_04  L1=0.003  L1/zero=253633.34  cos=nan  k=nan
[035/100] 04_to_05  L1=0.388  L1/zero=0.96  cos=0.32  k=0.16
[035/100] 04_to_05  L1=0.388  L1/zero=0.96  cos=0.32  k=0.16
[036/100] 04_to_06  L1=0.617  L1/zero=0.94  cos=0.41  k=0.21
[036/100] 04_to_06  L1=0.617  L1/zero=0.94  cos=0.41  k=0.21
[037/100] 04_to_07  L1=0.628  L1/zero=0.96  cos=0.39  k=0.15
[037/100] 04_to_07  L1=0.628  L1/zero=0.96  cos=0.39  k=0.15
[038/100] 04_to_08  L1=0.608  L1/zero=0.93  cos=0.43  k=0.17
[038/100] 04_to_08  L1=0.608  L1/zero=0.93  cos=0.43  k=0.17
[039/100] 04_to_09  L1=0.710  L1/zero=0.95  cos=0.42  k=0.18
[039/100] 04_to_09  L1=0.710  L1/zero=0.95  cos=0.42  k=0.18
[040/100] 04_to_10  L1=0.864  L1/zero=0.91  cos=0.54  k=0.32
[040/100] 04_to_10  L1=0.864  L1/zero=0.91  cos=0.54  k=0.32
[041/100] 05_to_01  L1=1.326  L1/zero=0.86  cos=0.62  k=0.33
[041/100] 05_to_01  L1=1.326  L1/zero=0.86  cos=0.62  k=0.33
[042/100] 05_to_02  L1=1.227  L1/zero=0.91  cos=0.52  k=0.24
[042/100] 05_to_02  L1=1.227  L1/zero=0.91  cos=0.52  k=0.24
[043/100] 05_to_03  L1=0.904  L1/zero=0.95  cos=0.36  k=0.22
[043/100] 05_to_03  L1=0.904  L1/zero=0.95  cos=0.36  k=0.22
[044/100] 05_to_04  L1=0.327  L1/zero=0.86  cos=0.57  k=0.38
[044/100] 05_to_04  L1=0.327  L1/zero=0.86  cos=0.57  k=0.38
[045/100] 05_to_05  L1=0.002  L1/zero=199584.38  cos=nan  k=nan
[045/100] 05_to_05  L1=0.002  L1/zero=199584.38  cos=nan  k=nan
[046/100] 05_to_06  L1=0.214  L1/zero=0.91  cos=0.37  k=0.55
[046/100] 05_to_06  L1=0.214  L1/zero=0.91  cos=0.37  k=0.55
[047/100] 05_to_07  L1=0.382  L1/zero=0.95  cos=0.30  k=0.30
[047/100] 05_to_07  L1=0.382  L1/zero=0.95  cos=0.30  k=0.30
[048/100] 05_to_08  L1=0.573  L1/zero=0.86  cos=0.61  k=0.49
[048/100] 05_to_08  L1=0.573  L1/zero=0.86  cos=0.61  k=0.49
[049/100] 05_to_09  L1=0.827  L1/zero=0.83  cos=0.68  k=0.46
[049/100] 05_to_09  L1=0.827  L1/zero=0.83  cos=0.68  k=0.46
[050/100] 05_to_10  L1=1.128  L1/zero=0.84  cos=0.59  k=0.38
[050/100] 05_to_10  L1=1.128  L1/zero=0.84  cos=0.59  k=0.38
[051/100] 06_to_01  L1=1.365  L1/zero=0.82  cos=0.63  k=0.41
[051/100] 06_to_01  L1=1.365  L1/zero=0.82  cos=0.63  k=0.41
[052/100] 06_to_02  L1=1.302  L1/zero=0.82  cos=0.62  k=0.38
[052/100] 06_to_02  L1=1.302  L1/zero=0.82  cos=0.62  k=0.38
[053/100] 06_to_03  L1=1.072  L1/zero=0.92  cos=0.43  k=0.27
[053/100] 06_to_03  L1=1.072  L1/zero=0.92  cos=0.43  k=0.27
[054/100] 06_to_04  L1=0.532  L1/zero=0.87  cos=0.48  k=0.42
[054/100] 06_to_04  L1=0.532  L1/zero=0.87  cos=0.48  k=0.42
[055/100] 06_to_05  L1=0.247  L1/zero=0.94  cos=0.32  k=0.46
[055/100] 06_to_05  L1=0.247  L1/zero=0.94  cos=0.32  k=0.46
[056/100] 06_to_06  L1=0.002  L1/zero=239336.14  cos=nan  k=nan
[056/100] 06_to_06  L1=0.002  L1/zero=239336.14  cos=nan  k=nan
[057/100] 06_to_07  L1=0.316  L1/zero=0.94  cos=0.39  k=0.69
[057/100] 06_to_07  L1=0.316  L1/zero=0.94  cos=0.39  k=0.69
[058/100] 06_to_08  L1=0.553  L1/zero=0.84  cos=0.64  k=0.51
[058/100] 06_to_08  L1=0.553  L1/zero=0.84  cos=0.64  k=0.51
[059/100] 06_to_09  L1=0.879  L1/zero=0.83  cos=0.64  k=0.47
[059/100] 06_to_09  L1=0.879  L1/zero=0.83  cos=0.64  k=0.47
[060/100] 06_to_10  L1=1.206  L1/zero=0.85  cos=0.57  k=0.37
[060/100] 06_to_10  L1=1.206  L1/zero=0.85  cos=0.57  k=0.37
[061/100] 07_to_01  L1=1.402  L1/zero=0.95  cos=0.24  k=0.20
[061/100] 07_to_01  L1=1.402  L1/zero=0.95  cos=0.24  k=0.20
[062/100] 07_to_02  L1=1.457  L1/zero=0.99  cos=0.02  k=0.09
[062/100] 07_to_02  L1=1.457  L1/zero=0.99  cos=0.02  k=0.09
[063/100] 07_to_03  L1=1.059  L1/zero=1.00  cos=0.04  k=0.07
[063/100] 07_to_03  L1=1.059  L1/zero=1.00  cos=0.04  k=0.07
[064/100] 07_to_04  L1=0.591  L1/zero=0.98  cos=0.20  k=0.11
[064/100] 07_to_04  L1=0.591  L1/zero=0.98  cos=0.20  k=0.11
[065/100] 07_to_05  L1=0.396  L1/zero=0.98  cos=0.19  k=0.17
[065/100] 07_to_05  L1=0.396  L1/zero=0.98  cos=0.19  k=0.17
[066/100] 07_to_06  L1=0.324  L1/zero=0.97  cos=0.26  k=0.21
[066/100] 07_to_06  L1=0.324  L1/zero=0.97  cos=0.26  k=0.21
[067/100] 07_to_07  L1=0.004  L1/zero=358901.99  cos=nan  k=nan
[067/100] 07_to_07  L1=0.004  L1/zero=358901.99  cos=nan  k=nan
[068/100] 07_to_08  L1=0.396  L1/zero=1.00  cos=0.01  k=0.10
[068/100] 07_to_08  L1=0.396  L1/zero=1.00  cos=0.01  k=0.10
[069/100] 07_to_09  L1=0.780  L1/zero=0.99  cos=-0.02  k=0.13
[069/100] 07_to_09  L1=0.780  L1/zero=0.99  cos=-0.02  k=0.13
[070/100] 07_to_10  L1=1.058  L1/zero=0.88  cos=0.46  k=0.30
[070/100] 07_to_10  L1=1.058  L1/zero=0.88  cos=0.46  k=0.30
[071/100] 08_to_01  L1=1.185  L1/zero=0.99  cos=0.02  k=0.13
[071/100] 08_to_01  L1=1.185  L1/zero=0.99  cos=0.02  k=0.13
[072/100] 08_to_02  L1=1.110  L1/zero=1.00  cos=-0.01  k=0.08
[072/100] 08_to_02  L1=1.110  L1/zero=1.00  cos=-0.01  k=0.08
[073/100] 08_to_03  L1=0.784  L1/zero=0.99  cos=0.12  k=0.08
[073/100] 08_to_03  L1=0.784  L1/zero=0.99  cos=0.12  k=0.08
[074/100] 08_to_04  L1=0.636  L1/zero=0.99  cos=0.11  k=0.12
[074/100] 08_to_04  L1=0.636  L1/zero=0.99  cos=0.11  k=0.12
[075/100] 08_to_05  L1=0.678  L1/zero=0.94  cos=0.45  k=0.29
[075/100] 08_to_05  L1=0.678  L1/zero=0.94  cos=0.45  k=0.29
[076/100] 08_to_06  L1=0.617  L1/zero=0.90  cos=0.51  k=0.34
[076/100] 08_to_06  L1=0.617  L1/zero=0.90  cos=0.51  k=0.34
[077/100] 08_to_07  L1=0.395  L1/zero=0.95  cos=0.39  k=0.19
[077/100] 08_to_07  L1=0.395  L1/zero=0.95  cos=0.39  k=0.19
[078/100] 08_to_08  L1=0.004  L1/zero=430996.02  cos=nan  k=nan
[078/100] 08_to_08  L1=0.004  L1/zero=430996.02  cos=nan  k=nan
[079/100] 08_to_09  L1=0.403  L1/zero=1.00  cos=-0.06  k=0.10
[079/100] 08_to_09  L1=0.403  L1/zero=1.00  cos=-0.06  k=0.10
[080/100] 08_to_10  L1=0.733  L1/zero=0.92  cos=0.46  k=0.23
[080/100] 08_to_10  L1=0.733  L1/zero=0.92  cos=0.46  k=0.23
[081/100] 09_to_01  L1=0.680  L1/zero=1.00  cos=0.03  k=0.19
[081/100] 09_to_01  L1=0.680  L1/zero=1.00  cos=0.03  k=0.19
[082/100] 09_to_02  L1=0.745  L1/zero=1.02  cos=-0.04  k=0.14
[082/100] 09_to_02  L1=0.745  L1/zero=1.02  cos=-0.04  k=0.14
[083/100] 09_to_03  L1=0.655  L1/zero=0.95  cos=0.24  k=0.27
[083/100] 09_to_03  L1=0.655  L1/zero=0.95  cos=0.24  k=0.27
[084/100] 09_to_04  L1=0.718  L1/zero=0.91  cos=0.50  k=0.35
[084/100] 09_to_04  L1=0.718  L1/zero=0.91  cos=0.50  k=0.35
[085/100] 09_to_05  L1=0.894  L1/zero=0.85  cos=0.63  k=0.42
[085/100] 09_to_05  L1=0.894  L1/zero=0.85  cos=0.63  k=0.42
[086/100] 09_to_06  L1=0.890  L1/zero=0.81  cos=0.63  k=0.47
[086/100] 09_to_06  L1=0.890  L1/zero=0.81  cos=0.63  k=0.47
[087/100] 09_to_07  L1=0.758  L1/zero=0.94  cos=0.30  k=0.20
[087/100] 09_to_07  L1=0.758  L1/zero=0.94  cos=0.30  k=0.20
[088/100] 09_to_08  L1=0.402  L1/zero=1.00  cos=-0.04  k=0.19
[088/100] 09_to_08  L1=0.402  L1/zero=1.00  cos=-0.04  k=0.19
[089/100] 09_to_09  L1=0.006  L1/zero=622607.40  cos=nan  k=nan
[089/100] 09_to_09  L1=0.006  L1/zero=622607.40  cos=nan  k=nan
[090/100] 09_to_10  L1=0.306  L1/zero=0.85  cos=0.54  k=0.51
[090/100] 09_to_10  L1=0.306  L1/zero=0.85  cos=0.54  k=0.51
[091/100] 10_to_01  L1=0.303  L1/zero=1.01  cos=-0.17  k=0.07
[091/100] 10_to_01  L1=0.303  L1/zero=1.01  cos=-0.17  k=0.07
[092/100] 10_to_02  L1=0.456  L1/zero=1.02  cos=-0.07  k=0.23
[092/100] 10_to_02  L1=0.456  L1/zero=1.02  cos=-0.07  k=0.23
[093/100] 10_to_03  L1=0.634  L1/zero=0.96  cos=0.31  k=0.47
[093/100] 10_to_03  L1=0.634  L1/zero=0.96  cos=0.31  k=0.47
[094/100] 10_to_04  L1=0.835  L1/zero=0.88  cos=0.55  k=0.43
[094/100] 10_to_04  L1=0.835  L1/zero=0.88  cos=0.55  k=0.43
[095/100] 10_to_05  L1=1.092  L1/zero=0.80  cos=0.65  k=0.49
[095/100] 10_to_05  L1=1.092  L1/zero=0.80  cos=0.65  k=0.49
[096/100] 10_to_06  L1=1.181  L1/zero=0.80  cos=0.61  k=0.50
[096/100] 10_to_06  L1=1.181  L1/zero=0.80  cos=0.61  k=0.50
[097/100] 10_to_07  L1=1.074  L1/zero=0.88  cos=0.45  k=0.32
[097/100] 10_to_07  L1=1.074  L1/zero=0.88  cos=0.45  k=0.32
[098/100] 10_to_08  L1=0.798  L1/zero=0.98  cos=0.10  k=0.19
[098/100] 10_to_08  L1=0.798  L1/zero=0.98  cos=0.10  k=0.19
[099/100] 10_to_09  L1=0.333  L1/zero=0.88  cos=0.45  k=0.33
[099/100] 10_to_09  L1=0.333  L1/zero=0.88  cos=0.45  k=0.33
[100/100] 10_to_10  L1=0.001  L1/zero=148871.68  cos=nan  k=nan
[100/100] 10_to_10  L1=0.001  L1/zero=148871.68  cos=nan  k=nan

[encoder] Directed mean: L1=0.789  L1/zero=0.94  cos=0.32  k=0.26  beat_zero=82%

[encoder] Directed mean: L1=0.789  L1/zero=0.94  cos=0.32  k=0.26  beat_zero=82%
wrote /home/abhishek/Voxel_GAN/PopulationStudy/ClinicalExperiments/Experiment1/EncoderCRB/plots/qc_varian/P5/CV_P5_V_01 (100 pngs)
wrote /home/abhishek/Voxel_GAN/PopulationStudy/ClinicalExperiments/Experiment1/EncoderCRB/plots/qc_varian/P5/CV_P5_V_01 (100 pngs)
=== QC decoder CV_P5_V_01 Tue Aug 25 10:43:28 AM AEST 2026 ===
=== QC decoder CV_P5_V_01 Tue Aug 25 10:43:28 AM AEST 2026 ===
[decoder] scan=CV_P5_V_01 pairs=100 panels=100 ckpt=crb_dec_mse_full_spare_generator.pth out=/home/abhishek/Voxel_GAN/PopulationStudy/ClinicalExperiments/Experiment1/DecoderCRB/plots/qc_varian/P5/CV_P5_V_01
[decoder] scan=CV_P5_V_01 pairs=100 panels=100 ckpt=crb_dec_mse_full_spare_generator.pth out=/home/abhishek/Voxel_GAN/PopulationStudy/ClinicalExperiments/Experiment1/DecoderCRB/plots/qc_varian/P5/CV_P5_V_01
[001/100] 01_to_01  L1=0.007  L1/zero=720959.86  cos=nan  k=nan
[001/100] 01_to_01  L1=0.007  L1/zero=720959.86  cos=nan  k=nan
[002/100] 01_to_02  L1=0.281  L1/zero=0.99  cos=0.13  k=0.15
[002/100] 01_to_02  L1=0.281  L1/zero=0.99  cos=0.13  k=0.15
[003/100] 01_to_03  L1=0.641  L1/zero=0.97  cos=0.23  k=0.14
[003/100] 01_to_03  L1=0.641  L1/zero=0.97  cos=0.23  k=0.14
[004/100] 01_to_04  L1=1.063  L1/zero=0.98  cos=0.22  k=0.13
[004/100] 01_to_04  L1=1.063  L1/zero=0.98  cos=0.22  k=0.13
[005/100] 01_to_05  L1=1.552  L1/zero=0.99  cos=0.16  k=0.10
[005/100] 01_to_05  L1=1.552  L1/zero=0.99  cos=0.16  k=0.10
[006/100] 01_to_06  L1=1.715  L1/zero=0.99  cos=0.13  k=0.10
[006/100] 01_to_06  L1=1.715  L1/zero=0.99  cos=0.13  k=0.10
[007/100] 01_to_07  L1=1.488  L1/zero=0.99  cos=0.12  k=0.10
[007/100] 01_to_07  L1=1.488  L1/zero=0.99  cos=0.12  k=0.10
[008/100] 01_to_08  L1=1.195  L1/zero=1.01  cos=-0.09  k=0.09
[008/100] 01_to_08  L1=1.195  L1/zero=1.01  cos=-0.09  k=0.09
[009/100] 01_to_09  L1=0.723  L1/zero=1.01  cos=-0.13  k=0.10
[009/100] 01_to_09  L1=0.723  L1/zero=1.01  cos=-0.13  k=0.10
[010/100] 01_to_10  L1=0.288  L1/zero=1.00  cos=0.05  k=0.07
[010/100] 01_to_10  L1=0.288  L1/zero=1.00  cos=0.05  k=0.07
[011/100] 02_to_01  L1=0.267  L1/zero=0.94  cos=0.38  k=0.21
[011/100] 02_to_01  L1=0.267  L1/zero=0.94  cos=0.38  k=0.21
[012/100] 02_to_02  L1=0.006  L1/zero=562524.61  cos=nan  k=nan
[012/100] 02_to_02  L1=0.006  L1/zero=562524.61  cos=nan  k=nan
[013/100] 02_to_03  L1=0.403  L1/zero=0.97  cos=0.29  k=0.13
[013/100] 02_to_03  L1=0.403  L1/zero=0.97  cos=0.29  k=0.13
[014/100] 02_to_04  L1=0.918  L1/zero=0.98  cos=0.21  k=0.13
[014/100] 02_to_04  L1=0.918  L1/zero=0.98  cos=0.21  k=0.13
[015/100] 02_to_05  L1=1.410  L1/zero=0.98  cos=0.17  k=0.11
[015/100] 02_to_05  L1=1.410  L1/zero=0.98  cos=0.17  k=0.11
[016/100] 02_to_06  L1=1.633  L1/zero=0.99  cos=0.08  k=0.10
[016/100] 02_to_06  L1=1.633  L1/zero=0.99  cos=0.08  k=0.10
[017/100] 02_to_07  L1=1.474  L1/zero=0.99  cos=0.07  k=0.09
[017/100] 02_to_07  L1=1.474  L1/zero=0.99  cos=0.07  k=0.09
[018/100] 02_to_08  L1=1.181  L1/zero=1.00  cos=-0.02  k=0.08
[018/100] 02_to_08  L1=1.181  L1/zero=1.00  cos=-0.02  k=0.08
[019/100] 02_to_09  L1=0.815  L1/zero=1.02  cos=-0.02  k=0.09
[019/100] 02_to_09  L1=0.815  L1/zero=1.02  cos=-0.02  k=0.09
[020/100] 02_to_10  L1=0.465  L1/zero=0.97  cos=0.20  k=0.13
[020/100] 02_to_10  L1=0.465  L1/zero=0.97  cos=0.20  k=0.13
[021/100] 03_to_01  L1=0.652  L1/zero=0.97  cos=0.33  k=0.10
[021/100] 03_to_01  L1=0.652  L1/zero=0.97  cos=0.33  k=0.10
[022/100] 03_to_02  L1=0.409  L1/zero=1.00  cos=0.07  k=0.06
[022/100] 03_to_02  L1=0.409  L1/zero=1.00  cos=0.07  k=0.06
[023/100] 03_to_03  L1=0.006  L1/zero=612966.53  cos=nan  k=nan
[023/100] 03_to_03  L1=0.006  L1/zero=612966.53  cos=nan  k=nan
[024/100] 03_to_04  L1=0.480  L1/zero=1.00  cos=0.02  k=0.04
[024/100] 03_to_04  L1=0.480  L1/zero=1.00  cos=0.02  k=0.04
[025/100] 03_to_05  L1=1.043  L1/zero=1.01  cos=-0.17  k=0.05
[025/100] 03_to_05  L1=1.043  L1/zero=1.01  cos=-0.17  k=0.05
[026/100] 03_to_06  L1=1.284  L1/zero=1.01  cos=-0.16  k=0.06
[026/100] 03_to_06  L1=1.284  L1/zero=1.01  cos=-0.16  k=0.06
[027/100] 03_to_07  L1=1.169  L1/zero=1.01  cos=-0.13  k=0.06
[027/100] 03_to_07  L1=1.169  L1/zero=1.01  cos=-0.13  k=0.06
[028/100] 03_to_08  L1=0.861  L1/zero=1.03  cos=-0.25  k=0.09
[028/100] 03_to_08  L1=0.861  L1/zero=1.03  cos=-0.25  k=0.09
[029/100] 03_to_09  L1=0.725  L1/zero=0.99  cos=0.04  k=0.15
[029/100] 03_to_09  L1=0.725  L1/zero=0.99  cos=0.04  k=0.15
[030/100] 03_to_10  L1=0.661  L1/zero=0.94  cos=0.37  k=0.21
[030/100] 03_to_10  L1=0.661  L1/zero=0.94  cos=0.37  k=0.21
[031/100] 04_to_01  L1=1.101  L1/zero=0.97  cos=0.33  k=0.21
[031/100] 04_to_01  L1=1.101  L1/zero=0.97  cos=0.33  k=0.21
[032/100] 04_to_02  L1=0.918  L1/zero=0.98  cos=0.22  k=0.13
[032/100] 04_to_02  L1=0.918  L1/zero=0.98  cos=0.22  k=0.13
[033/100] 04_to_03  L1=0.458  L1/zero=1.00  cos=0.05  k=0.10
[033/100] 04_to_03  L1=0.458  L1/zero=1.00  cos=0.05  k=0.10
[034/100] 04_to_04  L1=0.006  L1/zero=635005.21  cos=nan  k=nan
[034/100] 04_to_04  L1=0.006  L1/zero=635005.21  cos=nan  k=nan
[035/100] 04_to_05  L1=0.404  L1/zero=1.00  cos=-0.03  k=0.06
[035/100] 04_to_05  L1=0.404  L1/zero=1.00  cos=-0.03  k=0.06
[036/100] 04_to_06  L1=0.651  L1/zero=0.99  cos=0.15  k=0.08
[036/100] 04_to_06  L1=0.651  L1/zero=0.99  cos=0.15  k=0.08
[037/100] 04_to_07  L1=0.664  L1/zero=1.01  cos=-0.04  k=0.10
[037/100] 04_to_07  L1=0.664  L1/zero=1.01  cos=-0.04  k=0.10
[038/100] 04_to_08  L1=0.655  L1/zero=1.00  cos=0.09  k=0.24
[038/100] 04_to_08  L1=0.655  L1/zero=1.00  cos=0.09  k=0.24
[039/100] 04_to_09  L1=0.713  L1/zero=0.95  cos=0.30  k=0.30
[039/100] 04_to_09  L1=0.713  L1/zero=0.95  cos=0.30  k=0.30
[040/100] 04_to_10  L1=0.906  L1/zero=0.95  cos=0.38  k=0.25
[040/100] 04_to_10  L1=0.906  L1/zero=0.95  cos=0.38  k=0.25
[041/100] 05_to_01  L1=1.519  L1/zero=0.98  cos=0.30  k=0.14
[041/100] 05_to_01  L1=1.519  L1/zero=0.98  cos=0.30  k=0.14
[042/100] 05_to_02  L1=1.344  L1/zero=0.99  cos=0.20  k=0.10
[042/100] 05_to_02  L1=1.344  L1/zero=0.99  cos=0.20  k=0.10
[043/100] 05_to_03  L1=0.951  L1/zero=1.00  cos=0.05  k=0.07
[043/100] 05_to_03  L1=0.951  L1/zero=1.00  cos=0.05  k=0.07
[044/100] 05_to_04  L1=0.378  L1/zero=0.99  cos=0.24  k=0.09
[044/100] 05_to_04  L1=0.378  L1/zero=0.99  cos=0.24  k=0.09
[045/100] 05_to_05  L1=0.005  L1/zero=475490.98  cos=nan  k=nan
[045/100] 05_to_05  L1=0.005  L1/zero=475490.98  cos=nan  k=nan
[046/100] 05_to_06  L1=0.234  L1/zero=1.00  cos=0.02  k=0.05
[046/100] 05_to_06  L1=0.234  L1/zero=1.00  cos=0.02  k=0.05
[047/100] 05_to_07  L1=0.396  L1/zero=0.99  cos=0.07  k=0.11
[047/100] 05_to_07  L1=0.396  L1/zero=0.99  cos=0.07  k=0.11
[048/100] 05_to_08  L1=0.634  L1/zero=0.95  cos=0.32  k=0.18
[048/100] 05_to_08  L1=0.634  L1/zero=0.95  cos=0.32  k=0.18
[049/100] 05_to_09  L1=0.921  L1/zero=0.92  cos=0.47  k=0.19
[049/100] 05_to_09  L1=0.921  L1/zero=0.92  cos=0.47  k=0.19
[050/100] 05_to_10  L1=1.275  L1/zero=0.95  cos=0.44  k=0.16
[050/100] 05_to_10  L1=1.275  L1/zero=0.95  cos=0.44  k=0.16
[051/100] 06_to_01  L1=1.633  L1/zero=0.98  cos=0.28  k=0.14
[051/100] 06_to_01  L1=1.633  L1/zero=0.98  cos=0.28  k=0.14
[052/100] 06_to_02  L1=1.585  L1/zero=1.00  cos=0.15  k=0.11
[052/100] 06_to_02  L1=1.585  L1/zero=1.00  cos=0.15  k=0.11
[053/100] 06_to_03  L1=1.168  L1/zero=1.00  cos=0.02  k=0.10
[053/100] 06_to_03  L1=1.168  L1/zero=1.00  cos=0.02  k=0.10
[054/100] 06_to_04  L1=0.609  L1/zero=1.00  cos=0.12  k=0.13
[054/100] 06_to_04  L1=0.609  L1/zero=1.00  cos=0.12  k=0.13
[055/100] 06_to_05  L1=0.261  L1/zero=0.99  cos=0.13  k=0.12
[055/100] 06_to_05  L1=0.261  L1/zero=0.99  cos=0.13  k=0.12
[056/100] 06_to_06  L1=0.006  L1/zero=611910.46  cos=nan  k=nan
[056/100] 06_to_06  L1=0.006  L1/zero=611910.46  cos=nan  k=nan
[057/100] 06_to_07  L1=0.323  L1/zero=0.96  cos=0.28  k=0.13
[057/100] 06_to_07  L1=0.323  L1/zero=0.96  cos=0.28  k=0.13
[058/100] 06_to_08  L1=0.619  L1/zero=0.94  cos=0.36  k=0.20
[058/100] 06_to_08  L1=0.619  L1/zero=0.94  cos=0.36  k=0.20
[059/100] 06_to_09  L1=0.985  L1/zero=0.93  cos=0.41  k=0.19
[059/100] 06_to_09  L1=0.985  L1/zero=0.93  cos=0.41  k=0.19
[060/100] 06_to_10  L1=1.379  L1/zero=0.97  cos=0.33  k=0.16
[060/100] 06_to_10  L1=1.379  L1/zero=0.97  cos=0.33  k=0.16
[061/100] 07_to_01  L1=1.448  L1/zero=0.98  cos=0.18  k=0.18
[061/100] 07_to_01  L1=1.448  L1/zero=0.98  cos=0.18  k=0.18
[062/100] 07_to_02  L1=1.484  L1/zero=1.01  cos=-0.07  k=0.09
[062/100] 07_to_02  L1=1.484  L1/zero=1.01  cos=-0.07  k=0.09
[063/100] 07_to_03  L1=1.063  L1/zero=1.00  cos=-0.08  k=0.07
[063/100] 07_to_03  L1=1.063  L1/zero=1.00  cos=-0.08  k=0.07
[064/100] 07_to_04  L1=0.616  L1/zero=1.02  cos=-0.16  k=0.07
[064/100] 07_to_04  L1=0.616  L1/zero=1.02  cos=-0.16  k=0.07
[065/100] 07_to_05  L1=0.422  L1/zero=1.05  cos=-0.29  k=0.13
[065/100] 07_to_05  L1=0.422  L1/zero=1.05  cos=-0.29  k=0.13
[066/100] 07_to_06  L1=0.352  L1/zero=1.05  cos=-0.26  k=0.16
[066/100] 07_to_06  L1=0.352  L1/zero=1.05  cos=-0.26  k=0.16
[067/100] 07_to_07  L1=0.006  L1/zero=608661.35  cos=nan  k=nan
[067/100] 07_to_07  L1=0.006  L1/zero=608661.35  cos=nan  k=nan
[068/100] 07_to_08  L1=0.382  L1/zero=0.96  cos=0.24  k=0.18
[068/100] 07_to_08  L1=0.382  L1/zero=0.96  cos=0.24  k=0.18
[069/100] 07_to_09  L1=0.734  L1/zero=0.93  cos=0.34  k=0.24
[069/100] 07_to_09  L1=0.734  L1/zero=0.93  cos=0.34  k=0.24
[070/100] 07_to_10  L1=1.139  L1/zero=0.95  cos=0.36  k=0.22
[070/100] 07_to_10  L1=1.139  L1/zero=0.95  cos=0.36  k=0.22
[071/100] 08_to_01  L1=1.199  L1/zero=1.01  cos=-0.04  k=0.09
[071/100] 08_to_01  L1=1.199  L1/zero=1.01  cos=-0.04  k=0.09
[072/100] 08_to_02  L1=1.142  L1/zero=1.03  cos=-0.29  k=0.08
[072/100] 08_to_02  L1=1.142  L1/zero=1.03  cos=-0.29  k=0.08
[073/100] 08_to_03  L1=0.817  L1/zero=1.04  cos=-0.19  k=0.10
[073/100] 08_to_03  L1=0.817  L1/zero=1.04  cos=-0.19  k=0.10
[074/100] 08_to_04  L1=0.661  L1/zero=1.03  cos=-0.07  k=0.18
[074/100] 08_to_04  L1=0.661  L1/zero=1.03  cos=-0.07  k=0.18
[075/100] 08_to_05  L1=0.744  L1/zero=1.03  cos=0.02  k=0.21
[075/100] 08_to_05  L1=0.744  L1/zero=1.03  cos=0.02  k=0.21
[076/100] 08_to_06  L1=0.692  L1/zero=1.01  cos=0.12  k=0.23
[076/100] 08_to_06  L1=0.692  L1/zero=1.01  cos=0.12  k=0.23
[077/100] 08_to_07  L1=0.414  L1/zero=0.99  cos=0.08  k=0.16
[077/100] 08_to_07  L1=0.414  L1/zero=0.99  cos=0.08  k=0.16
[078/100] 08_to_08  L1=0.008  L1/zero=816786.20  cos=nan  k=nan
[078/100] 08_to_08  L1=0.008  L1/zero=816786.20  cos=nan  k=nan
[079/100] 08_to_09  L1=0.388  L1/zero=0.96  cos=0.25  k=0.16
[079/100] 08_to_09  L1=0.388  L1/zero=0.96  cos=0.25  k=0.16
[080/100] 08_to_10  L1=0.789  L1/zero=0.99  cos=0.13  k=0.15
[080/100] 08_to_10  L1=0.789  L1/zero=0.99  cos=0.13  k=0.15
[081/100] 09_to_01  L1=0.695  L1/zero=1.03  cos=-0.35  k=0.07
[081/100] 09_to_01  L1=0.695  L1/zero=1.03  cos=-0.35  k=0.07
[082/100] 09_to_02  L1=0.778  L1/zero=1.06  cos=-0.45  k=0.11
[082/100] 09_to_02  L1=0.778  L1/zero=1.06  cos=-0.45  k=0.11
[083/100] 09_to_03  L1=0.692  L1/zero=1.01  cos=-0.16  k=0.11
[083/100] 09_to_03  L1=0.692  L1/zero=1.01  cos=-0.16  k=0.11
[084/100] 09_to_04  L1=0.786  L1/zero=1.00  cos=0.13  k=0.10
[084/100] 09_to_04  L1=0.786  L1/zero=1.00  cos=0.13  k=0.10
[085/100] 09_to_05  L1=1.050  L1/zero=0.99  cos=0.10  k=0.09
[085/100] 09_to_05  L1=1.050  L1/zero=0.99  cos=0.10  k=0.09
[086/100] 09_to_06  L1=1.096  L1/zero=0.99  cos=0.05  k=0.10
[086/100] 09_to_06  L1=1.096  L1/zero=0.99  cos=0.05  k=0.10
[087/100] 09_to_07  L1=0.805  L1/zero=0.99  cos=0.01  k=0.08
[087/100] 09_to_07  L1=0.805  L1/zero=0.99  cos=0.01  k=0.08
[088/100] 09_to_08  L1=0.418  L1/zero=1.04  cos=-0.35  k=0.10
[088/100] 09_to_08  L1=0.418  L1/zero=1.04  cos=-0.35  k=0.10
[089/100] 09_to_09  L1=0.006  L1/zero=622828.77  cos=nan  k=nan
[089/100] 09_to_09  L1=0.006  L1/zero=622828.77  cos=nan  k=nan
[090/100] 09_to_10  L1=0.376  L1/zero=1.04  cos=-0.35  k=0.11
[090/100] 09_to_10  L1=0.376  L1/zero=1.04  cos=-0.35  k=0.11
[091/100] 10_to_01  L1=0.311  L1/zero=1.04  cos=-0.37  k=0.10
[091/100] 10_to_01  L1=0.311  L1/zero=1.04  cos=-0.37  k=0.10
[092/100] 10_to_02  L1=0.448  L1/zero=1.00  cos=-0.09  k=0.15
[092/100] 10_to_02  L1=0.448  L1/zero=1.00  cos=-0.09  k=0.15
[093/100] 10_to_03  L1=0.665  L1/zero=1.01  cos=0.10  k=0.14
[093/100] 10_to_03  L1=0.665  L1/zero=1.01  cos=0.10  k=0.14
[094/100] 10_to_04  L1=0.942  L1/zero=0.99  cos=0.12  k=0.12
[094/100] 10_to_04  L1=0.942  L1/zero=0.99  cos=0.12  k=0.12
[095/100] 10_to_05  L1=1.361  L1/zero=1.00  cos=-0.01  k=0.10
[095/100] 10_to_05  L1=1.361  L1/zero=1.00  cos=-0.01  k=0.10
[096/100] 10_to_06  L1=1.486  L1/zero=1.01  cos=-0.09  k=0.11
[096/100] 10_to_06  L1=1.486  L1/zero=1.01  cos=-0.09  k=0.11
[097/100] 10_to_07  L1=1.235  L1/zero=1.02  cos=-0.20  k=0.11
[097/100] 10_to_07  L1=1.235  L1/zero=1.02  cos=-0.20  k=0.11
[098/100] 10_to_08  L1=0.840  L1/zero=1.03  cos=-0.26  k=0.12
[098/100] 10_to_08  L1=0.840  L1/zero=1.03  cos=-0.26  k=0.12
[099/100] 10_to_09  L1=0.396  L1/zero=1.05  cos=-0.31  k=0.14
[099/100] 10_to_09  L1=0.396  L1/zero=1.05  cos=-0.31  k=0.14
[100/100] 10_to_10  L1=0.005  L1/zero=533834.94  cos=nan  k=nan
[100/100] 10_to_10  L1=0.005  L1/zero=533834.94  cos=nan  k=nan

[decoder] Directed mean: L1=0.848  L1/zero=0.99  cos=0.06  k=0.13  beat_zero=61%

[decoder] Directed mean: L1=0.848  L1/zero=0.99  cos=0.06  k=0.13  beat_zero=61%
wrote /home/abhishek/Voxel_GAN/PopulationStudy/ClinicalExperiments/Experiment1/DecoderCRB/plots/qc_varian/P5/CV_P5_V_01 (100 pngs)
wrote /home/abhishek/Voxel_GAN/PopulationStudy/ClinicalExperiments/Experiment1/DecoderCRB/plots/qc_varian/P5/CV_P5_V_01 (100 pngs)
/home/abhishek/Documents/LEARN-GUI/LEARN-GUI-Python/.venv/bin/python: can't open file '/home/abhishek/Voxel_GAN/PopulationStudy/ClinicalExperiments/scripts/qc_varian.py': [Errno 2] No such file or directory
/home/abhishek/Documents/LEARN-GUI/LEARN-GUI-Python/.venv/bin/python: can't open file '/home/abhishek/Voxel_GAN/PopulationStudy/ClinicalExperiments/scripts/qc_varian.py': [Errno 2] No such file or directory
